{
"type": "FeatureCollection",
                                                                                
"features": [
{ "type": "Feature", "properties": { "CVEGEO": "13012", "NOM_ENT": "Hidalgo", "NOMBRE": "Atotonilco el Grande", "POB1": 26940, "POB2": 1511, "POB2_R": 5.6, "POB3": 2616, "POB3_R": 9.7, "POB4": 1621, "POB4_R": 6.0, "POB5": 3189, "POB5_R": 11.8, "POB6": 3775, "POB6_R": 14.0, "POB7": 1687, "POB7_R": 6.3, "POB8": 8008, "POB8_R": 29.7, "POB9": 1782, "POB9_R": 6.6, "POB10": 5067, "POB10_R": 18.8, "POB11": 6964, "POB11_R": 25.9, "POB12": 16763, "POB12_R": 62.2, "POB13": 3285, "POB13_R": 12.2, "POB14": 6769, "POB14_R": 25.1, "POB15": 2184, "POB15_R": 8.1, "POB16": 846, "POB16_R": 3.1, "POB17": 25371, "POB17_R": 94.2, "POB18": 24266, "POB18_R": 90.1, "POB19": 20561, "POB19_R": 76.3, "POB20": 18874, "POB20_R": 70.1, "POB21": 17092, "POB21_R": 63.4, "POB22": 13807, "POB22_R": 51.3, "POB23": 2957, "POB23_R": 11.0, "POB24": 2111, "POB24_R": 7.8, "POB25": 1458, "POB25_R": 5.4, "POB26_R": 90.2, "POB27_R": 60.4, "POB28_R": 47.8, "POB29_R": 12.6, "POB30_R": 25.0, "POB31": 14164, "POB31_R": 52.6, "POB32": 718, "POB32_R": 5.1, "POB33": 1232, "POB33_R": 8.7, "POB34": 756, "POB34_R": 5.3, "POB35": 1579, "POB35_R": 11.1, "POB36": 1886, "POB36_R": 13.3, "POB37": 860, "POB37_R": 6.1, "POB38": 3913, "POB38_R": 27.6, "POB39": 870, "POB39_R": 6.1, "POB40": 2722, "POB40_R": 19.2, "POB41": 3821, "POB41_R": 27.0, "POB42": 7468, "POB42_R": 52.7, "POB43": 9033, "POB43_R": 63.8, "POB44": 1852, "POB44_R": 13.1, "POB45": 3647, "POB45_R": 25.7, "POB46": 1128, "POB46_R": 8.0, "POB47": 437, "POB47_R": 3.1, "POB48": 13416, "POB48_R": 94.7, "POB49": 12902, "POB49_R": 91.1, "POB50": 11081, "POB50_R": 78.2, "POB51": 10221, "POB51_R": 72.2, "POB52": 9351, "POB52_R": 66.0, "POB53": 7499, "POB53_R": 52.9, "POB54": 1625, "POB54_R": 11.5, "POB55": 1188, "POB55_R": 8.4, "POB56": 821, "POB56_R": 5.8, "POB57": 12776, "POB57_R": 47.4, "POB58": 793, "POB58_R": 6.2, "POB59": 1384, "POB59_R": 10.8, "POB60": 865, "POB60_R": 6.8, "POB61": 1610, "POB61_R": 12.6, "POB62": 1889, "POB62_R": 14.8, "POB63": 827, "POB63_R": 6.5, "POB64": 4095, "POB64_R": 32.1, "POB65": 912, "POB65_R": 7.1, "POB66": 2345, "POB66_R": 18.4, "POB67": 3143, "POB67_R": 24.6, "POB68": 7730, "POB68_R": 60.5, "POB69": 1433, "POB69_R": 11.2, "POB70": 3122, "POB70_R": 24.4, "POB71": 1056, "POB71_R": 8.3, "POB72": 409, "POB72_R": 3.2, "POB73": 11955, "POB73_R": 93.6, "POB74": 11364, "POB74_R": 88.9, "POB75": 9480, "POB75_R": 74.2, "POB76": 8653, "POB76_R": 67.7, "POB77": 7741, "POB77_R": 60.6, "POB78": 6308, "POB78_R": 49.4, "POB79": 1332, "POB79_R": 10.4, "POB80": 923, "POB80_R": 7.2, "POB81": 637, "POB81_R": 5.0, "OID": 12 }, "geometry": { "type": "Polygon", "coordinates": [ [ [ -98.717296333825402, 20.448092628984796 ], [ -98.716309394204345, 20.447589261182703 ], [ -98.716207663948978, 20.447772985037506 ], [ -98.716161743373064, 20.447751692125156 ], [ -98.713815410236933, 20.447390777067362 ], [ -98.710618877786729, 20.44721657305881 ], [ -98.710458624026103, 20.447083614165035 ], [ -98.707688181599465, 20.445464515631091 ], [ -98.707207498309629, 20.446591091348253 ], [ -98.706846252207541, 20.446688463899807 ], [ -98.706855971625558, 20.446824866547701 ], [ -98.706818656215063, 20.446827304551284 ], [ -98.706139492850994, 20.446784420497906 ], [ -98.706022087586263, 20.446777007204631 ], [ -98.705729674890861, 20.446739723271126 ], [ -98.705532559375811, 20.446714589819862 ], [ -98.705112011961887, 20.446641333188289 ], [ -98.705125149071421, 20.446562302987402 ], [ -98.70500904872425, 20.446623398844356 ], [ -98.704544793729994, 20.446541457927545 ], [ -98.701703384633873, 20.446262294691966 ], [ -98.700653515134405, 20.446323578070061 ], [ -98.698467405661106, 20.446478132297727 ], [ -98.69757957389325, 20.445037066150487 ], [ -98.697195834896917, 20.443758808277028 ], [ -98.696000148174861, 20.441921456480024 ], [ -98.69475470722557, 20.439989891705885 ], [ -98.693788237294314, 20.439017290035459 ], [ -98.693456740102761, 20.440580159612292 ], [ -98.693492791019324, 20.441433855766544 ], [ -98.693115252681366, 20.441468760348744 ], [ -98.692870571134847, 20.441130431829187 ], [ -98.692626277620661, 20.440596480366537 ], [ -98.691946036687767, 20.438520683259018 ], [ -98.690471194566655, 20.435791072014506 ], [ -98.690368510765325, 20.435236655856013 ], [ -98.689414539261264, 20.433205158190304 ], [ -98.68931863838877, 20.432652871146139 ], [ -98.689548310176519, 20.432260038499088 ], [ -98.690125703188826, 20.431952794057683 ], [ -98.690255676157804, 20.431624002700527 ], [ -98.690217737218703, 20.431197428907641 ], [ -98.690076368437744, 20.430758481230129 ], [ -98.689408989899022, 20.429702214127296 ], [ -98.687323143233641, 20.432493949756026 ], [ -98.687171415431308, 20.432522436861113 ], [ -98.685401523888487, 20.432735442690451 ], [ -98.685358177718314, 20.433407536815693 ], [ -98.685299111942101, 20.434023598150571 ], [ -98.685005159193977, 20.435006879354855 ], [ -98.684654334230416, 20.435523886897244 ], [ -98.68434573409445, 20.436142311912743 ], [ -98.684042443474922, 20.436950753662046 ], [ -98.683951115389519, 20.437619213214369 ], [ -98.683943367722165, 20.438554868333057 ], [ -98.684037169037481, 20.439538947189693 ], [ -98.683860126612274, 20.440473896209774 ], [ -98.683519599632632, 20.440873410955081 ], [ -98.683077264921209, 20.441216721662521 ], [ -98.681233301332938, 20.442263221206495 ], [ -98.679794288258705, 20.44290235550606 ], [ -98.67893167423172, 20.443717801344174 ], [ -98.677149168846569, 20.444752031206541 ], [ -98.676330181002214, 20.44517179478882 ], [ -98.675029408683244, 20.445448911020829 ], [ -98.673914494403576, 20.445649612680114 ], [ -98.673522434541326, 20.445594796344942 ], [ -98.673169523394407, 20.445373006570627 ], [ -98.672345109235323, 20.445107629465269 ], [ -98.671019238376601, 20.444950762747698 ], [ -98.670414490258068, 20.444821165731465 ], [ -98.66964577920929, 20.444798383503393 ], [ -98.669086482524605, 20.445053455552273 ], [ -98.668687587565771, 20.4450183743126 ], [ -98.668173664530073, 20.444782010740198 ], [ -98.667922512328701, 20.44472892869571 ], [ -98.667671840610581, 20.44462576255291 ], [ -98.667435379229715, 20.444412107134504 ], [ -98.667402026487636, 20.444319007688865 ], [ -98.667139107750671, 20.443624486099235 ], [ -98.666889594382354, 20.443167319469808 ], [ -98.666728218733766, 20.442886389055303 ], [ -98.666376767543056, 20.442807395965421 ], [ -98.666212853906686, 20.44262942072886 ], [ -98.666073395862327, 20.442483742089237 ], [ -98.665898326925841, 20.442350391071159 ], [ -98.665682490715412, 20.442062623682698 ], [ -98.665358993544672, 20.44151510237603 ], [ -98.665192355679679, 20.44122742768662 ], [ -98.665173400185907, 20.440893690863451 ], [ -98.665086032960616, 20.4406134906034 ], [ -98.665051214091633, 20.440436533602782 ], [ -98.664910553039675, 20.440364400342851 ], [ -98.664687668494352, 20.440330804774966 ], [ -98.664570405959182, 20.440291882941573 ], [ -98.664464987816913, 20.440203235520276 ], [ -98.664318808069225, 20.439970785358025 ], [ -98.664135209700902, 20.43974485696139 ], [ -98.664066856623052, 20.439667258203638 ], [ -98.663970970803717, 20.439647705818668 ], [ -98.663813387738927, 20.439640946283294 ], [ -98.663642213092388, 20.439582515405512 ], [ -98.663560212712682, 20.439479066642491 ], [ -98.66353311383314, 20.439336991297132 ], [ -98.663595078565507, 20.439201542877051 ], [ -98.663800723505915, 20.439163206889859 ], [ -98.663930980592582, 20.439131180297814 ], [ -98.663965550319716, 20.438989223714358 ], [ -98.664014088999906, 20.438724638070656 ], [ -98.663996701062331, 20.438654588547273 ], [ -98.663876408909246, 20.438568087485208 ], [ -98.663760847626946, 20.438522462316374 ], [ -98.663582529351203, 20.43852665776641 ], [ -98.663389771076638, 20.438521744310481 ], [ -98.66321643964551, 20.438448762340386 ], [ -98.663072172095355, 20.43830773282118 ], [ -98.662899069264824, 20.438130322139003 ], [ -98.662639062244821, 20.438025390104649 ], [ -98.662499297734712, 20.438029658993312 ], [ -98.662364579237462, 20.437929508946354 ], [ -98.662302775057498, 20.437778373594124 ], [ -98.65741899502153, 20.439493723957668 ], [ -98.656944631697826, 20.438649267153895 ], [ -98.656811793685392, 20.437518494828691 ], [ -98.656481744799521, 20.436670866471854 ], [ -98.656251588038771, 20.43612153959057 ], [ -98.655954957071529, 20.435541312903119 ], [ -98.65564344593308, 20.434908919485725 ], [ -98.655395712560548, 20.434328041781164 ], [ -98.655397198161666, 20.433661215102408 ], [ -98.655700077484809, 20.433019682089455 ], [ -98.655923299607807, 20.432687198547129 ], [ -98.656199687016979, 20.432316795003565 ], [ -98.656751140521152, 20.431873329107116 ], [ -98.657459021313585, 20.431812979680938 ], [ -98.657577277815506, 20.431677378021035 ], [ -98.65709746294452, 20.431164001216047 ], [ -98.656809443794941, 20.431196915996814 ], [ -98.656540836153553, 20.431181922979334 ], [ -98.656364673406031, 20.431015245845074 ], [ -98.656322958741654, 20.430736602709036 ], [ -98.656017471301297, 20.4305919343421 ], [ -98.655567683154558, 20.43039895755285 ], [ -98.654837644638548, 20.430173410191944 ], [ -98.653919848801564, 20.430033700712073 ], [ -98.653328811944021, 20.42996289623283 ], [ -98.652886555435785, 20.430391775740102 ], [ -98.652439792476244, 20.430596133654401 ], [ -98.65215828661286, 20.430555521845797 ], [ -98.652009687583387, 20.430480134237776 ], [ -98.651818900268267, 20.430264493028133 ], [ -98.651248045771212, 20.429686761155246 ], [ -98.650927133634852, 20.429323597334928 ], [ -98.650607723483148, 20.429253528056115 ], [ -98.650288679150975, 20.429021457606318 ], [ -98.650019582048344, 20.428442337933561 ], [ -98.649577369927528, 20.428325734821119 ], [ -98.649086046540518, 20.428185889133331 ], [ -98.648815804136959, 20.428115915836621 ], [ -98.648300111358949, 20.427883444065898 ], [ -98.647505913524682, 20.427529077254359 ], [ -98.64704501690251, 20.427207229915247 ], [ -98.6466232915201, 20.426508992144015 ], [ -98.646361248727459, 20.425859928205124 ], [ -98.64592512233736, 20.425572205832708 ], [ -98.645210621225374, 20.425470983264191 ], [ -98.644364015798828, 20.425532389185179 ], [ -98.643381824123125, 20.425067521597008 ], [ -98.642841832999068, 20.424719269650598 ], [ -98.642374736089721, 20.424741455263227 ], [ -98.641834804136565, 20.424370058330506 ], [ -98.641391966932616, 20.424531150250623 ], [ -98.641368403318779, 20.424091382630923 ], [ -98.641326148486911, 20.423939831459638 ], [ -98.640381868121992, 20.423529521943255 ], [ -98.639447433159376, 20.422948611450277 ], [ -98.638351338310429, 20.422330312160195 ], [ -98.638004105382578, 20.422227233215597 ], [ -98.637180755165701, 20.421847978956929 ], [ -98.636827952853693, 20.421668780309108 ], [ -98.63675783877305, 20.421635563973869 ], [ -98.636554344567102, 20.421608685557143 ], [ -98.635641893217581, 20.421463995876358 ], [ -98.635244662611413, 20.421481238583688 ], [ -98.634585041704142, 20.421491152941705 ], [ -98.634210909733753, 20.421619133005212 ], [ -98.633982750528745, 20.421833259607222 ], [ -98.633582611554687, 20.421811744542797 ], [ -98.633349014159705, 20.421540516835929 ], [ -98.632418370708308, 20.421649250978287 ], [ -98.631954602972286, 20.421935166379004 ], [ -98.630992042259237, 20.422126153198775 ], [ -98.630764774637754, 20.422037953629577 ], [ -98.630548135434907, 20.421994349668967 ], [ -98.630110133500324, 20.421857160302551 ], [ -98.629404712710908, 20.421600972131934 ], [ -98.629150269699267, 20.421443962621112 ], [ -98.629075785223918, 20.421363427892381 ], [ -98.628442517306581, 20.420546761789403 ], [ -98.627428018559073, 20.41900829456274 ], [ -98.625941762286885, 20.416973772410056 ], [ -98.62499508435738, 20.415644428961318 ], [ -98.623762522133177, 20.413779185819191 ], [ -98.623660207697426, 20.413841752406221 ], [ -98.622738203606133, 20.414424177209831 ], [ -98.622266366839568, 20.414717697921365 ], [ -98.621714541756916, 20.41507383585278 ], [ -98.620758510347613, 20.415686717187818 ], [ -98.619719881643121, 20.416334302007385 ], [ -98.618644748939261, 20.417032356061014 ], [ -98.617636087942572, 20.417633517620899 ], [ -98.617306151372787, 20.417856627684355 ], [ -98.617225354023489, 20.417894980363592 ], [ -98.617085062319887, 20.41797441814586 ], [ -98.616145723310879, 20.41857672590249 ], [ -98.615672181010382, 20.418853565785099 ], [ -98.615251438822554, 20.419134739686189 ], [ -98.614597183917766, 20.419538856855187 ], [ -98.614442006836072, 20.419628120952538 ], [ -98.614124699622622, 20.419872999386666 ], [ -98.604803262700202, 20.42527105031612 ], [ -98.604920503755835, 20.426051798720692 ], [ -98.604875281134738, 20.427103256451854 ], [ -98.604777495740436, 20.427498358901921 ], [ -98.604783046213498, 20.42757146482996 ], [ -98.604844261439226, 20.428377703969016 ], [ -98.604922125128112, 20.428621983729229 ], [ -98.605103103984888, 20.428688493966884 ], [ -98.605981896381337, 20.428860782993461 ], [ -98.606235868712275, 20.428978493859052 ], [ -98.606272193763971, 20.429119885537858 ], [ -98.605994282353834, 20.429270297324141 ], [ -98.605570077302957, 20.429448892951491 ], [ -98.605261515173055, 20.42958431935104 ], [ -98.604505376864637, 20.429925779844876 ], [ -98.604002593582763, 20.430100750384955 ], [ -98.603063892754719, 20.430670807247729 ], [ -98.603016033656488, 20.430699871019566 ], [ -98.602380124134129, 20.431495846492929 ], [ -98.602144509229049, 20.432493783649559 ], [ -98.602137024815093, 20.432900386681624 ], [ -98.602157549996264, 20.433095242323251 ], [ -98.602106956843215, 20.433704770464701 ], [ -98.602016843276061, 20.434154108903805 ], [ -98.60126835368834, 20.43512234732556 ], [ -98.600650329025271, 20.435872080552453 ], [ -98.600158074996941, 20.436571239058402 ], [ -98.599559873894819, 20.437134614207867 ], [ -98.599343957662384, 20.437221251659341 ], [ -98.598397940567338, 20.437206489176234 ], [ -98.597920671675681, 20.437111812758012 ], [ -98.596972599930609, 20.436966005222722 ], [ -98.596510234065846, 20.436900004268725 ], [ -98.595340790040552, 20.436867349571369 ], [ -98.594609525786638, 20.436985819910912 ], [ -98.593664518224173, 20.437274587588501 ], [ -98.593377831790605, 20.437386868194817 ], [ -98.592236453034133, 20.438073194345463 ], [ -98.591877609555979, 20.438282856621843 ], [ -98.590810704613006, 20.439124802767708 ], [ -98.590269847052056, 20.439737975802775 ], [ -98.589981692963818, 20.439949987717615 ], [ -98.589030734958911, 20.440437605338275 ], [ -98.58855228835354, 20.44055790221087 ], [ -98.587616102267077, 20.440671459545104 ], [ -98.586689683502073, 20.440716704102179 ], [ -98.586675894086156, 20.440721884786594 ], [ -98.585228517671297, 20.440425428990732 ], [ -98.584327877064155, 20.440205221065042 ], [ -98.583720170410814, 20.439941047202108 ], [ -98.582946746348284, 20.439158124622363 ], [ -98.582089824767138, 20.438320286801005 ], [ -98.581512237390712, 20.437568026690194 ], [ -98.581153375800227, 20.436983040303645 ], [ -98.580605909758717, 20.436261007376515 ], [ -98.580126531809981, 20.43606593306987 ], [ -98.579170487731943, 20.435681882517596 ], [ -98.578988784980382, 20.435615558741436 ], [ -98.576984322654212, 20.435084363376081 ], [ -98.574491440638653, 20.435169023663278 ], [ -98.574138926543483, 20.434837069808925 ], [ -98.573094037299484, 20.434566463680252 ], [ -98.57245385105989, 20.434491951032712 ], [ -98.572393665218186, 20.434483945532637 ], [ -98.57188848375867, 20.434413125518304 ], [ -98.571338708231849, 20.433611542982934 ], [ -98.570653977691819, 20.432340379507931 ], [ -98.570645586856941, 20.432321377920619 ], [ -98.570321576633802, 20.432626995540279 ], [ -98.570392565379905, 20.432888571919751 ], [ -98.570693181864158, 20.434125362568892 ], [ -98.570992735775633, 20.435398564562036 ], [ -98.571346438363676, 20.436483703382844 ], [ -98.57159702801647, 20.437216290938345 ], [ -98.571764631766882, 20.437727410556242 ], [ -98.571582067592644, 20.437505215242084 ], [ -98.570854314585574, 20.437055952286993 ], [ -98.569667139127006, 20.436468004850575 ], [ -98.568959410480772, 20.436102798368196 ], [ -98.568293404531545, 20.435759891416179 ], [ -98.567595787336401, 20.43545527577572 ], [ -98.566165579105174, 20.435366484932004 ], [ -98.565077107748934, 20.435490808994285 ], [ -98.564429364482777, 20.435542361838476 ], [ -98.563846495286612, 20.435595257590258 ], [ -98.563832464686783, 20.435632471316477 ], [ -98.563492754381571, 20.436493797726584 ], [ -98.563426777577831, 20.436665540610154 ], [ -98.563080785598046, 20.436350484406955 ], [ -98.562434275309201, 20.436102097982321 ], [ -98.562180961458878, 20.435821896725852 ], [ -98.562133233964758, 20.435758823397482 ], [ -98.56194082953121, 20.435738583583912 ], [ -98.560897954061815, 20.435807911774756 ], [ -98.560109084730769, 20.435710492794779 ], [ -98.55981306048524, 20.435580841463398 ], [ -98.559032652373162, 20.435384835739391 ], [ -98.559008520511568, 20.435435157497963 ], [ -98.558668021216889, 20.435923942871536 ], [ -98.558661482794349, 20.43585235129601 ], [ -98.55816212844816, 20.435566339367764 ], [ -98.558066676356361, 20.435499944267409 ], [ -98.556453584122622, 20.435123555084957 ], [ -98.55615631448606, 20.434370031213962 ], [ -98.555656135589302, 20.43429126928655 ], [ -98.555535326678608, 20.434396339727577 ], [ -98.551362541595253, 20.433312168565685 ], [ -98.550685692838854, 20.433469671151361 ], [ -98.550455866705164, 20.43389627291301 ], [ -98.550137812754727, 20.432872188862131 ], [ -98.550441213902545, 20.432522537222777 ], [ -98.550447204436111, 20.432523373388644 ], [ -98.550596215196208, 20.432538169783271 ], [ -98.550802378254673, 20.432558641656065 ], [ -98.551086809250123, 20.432631993037738 ], [ -98.551455731134354, 20.432694219026569 ], [ -98.551683813221928, 20.43271299674063 ], [ -98.551908546307132, 20.432674434314407 ], [ -98.552065759854074, 20.432547594905202 ], [ -98.55217795285219, 20.432454863448289 ], [ -98.552235342552919, 20.432407428443945 ], [ -98.552334196867349, 20.432304779680525 ], [ -98.552390343500321, 20.432177114394545 ], [ -98.552408263539661, 20.432136367664583 ], [ -98.55242634716123, 20.431993334397337 ], [ -98.552429020941915, 20.431888505774928 ], [ -98.552392147890643, 20.431730619759417 ], [ -98.552269440945352, 20.431636556726254 ], [ -98.552043231602582, 20.431412353803154 ], [ -98.551985507278388, 20.431355141387446 ], [ -98.55186647256447, 20.431117151292078 ], [ -98.551760993275735, 20.430958593614609 ], [ -98.55163708744594, 20.430772337466731 ], [ -98.551485355097483, 20.430401502348033 ], [ -98.551414575764184, 20.429969569010776 ], [ -98.551399099460468, 20.429538889560408 ], [ -98.551392103574514, 20.429247309573281 ], [ -98.551397915247009, 20.429019520373195 ], [ -98.551442665300186, 20.428868587613177 ], [ -98.55148324527957, 20.42881158437849 ], [ -98.551539980557635, 20.428731886775175 ], [ -98.551569985665097, 20.428593093029498 ], [ -98.551560937574777, 20.428533955971162 ], [ -98.551536993491283, 20.428377464514213 ], [ -98.551512347010089, 20.428211918332174 ], [ -98.551548616253655, 20.427921886470024 ], [ -98.551646913709931, 20.427746654205393 ], [ -98.551822619977514, 20.42764915021116 ], [ -98.551897566467943, 20.427446174102965 ], [ -98.551907005267864, 20.42736505419245 ], [ -98.551916054728949, 20.42728727555404 ], [ -98.551869764819799, 20.427191652594779 ], [ -98.551838351803227, 20.427126763527934 ], [ -98.551681968342535, 20.426938387400682 ], [ -98.551553749073435, 20.426871980446197 ], [ -98.551187199607298, 20.42671739288685 ], [ -98.550847272960709, 20.426556604521036 ], [ -98.550519513743637, 20.426390421657658 ], [ -98.550319973318125, 20.426290646177907 ], [ -98.550136175615322, 20.426139633545802 ], [ -98.550005101490925, 20.42599662010495 ], [ -98.549960094092953, 20.425874835504302 ], [ -98.550004859172773, 20.425723336918274 ], [ -98.550164915372477, 20.425484872509507 ], [ -98.550498747785184, 20.425130152136799 ], [ -98.550673734754611, 20.424872182138344 ], [ -98.550688427511375, 20.424673510392275 ], [ -98.550737793539739, 20.424435937351209 ], [ -98.550867649898379, 20.424249515478966 ], [ -98.551072272456267, 20.424055717343041 ], [ -98.551180458273564, 20.42397745349734 ], [ -98.551246292829248, 20.423929827925555 ], [ -98.551321213766187, 20.423822102299802 ], [ -98.551255848971337, 20.423647871964501 ], [ -98.551253636951131, 20.423641976175986 ], [ -98.551123195774778, 20.423379915678638 ], [ -98.550994518971805, 20.423048725417782 ], [ -98.550925304921833, 20.422838512992502 ], [ -98.550847500293173, 20.422587851287062 ], [ -98.550662878759738, 20.422375021838768 ], [ -98.550542042801084, 20.422113745841912 ], [ -98.55042032916613, 20.42198115078369 ], [ -98.550096638208927, 20.421844541774259 ], [ -98.549803437538799, 20.421738672781931 ], [ -98.549602993299956, 20.421674594821791 ], [ -98.549468999041963, 20.421551925803715 ], [ -98.549464458699788, 20.421352818385852 ], [ -98.54954229017369, 20.421225316147371 ], [ -98.549893587304723, 20.421034280319933 ], [ -98.550215218185855, 20.420780204890608 ], [ -98.55035503977544, 20.420645413285847 ], [ -98.550375532345114, 20.42062565784326 ], [ -98.550465437914013, 20.420402045252711 ], [ -98.550691034983473, 20.420046005523542 ], [ -98.550732000846224, 20.419854733924829 ], [ -98.550606676542998, 20.419580883501251 ], [ -98.550300453517721, 20.41932560894298 ], [ -98.550228220137669, 20.419256749743639 ], [ -98.550009235752952, 20.41904799561933 ], [ -98.549843872514174, 20.418929151347811 ], [ -98.549739979229031, 20.418852522589674 ], [ -98.549621584765873, 20.418684283792903 ], [ -98.549608573205163, 20.418534310450294 ], [ -98.549632910363229, 20.417863578764258 ], [ -98.549694149714099, 20.417160800735925 ], [ -98.54978510688521, 20.416424679500921 ], [ -98.549868770745761, 20.415880026226908 ], [ -98.549893857931636, 20.415556860289339 ], [ -98.54987121507618, 20.415407235850829 ], [ -98.549715921570765, 20.415271044305204 ], [ -98.549554113324618, 20.415201606246026 ], [ -98.549445414662372, 20.415124868442355 ], [ -98.549402699878172, 20.415007672370788 ], [ -98.549408919273375, 20.414764020189278 ], [ -98.549507333519387, 20.414395460333992 ], [ -98.549731299867886, 20.414008771087691 ], [ -98.54981739161299, 20.413745953382342 ], [ -98.549879701594051, 20.413472390959722 ], [ -98.549832243882349, 20.413164021956707 ], [ -98.549805613988582, 20.412887875235533 ], [ -98.549682868894052, 20.412419049708159 ], [ -98.549556335406308, 20.412098681757541 ], [ -98.54955824231142, 20.411552742862312 ], [ -98.549775960345968, 20.411127926544268 ], [ -98.549870997911242, 20.4107972773058 ], [ -98.550022956673274, 20.41059265023144 ], [ -98.550088713746675, 20.410372460804837 ], [ -98.550037113605498, 20.410037918575682 ], [ -98.550075785245895, 20.409747945931201 ], [ -98.550185177183351, 20.40951457240805 ], [ -98.550425098587155, 20.409256378400482 ], [ -98.550624149471176, 20.408997257192567 ], [ -98.550673784586195, 20.408748921263143 ], [ -98.550621739490296, 20.408526060332573 ], [ -98.550450213402613, 20.408272141711404 ], [ -98.550147797786877, 20.408057208996233 ], [ -98.549798635600283, 20.407883170151251 ], [ -98.549611895408518, 20.407754203195395 ], [ -98.549513828058323, 20.407543904941242 ], [ -98.549592327904804, 20.407295657510105 ], [ -98.54967179980838, 20.40710356093301 ], [ -98.549986243643914, 20.406847058774346 ], [ -98.55036340519105, 20.406579531816128 ], [ -98.550422305797312, 20.406537752687342 ], [ -98.550459141332936, 20.406444631104584 ], [ -98.550535443185368, 20.406251737554442 ], [ -98.550483298070944, 20.406032843438759 ], [ -98.550421409646873, 20.405856164842842 ], [ -98.550393613873908, 20.405776812688629 ], [ -98.550303944475431, 20.405520215311128 ], [ -98.550178538400544, 20.405397854573305 ], [ -98.550132614501138, 20.405353045663791 ], [ -98.549926164488539, 20.405148226998719 ], [ -98.549777397165641, 20.404945283584205 ], [ -98.549573725002503, 20.404631671886477 ], [ -98.549483117872313, 20.404411905093891 ], [ -98.54933342640075, 20.404245225560945 ], [ -98.549341308649574, 20.403936413341338 ], [ -98.549341657885876, 20.403922730865307 ], [ -98.549346862359229, 20.403718828264903 ], [ -98.549237964349189, 20.403461794354925 ], [ -98.549049347508131, 20.403312374043537 ], [ -98.548917370219073, 20.403253446715368 ], [ -98.548706875736528, 20.403159462232271 ], [ -98.548441346787257, 20.403007728876641 ], [ -98.54830996413682, 20.402877749127672 ], [ -98.54824277312359, 20.4024946631463 ], [ -98.548273578648718, 20.402041798047772 ], [ -98.54838271399926, 20.401535716190622 ], [ -98.548509228501231, 20.401102599095555 ], [ -98.548602774828069, 20.400924430425992 ], [ -98.548659220202623, 20.400786240525747 ], [ -98.54866531009587, 20.400547690871779 ], [ -98.548671645876482, 20.40029950862116 ], [ -98.548642561782245, 20.400119691047408 ], [ -98.548671559993821, 20.399831769426779 ], [ -98.548749379828209, 20.399704269857519 ], [ -98.548878060890672, 20.39965729797299 ], [ -98.549234973390639, 20.39971528852756 ], [ -98.549495222842225, 20.399790928588406 ], [ -98.54971715084821, 20.399765914925901 ], [ -98.54998386776785, 20.399682386803246 ], [ -98.55025184225002, 20.399549561765848 ], [ -98.550380142835337, 20.399423206470725 ], [ -98.55042721586257, 20.399275165344271 ], [ -98.550440894162548, 20.399116161613094 ], [ -98.550413199840648, 20.398976062872642 ], [ -98.55033565567868, 20.398715773205559 ], [ -98.550225848931689, 20.398494438466649 ], [ -98.550121663348634, 20.397958572174385 ], [ -98.550077868669518, 20.397506851090323 ], [ -98.550073017595665, 20.397444606639006 ], [ -98.550048877180217, 20.397134839340481 ], [ -98.550100641498972, 20.396614417188925 ], [ -98.550160744779291, 20.396049962141429 ], [ -98.55017916543386, 20.395705106149741 ], [ -98.550048980961193, 20.395339870689938 ], [ -98.549840298047883, 20.395034652137781 ], [ -98.549578583640837, 20.394639785731883 ], [ -98.549396542356988, 20.394464686453727 ], [ -98.549388428127145, 20.394456881611895 ], [ -98.549140537773141, 20.394274368076054 ], [ -98.548949298610907, 20.39413396020435 ], [ -98.548765444896191, 20.393986916284735 ], [ -98.5485680365354, 20.393805547453631 ], [ -98.548353975553681, 20.393616997015801 ], [ -98.548185934879768, 20.393415884012036 ], [ -98.548108692168597, 20.393332489820541 ], [ -98.548082985718679, 20.393208877947529 ], [ -98.548025001147096, 20.393120699453458 ], [ -98.547964905116658, 20.393029308974096 ], [ -98.547845609525453, 20.392897336227229 ], [ -98.547754251099164, 20.392866299815722 ], [ -98.547502239455369, 20.392780686861482 ], [ -98.54721482477747, 20.392733341242618 ], [ -98.546963988319931, 20.39266641537677 ], [ -98.546895836139782, 20.392636712694028 ], [ -98.546749903806855, 20.392573109980827 ], [ -98.546418526693444, 20.392551978233762 ], [ -98.54602685290466, 20.392631527508538 ], [ -98.546004607032913, 20.392636977518663 ], [ -98.545721889276834, 20.392706241910343 ], [ -98.54550676367441, 20.392747845450359 ], [ -98.545504059461052, 20.392748101516485 ], [ -98.545368161536288, 20.392760992561204 ], [ -98.545284947757679, 20.392768886469064 ], [ -98.545056803613889, 20.392755199380986 ], [ -98.54484049024019, 20.392655037215253 ], [ -98.544675511295793, 20.392616704868331 ], [ -98.544496790488637, 20.392457299521428 ], [ -98.544389083294192, 20.39234259587721 ], [ -98.544384116942609, 20.392160491767406 ], [ -98.544435074968959, 20.39195471258688 ], [ -98.544557697316748, 20.39186225106204 ], [ -98.544826313250695, 20.391703938469352 ], [ -98.545122876229811, 20.391581411271297 ], [ -98.545409172042113, 20.391484163064572 ], [ -98.545761701317744, 20.39133625931402 ], [ -98.546031386844177, 20.391230128442036 ], [ -98.546512631876368, 20.391033553868546 ], [ -98.546938609005437, 20.390960444698138 ], [ -98.547046514022497, 20.39094192484864 ], [ -98.54738654556698, 20.39090655676198 ], [ -98.547726142888237, 20.390888186563284 ], [ -98.548122777299497, 20.390802509313328 ], [ -98.548347263193662, 20.390582525474613 ], [ -98.548439987308896, 20.390247861847264 ], [ -98.54839830576806, 20.389996324112868 ], [ -98.54824931148687, 20.389803014311791 ], [ -98.54817332151103, 20.389743924205071 ], [ -98.547996970909594, 20.389606791594851 ], [ -98.547760099375225, 20.389558326464787 ], [ -98.547239151821387, 20.389520419996085 ], [ -98.546708589576426, 20.389482293410683 ], [ -98.546296013769521, 20.389438907241765 ], [ -98.545896831357197, 20.389247850348823 ], [ -98.545677857398616, 20.388969607028372 ], [ -98.545492333896291, 20.388700060582821 ], [ -98.545370799650101, 20.388467685381411 ], [ -98.545211718394427, 20.388198739354156 ], [ -98.545169844339853, 20.388080255464139 ], [ -98.545104056965428, 20.387894109718964 ], [ -98.54500747342955, 20.387626583421589 ], [ -98.544989300424675, 20.387396556329911 ], [ -98.544997003381724, 20.387095114704824 ], [ -98.54504594542459, 20.386685755997235 ], [ -98.545140427447024, 20.386470761337897 ], [ -98.545337037144193, 20.386306277338477 ], [ -98.545507205817842, 20.38614119248415 ], [ -98.545586599273477, 20.38604604787151 ], [ -98.545602309218083, 20.385901833017574 ], [ -98.545606319216759, 20.38574487955913 ], [ -98.545612182194475, 20.385515398907522 ], [ -98.545603232838502, 20.385395002716216 ], [ -98.54550204645102, 20.385307662035007 ], [ -98.545350672685458, 20.385207842227715 ], [ -98.5451358771721, 20.385142866070321 ], [ -98.54487961139165, 20.385100759191253 ], [ -98.54475634383536, 20.384936378412398 ], [ -98.544670130640313, 20.384733720124206 ], [ -98.544674300969476, 20.384570534041636 ], [ -98.54474593292359, 20.384308531158382 ], [ -98.544818679561416, 20.384097011920989 ], [ -98.544956975959636, 20.383861469385025 ], [ -98.54500425205137, 20.38361138601708 ], [ -98.545021714259079, 20.383398610761851 ], [ -98.545096385600019, 20.383111731402337 ], [ -98.545103436550562, 20.382835788635596 ], [ -98.545122665084293, 20.38264799928179 ], [ -98.545153593149109, 20.382472948576009 ], [ -98.545342841392483, 20.382313967466146 ], [ -98.545479209659547, 20.382153784894079 ], [ -98.545591208529174, 20.382006088410012 ], [ -98.545621498895386, 20.381855968855305 ], [ -98.545585125146374, 20.381679389353426 ], [ -98.545442674451962, 20.381512872940203 ], [ -98.545210161323993, 20.381294419104517 ], [ -98.545015787951655, 20.381089304282998 ], [ -98.544735103045269, 20.380873723909605 ], [ -98.544533273896448, 20.380772190132667 ], [ -98.544433814883959, 20.380617421720899 ], [ -98.544513987982967, 20.380397567892153 ], [ -98.544493341200138, 20.379982094786868 ], [ -98.544472998425846, 20.37964883575258 ], [ -98.544470595918597, 20.379178216887524 ], [ -98.544436874594922, 20.378803834039971 ], [ -98.544474564848585, 20.378458287406431 ], [ -98.544527371217029, 20.378085871037438 ], [ -98.544608961688297, 20.377810489342284 ], [ -98.54474822213183, 20.377536985026996 ], [ -98.54510550812806, 20.377295647671122 ], [ -98.545414925920042, 20.37723351019854 ], [ -98.545741877390157, 20.377143990157954 ], [ -98.545921575762819, 20.376981957567533 ], [ -98.545969789308344, 20.37678915801769 ], [ -98.545876614238793, 20.376482592934419 ], [ -98.545763792437668, 20.376286135510071 ], [ -98.545413661148061, 20.376153454045433 ], [ -98.544960455008422, 20.376101770486461 ], [ -98.544242153970103, 20.376071841503155 ], [ -98.543771428822652, 20.376046969533562 ], [ -98.543435285657111, 20.376025722319561 ], [ -98.543246828309307, 20.375965877883395 ], [ -98.543087634433959, 20.375796144524372 ], [ -98.543064804150859, 20.375560344052229 ], [ -98.543267701574621, 20.375149387240029 ], [ -98.543509675420452, 20.37480905253889 ], [ -98.543598866664979, 20.374612649944559 ], [ -98.54369610736093, 20.374477660101981 ], [ -98.543689998416511, 20.37434032113563 ], [ -98.543653151256621, 20.374182440518243 ], [ -98.543634532578494, 20.374064093277628 ], [ -98.543648650817971, 20.373888095098387 ], [ -98.543759921400621, 20.373674619234581 ], [ -98.543869280576246, 20.373441823858791 ], [ -98.544050743040202, 20.373210667209555 ], [ -98.544243222962194, 20.373018879780048 ], [ -98.544497192904757, 20.372867608489258 ], [ -98.544689917847606, 20.372666188134218 ], [ -98.54485015233243, 20.372512786299385 ], [ -98.544957004034018, 20.372378014335677 ], [ -98.54500187283206, 20.372221991035463 ], [ -98.544967022644144, 20.371985918504549 ], [ -98.544932679302207, 20.371730014583171 ], [ -98.544889069783352, 20.37136618135208 ], [ -98.545073915586656, 20.371096548881457 ], [ -98.545227473160267, 20.370922018384999 ], [ -98.545511133060643, 20.370737970838658 ], [ -98.545933712289099, 20.370575787547509 ], [ -98.54620347206297, 20.370465125313608 ], [ -98.546413927712408, 20.3703225009072 ], [ -98.546505312587342, 20.370134084495653 ], [ -98.546514241217849, 20.369784485159354 ], [ -98.546358031675069, 20.36949803415753 ], [ -98.546148992690078, 20.369302794278724 ], [ -98.545935814123055, 20.369175492884651 ], [ -98.545652793128227, 20.369052273953621 ], [ -98.545507460116568, 20.368904969531922 ], [ -98.54546010133987, 20.368782001539891 ], [ -98.545437196187621, 20.368643147859625 ], [ -98.545484003359135, 20.368505311052171 ], [ -98.545511568999814, 20.368367604046576 ], [ -98.545491269884153, 20.368220872474986 ], [ -98.545467945014096, 20.368098450571534 ], [ -98.54546124107469, 20.367984343440945 ], [ -98.545543258863788, 20.367880189127959 ], [ -98.545815430690652, 20.367674903893196 ], [ -98.546000878316249, 20.367475585403724 ], [ -98.546187484145463, 20.367325049795674 ], [ -98.546363651295437, 20.367206592409907 ], [ -98.54643405636763, 20.367086299658904 ], [ -98.546498293173116, 20.366925047200503 ], [ -98.54658279842937, 20.366723435490318 ], [ -98.54668967277054, 20.36658752974267 ], [ -98.546839604384672, 20.366460538927292 ], [ -98.547057234198007, 20.366319211069815 ], [ -98.547260877590091, 20.366160557180912 ], [ -98.547308709220033, 20.365982490805671 ], [ -98.547313628083344, 20.365789843504619 ], [ -98.547308224752356, 20.365624741812496 ], [ -98.547321107622153, 20.36549690634445 ], [ -98.547400834887156, 20.365388163798318 ], [ -98.547510618891437, 20.365326592604593 ], [ -98.547666065795724, 20.365266058119609 ], [ -98.547900127644198, 20.365234521350196 ], [ -98.548095490459744, 20.365211743619572 ], [ -98.548303286755996, 20.365078695025741 ], [ -98.548463016434766, 20.364944555077383 ], [ -98.548581643708673, 20.364819119943181 ], [ -98.548683462081584, 20.364692736263237 ], [ -98.548725197669242, 20.36456498877801 ], [ -98.548680631244821, 20.364426778339485 ], [ -98.548556770513102, 20.364286201061795 ], [ -98.548424991493022, 20.36417322387511 ], [ -98.548183198658492, 20.364130884021492 ], [ -98.547980784407329, 20.36405315381554 ], [ -98.547799954526084, 20.36388350262888 ], [ -98.547669042448703, 20.363642416689647 ], [ -98.54759986200186, 20.363338101530907 ], [ -98.547605011805828, 20.363136388912842 ], [ -98.547669952131784, 20.362853261135839 ], [ -98.54766969816589, 20.362486447352886 ], [ -98.547536179967508, 20.362159128032975 ], [ -98.547451134424904, 20.361911146552416 ], [ -98.54735298793949, 20.361705387794881 ], [ -98.547336827076805, 20.361490718944733 ], [ -98.547402418160331, 20.361182094336517 ], [ -98.54769889741867, 20.361060131847026 ], [ -98.547997764917525, 20.360938789961242 ], [ -98.548191933167132, 20.360868362605444 ], [ -98.548264360519539, 20.360762855996711 ], [ -98.548411232700687, 20.360755418399574 ], [ -98.548672691046477, 20.360686517973651 ], [ -98.548892799646595, 20.360541843081553 ], [ -98.548953484860775, 20.360425297896757 ], [ -98.54896665487459, 20.360286130703088 ], [ -98.548849267009572, 20.360080503426147 ], [ -98.548617144078534, 20.359753782238638 ], [ -98.548407075629939, 20.359599342751324 ], [ -98.548193794528402, 20.359476578412483 ], [ -98.547891305730488, 20.359363127099609 ], [ -98.547550599477361, 20.359333847657819 ], [ -98.547073403917068, 20.359376303306359 ], [ -98.546662948147059, 20.359441816843315 ], [ -98.546390560399928, 20.359467945313121 ], [ -98.546108616656312, 20.359397477227493 ], [ -98.545750377693864, 20.359207352799118 ], [ -98.54555625343626, 20.359181965861424 ], [ -98.545417678012072, 20.359147069024207 ], [ -98.545332928518079, 20.359075977340773 ], [ -98.545320433687152, 20.358812068617741 ], [ -98.545356986686869, 20.358416611621298 ], [ -98.545382798140807, 20.358159242758088 ], [ -98.545354118294028, 20.357964132522685 ], [ -98.545217310139861, 20.357860109640601 ], [ -98.545011910279243, 20.357805552119 ], [ -98.544677708724407, 20.357804193781902 ], [ -98.544357129935946, 20.35783432573368 ], [ -98.544129623549139, 20.3578920845803 ], [ -98.543914929323776, 20.357918952912794 ], [ -98.54370441942234, 20.357876183087015 ], [ -98.543467794176465, 20.357726235542966 ], [ -98.543365747391576, 20.357579347261748 ], [ -98.543344295578564, 20.357289722932528 ], [ -98.543374106921917, 20.356970082727873 ], [ -98.543364525185169, 20.356780508833744 ], [ -98.543347444338409, 20.356602103162295 ], [ -98.543296806238004, 20.356419532987839 ], [ -98.54318833216567, 20.356335995210966 ], [ -98.542993547472037, 20.356242557856419 ], [ -98.542732632205372, 20.356196372864261 ], [ -98.5424803011866, 20.356190634950071 ], [ -98.542297268726003, 20.356295890879583 ], [ -98.542155232688458, 20.356490520711851 ], [ -98.542050400825588, 20.356734752954132 ], [ -98.541857721599882, 20.357029145144125 ], [ -98.541674132586508, 20.357344153593292 ], [ -98.541491672995974, 20.357614966696271 ], [ -98.541261670735466, 20.357864288495218 ], [ -98.541040282975388, 20.358058813289798 ], [ -98.540856130869756, 20.358207696269663 ], [ -98.540701457218105, 20.358238193346459 ], [ -98.540612437797634, 20.358240136509483 ], [ -98.540486590806807, 20.358177744932934 ], [ -98.540354288143646, 20.358085725730366 ], [ -98.540262955749057, 20.357990103209652 ], [ -98.540184944054459, 20.357843759598666 ], [ -98.540174105550861, 20.357703480010205 ], [ -98.540185754122888, 20.357436151785969 ], [ -98.54018146473345, 20.35713387792828 ], [ -98.540182732292223, 20.356896361142891 ], [ -98.540134121379793, 20.356822687341204 ], [ -98.540070094560789, 20.356693670069074 ], [ -98.540071718178666, 20.356630210350485 ], [ -98.540148045866815, 20.356466402401256 ], [ -98.540161546681446, 20.356220660110719 ], [ -98.540074057259588, 20.355974887474471 ], [ -98.539958368303061, 20.3557035279944 ], [ -98.539785464953781, 20.355506835538666 ], [ -98.539599546038303, 20.355348965120697 ], [ -98.539412641612032, 20.355229623559897 ], [ -98.539170798985722, 20.355095991779844 ], [ -98.539014704954297, 20.354900248058367 ], [ -98.53889674233983, 20.354717844778378 ], [ -98.538862443869533, 20.354460809987831 ], [ -98.53885588492949, 20.354153382713775 ], [ -98.538810238201236, 20.353870010756658 ], [ -98.538775606571505, 20.353626008000393 ], [ -98.538832738316813, 20.353460630260642 ], [ -98.53887818795279, 20.353281947128089 ], [ -98.538882451306833, 20.353115365885746 ], [ -98.53887294864434, 20.352922959310039 ], [ -98.538850763502523, 20.352756342957196 ], [ -98.538679601526681, 20.352585768156111 ], [ -98.538436792651851, 20.352490097873645 ], [ -98.538112917480717, 20.352367636327518 ], [ -98.537571793721099, 20.352278211256653 ], [ -98.537248683523345, 20.352219828673075 ], [ -98.536948951477626, 20.352187489866449 ], [ -98.536736287375589, 20.352041479537426 ], [ -98.536659835536511, 20.351834508434223 ], [ -98.536645143156619, 20.351743513529673 ], [ -98.536624555335408, 20.351616002691646 ], [ -98.536653836915718, 20.351419249342282 ], [ -98.536662310366367, 20.351362310097969 ], [ -98.53676023774409, 20.351200130442145 ], [ -98.536822133517205, 20.351036563078505 ], [ -98.536815747957021, 20.350816447973884 ], [ -98.536796491094194, 20.35062948870306 ], [ -98.536766780526293, 20.350475173382947 ], [ -98.536662453879174, 20.350417804508211 ], [ -98.53636051156883, 20.350378044033338 ], [ -98.535954962714783, 20.350346694098143 ], [ -98.535734724307886, 20.350308793917005 ], [ -98.535495050037468, 20.350144048302191 ], [ -98.535437006469849, 20.350104150684089 ], [ -98.535069877259033, 20.349887153299225 ], [ -98.53490093034172, 20.349630451333141 ], [ -98.534702276128826, 20.349219433674868 ], [ -98.534537265376471, 20.348809182738922 ], [ -98.534303838775756, 20.34844159281862 ], [ -98.534308939654608, 20.348242543933829 ], [ -98.534313683215686, 20.348057437974393 ], [ -98.534408735901863, 20.34744448478822 ], [ -98.534483903547951, 20.347138354904022 ], [ -98.534486837599843, 20.347023816561816 ], [ -98.534769310346476, 20.34699854691139 ], [ -98.535277405023578, 20.34703462005087 ], [ -98.535456837463613, 20.346677604418939 ], [ -98.535687295469131, 20.34618790877354 ], [ -98.535887263039385, 20.345875717449541 ], [ -98.53595454094642, 20.345563173157171 ], [ -98.53606151332562, 20.345288261299508 ], [ -98.536154992211252, 20.345088368323111 ], [ -98.536221970094715, 20.344875894376344 ], [ -98.536222530527326, 20.344688261740721 ], [ -98.536489933155281, 20.344315022966814 ], [ -98.536590653079401, 20.343598954333885 ], [ -98.536787753631415, 20.343329012868558 ], [ -98.537090273272767, 20.343151878052836 ], [ -98.537271871941911, 20.343017126920795 ], [ -98.537438368352539, 20.342882334599288 ], [ -98.53759720830557, 20.342783110522344 ], [ -98.537718300958829, 20.342683786785159 ], [ -98.537825874346069, 20.342589314587098 ], [ -98.537980606918424, 20.342371827063271 ], [ -98.538358681894181, 20.34189167370322 ], [ -98.538006621136603, 20.341504492193746 ], [ -98.537652831710517, 20.341166205933238 ], [ -98.53715393931563, 20.34067436091004 ], [ -98.536598402353675, 20.340358114229371 ], [ -98.536153535026045, 20.340252009408264 ], [ -98.535692636198064, 20.340190828630014 ], [ -98.535311278293335, 20.340114868655469 ], [ -98.53499365247518, 20.339994111775649 ], [ -98.534660171163054, 20.339858319838996 ], [ -98.534167835704167, 20.339677138208341 ], [ -98.533675364657512, 20.339540921440801 ], [ -98.533262301660756, 20.339434894698204 ], [ -98.532865001798385, 20.339373876584602 ], [ -98.532451894206815, 20.33928283525325 ], [ -98.532155441384035, 20.339103879787828 ], [ -98.531953216299513, 20.338842349981256 ], [ -98.531843060710983, 20.338650661296622 ], [ -98.53186214451884, 20.338441919775978 ], [ -98.532010415241871, 20.338233525664126 ], [ -98.532380311197286, 20.337973525014085 ], [ -98.532676121079191, 20.337800323303021 ], [ -98.533046064344134, 20.337522922623659 ], [ -98.533286557750003, 20.337332172570829 ], [ -98.53352710408015, 20.337124021943403 ], [ -98.533787722523627, 20.336376546594046 ], [ -98.533988719857049, 20.335854687057108 ], [ -98.534234280308752, 20.335254287132603 ], [ -98.534554420492555, 20.334795507897084 ], [ -98.534855807259646, 20.334336679912287 ], [ -98.535287388275108, 20.33423175853914 ], [ -98.535699955635309, 20.334215176651558 ], [ -98.536525302496372, 20.334111298517268 ], [ -98.537069440980673, 20.333988993477355 ], [ -98.537257367054025, 20.333848067301176 ], [ -98.537389303953546, 20.333618601112338 ], [ -98.537877870334256, 20.333266329619637 ], [ -98.538651792500303, 20.332634231759741 ], [ -98.538912200373872, 20.332577187894032 ], [ -98.539065109967225, 20.332635322380209 ], [ -98.53944734130998, 20.332795088547265 ], [ -98.53970685368617, 20.333041126359319 ], [ -98.539859209037502, 20.333286881812075 ], [ -98.540103370408886, 20.33354730961474 ], [ -98.540271292794586, 20.333706510103557 ], [ -98.540454777365937, 20.333779155644649 ], [ -98.540653911985174, 20.333736381335395 ], [ -98.540990862203543, 20.333679535375055 ], [ -98.541862295773825, 20.333375616201671 ], [ -98.542344927115039, 20.33321557944468 ], [ -98.542531912934933, 20.333098757476463 ], [ -98.542843670592518, 20.332864953471649 ], [ -98.543873106412036, 20.332023433040522 ], [ -98.544276481409426, 20.331789989491046 ], [ -98.544632348517212, 20.331601087363691 ], [ -98.544952425668185, 20.3315014218248 ], [ -98.545331489308936, 20.331480075968848 ], [ -98.545757830195654, 20.331492351106352 ], [ -98.546195918274677, 20.331538154380933 ], [ -98.546622226296279, 20.331561592435769 ], [ -98.546930131596696, 20.331573557539674 ], [ -98.547214641528853, 20.331484963866885 ], [ -98.547871119027675, 20.330974281361065 ], [ -98.548191855578452, 20.330705206248783 ], [ -98.548596420372135, 20.330563360582946 ], [ -98.548815243128132, 20.330595680489942 ], [ -98.549134918885528, 20.330691763738493 ], [ -98.550246333278423, 20.330694628113569 ], [ -98.550802545651479, 20.330521413504439 ], [ -98.551173336769892, 20.330411228082461 ], [ -98.551274924616834, 20.330220968370796 ], [ -98.551410099923018, 20.330062546907961 ], [ -98.551746934830817, 20.3300475345895 ], [ -98.552018890469824, 20.330182649094986 ], [ -98.552566622054059, 20.330103395461585 ], [ -98.552994494265263, 20.330056097671903 ], [ -98.553405117241226, 20.330057146439913 ], [ -98.553781478133303, 20.330074238138959 ], [ -98.554260446910632, 20.330107723431812 ], [ -98.5545343802372, 20.33004389548967 ], [ -98.555012582756191, 20.329902303306191 ], [ -98.555558132494454, 20.329627129059723 ], [ -98.555921945345091, 20.329404170255042 ], [ -98.556355859530356, 20.32908920158825 ], [ -98.556566133224905, 20.328826344257109 ], [ -98.556762475695322, 20.328550279867663 ], [ -98.557153946379884, 20.328282255733814 ], [ -98.557119949517016, 20.327815909965956 ], [ -98.556979509232946, 20.32751581598793 ], [ -98.556803794962121, 20.327198980308939 ], [ -98.556595397185333, 20.326358358755581 ], [ -98.556465396208665, 20.325708829567898 ], [ -98.556297052063201, 20.325135133687429 ], [ -98.556216343348481, 20.324685385828424 ], [ -98.556072541002834, 20.323765606592875 ], [ -98.555939532008352, 20.323378977967437 ], [ -98.555581245738196, 20.323050902868079 ], [ -98.555840769825537, 20.32255193161598 ], [ -98.555811572876777, 20.321616200845675 ], [ -98.555986360573087, 20.320706691631319 ], [ -98.556094531272649, 20.320264199802068 ], [ -98.555918313365709, 20.319373704089877 ], [ -98.555906407776959, 20.319126781845092 ], [ -98.555546640118564, 20.318491954079462 ], [ -98.556021103968078, 20.317368389731776 ], [ -98.556298421432672, 20.31605934381172 ], [ -98.556488740177542, 20.315880884387845 ], [ -98.556791056781478, 20.315831788933696 ], [ -98.556950185083394, 20.315661237716753 ], [ -98.557418796999016, 20.31557694766197 ], [ -98.557690832593678, 20.315549142727619 ], [ -98.557894234447758, 20.315749104452802 ], [ -98.558098099846276, 20.315785233970498 ], [ -98.558346170035435, 20.315636817525526 ], [ -98.55839336443286, 20.315384266452249 ], [ -98.558630885037132, 20.31518734424963 ], [ -98.5589833108845, 20.315034270652582 ], [ -98.559387407495763, 20.315056327325902 ], [ -98.55983185220262, 20.314929099631144 ], [ -98.560318346922813, 20.3147132518802 ], [ -98.56028869779135, 20.314639956284005 ], [ -98.561562955168654, 20.314430583752877 ], [ -98.56247380007035, 20.314919926487423 ], [ -98.563026180216056, 20.314502123059444 ], [ -98.562761290068977, 20.314159632445346 ], [ -98.562803178648011, 20.313654119710876 ], [ -98.5628952801342, 20.313282291074966 ], [ -98.56296698629383, 20.312967652133914 ], [ -98.56290695209637, 20.312729002793347 ], [ -98.563129960941779, 20.312576921221023 ], [ -98.563218900724294, 20.312414473576979 ], [ -98.56324273750073, 20.312396644618374 ], [ -98.563125045786251, 20.312152688065272 ], [ -98.562475321931203, 20.310529012697216 ], [ -98.561560744548444, 20.308059929392467 ], [ -98.562738854596489, 20.307886628652437 ], [ -98.562764807991442, 20.307772830592338 ], [ -98.563156061760282, 20.307546148692595 ], [ -98.563446611821334, 20.307112367232147 ], [ -98.563691150057991, 20.306536725186579 ], [ -98.563884793736051, 20.306212668224219 ], [ -98.563725811315635, 20.305803089963412 ], [ -98.563837612539203, 20.30541075952905 ], [ -98.564174574235395, 20.305153933244029 ], [ -98.564103519726487, 20.304735384358011 ], [ -98.563650105438086, 20.304529934577101 ], [ -98.563296699396915, 20.303771751010579 ], [ -98.563165942550953, 20.303041756964706 ], [ -98.562894361087203, 20.302494121183095 ], [ -98.562588160368065, 20.301815428081088 ], [ -98.562393643138734, 20.301621283030844 ], [ -98.562711295503647, 20.301666532439754 ], [ -98.563081191941563, 20.301711865054948 ], [ -98.563430926419031, 20.301750803347087 ], [ -98.563693323926259, 20.301745113172554 ], [ -98.564153806833573, 20.30171518702457 ], [ -98.564446764089084, 20.301610539775098 ], [ -98.56460845876758, 20.301520973576807 ], [ -98.564832553338277, 20.301428846501299 ], [ -98.565003047942767, 20.301372544357019 ], [ -98.565270144003932, 20.301279382112284 ], [ -98.565591603879497, 20.301181394214808 ], [ -98.565835783985108, 20.301124082202843 ], [ -98.566022771643404, 20.301032568096428 ], [ -98.566247073347498, 20.300924481458239 ], [ -98.566431853351801, 20.300919926509611 ], [ -98.566696039719631, 20.30080405074111 ], [ -98.566972831612247, 20.30070583648898 ], [ -98.567224662529085, 20.300607097897128 ], [ -98.567449026031156, 20.300499009144239 ], [ -98.567724158748135, 20.300363298664838 ], [ -98.567939089144502, 20.300428882669792 ], [ -98.568129539990636, 20.300540327255977 ], [ -98.568318605986775, 20.300667945654713 ], [ -98.568416074500078, 20.3007726445482 ], [ -98.568539491513931, 20.300920418984383 ], [ -98.568682344868449, 20.301111256135368 ], [ -98.568805882349892, 20.301216019066832 ], [ -98.568955625655263, 20.301271689014062 ], [ -98.56917702329693, 20.301339826387576 ], [ -98.569333284941891, 20.301395512484937 ], [ -98.569496080246424, 20.301445069117783 ], [ -98.569658823538205, 20.301513061064178 ], [ -98.57032969390599, 20.301699406282101 ], [ -98.57120313302039, 20.301922941409629 ], [ -98.572246573835784, 20.302132487511489 ], [ -98.572654898966846, 20.302064418867534 ], [ -98.573506410533412, 20.302155376379108 ], [ -98.574071225065879, 20.302265286178578 ], [ -98.574813785887002, 20.302434825236958 ], [ -98.575472519432338, 20.302643624715795 ], [ -98.576026523378616, 20.302881768842745 ], [ -98.576626754859731, 20.303164602973215 ], [ -98.5770159709231, 20.303361001073778 ], [ -98.57754595035874, 20.303635923678627 ], [ -98.578236356130603, 20.303974938215063 ], [ -98.578824491148836, 20.304210903544323 ], [ -98.579379881722929, 20.304290423835955 ], [ -98.579744817135719, 20.304267845703745 ], [ -98.580073447253909, 20.304199213469953 ], [ -98.580474962731515, 20.304121049128209 ], [ -98.580791886287386, 20.304168863744543 ], [ -98.581191316695055, 20.304116040720281 ], [ -98.581813473454474, 20.304156641238574 ], [ -98.582056983162971, 20.304235446836312 ], [ -98.582244064452553, 20.304250607267228 ], [ -98.582577169913762, 20.304235702243034 ], [ -98.583109988479194, 20.304268372937667 ], [ -98.583359680608837, 20.304308219821749 ], [ -98.583688102875939, 20.304347793254948 ], [ -98.584055372898646, 20.30441571718724 ], [ -98.584429870025446, 20.304561150276921 ], [ -98.584699791186353, 20.304763637051398 ], [ -98.584958245120774, 20.30504046139313 ], [ -98.585419546473688, 20.30531776806075 ], [ -98.585723390089512, 20.305477839630743 ], [ -98.586140125288466, 20.30556381332071 ], [ -98.586500766707232, 20.305554042451632 ], [ -98.587305826449281, 20.305483354961968 ], [ -98.58764831370739, 20.305601943831192 ], [ -98.588299798759877, 20.305771106243007 ], [ -98.588868432423723, 20.305895372449321 ], [ -98.589104997678874, 20.30608590803066 ], [ -98.589625865042663, 20.306344160858629 ], [ -98.589993310802754, 20.306529927196031 ], [ -98.591336032302294, 20.305903940833876 ], [ -98.591816805406125, 20.30564811339471 ], [ -98.592057287227902, 20.305483492139228 ], [ -98.592135845725622, 20.305214490685504 ], [ -98.592285705379169, 20.304970125061164 ], [ -98.592519650994035, 20.304823842291061 ], [ -98.592786144800726, 20.304634808613276 ], [ -98.593046056628324, 20.304482467599694 ], [ -98.593208586132533, 20.304354371168053 ], [ -98.593438687531716, 20.303691515937754 ], [ -98.593899443859385, 20.302809033164564 ], [ -98.595057334696818, 20.302130333569558 ], [ -98.595734364629649, 20.301930413488165 ], [ -98.596144294688031, 20.301618411929557 ], [ -98.596683627426941, 20.301493625627081 ], [ -98.597100742014575, 20.301278226721916 ], [ -98.597483897408495, 20.301390365583252 ], [ -98.597911584125228, 20.301391347906154 ], [ -98.598436693911353, 20.301374422023596 ], [ -98.598735826927211, 20.301249520705536 ], [ -98.598891714190231, 20.301047656281224 ], [ -98.599201561320228, 20.300861207884832 ], [ -98.599582164931007, 20.300889834512077 ], [ -98.599745999324028, 20.300742522530477 ], [ -98.599935377564663, 20.30048797252357 ], [ -98.600257626825993, 20.300408919500054 ], [ -98.600511846975053, 20.300306798336788 ], [ -98.600767626581074, 20.300139995974359 ], [ -98.600810369272793, 20.299806715879718 ], [ -98.600908815418052, 20.299528547247569 ], [ -98.60116540275834, 20.299270584781244 ], [ -98.601493702614832, 20.299239931923104 ], [ -98.601712641796908, 20.29919108695406 ], [ -98.601774708481173, 20.299101514752991 ], [ -98.601807377076653, 20.298819890440814 ], [ -98.601873037593947, 20.298645793412078 ], [ -98.602015003861297, 20.298384748201904 ], [ -98.602194918415179, 20.298159662854644 ], [ -98.602228334352986, 20.298052456638302 ], [ -98.602255988765918, 20.297963732281232 ], [ -98.601954621189421, 20.29762922383728 ], [ -98.601805965745513, 20.297464219327324 ], [ -98.601351893907562, 20.296711015377539 ], [ -98.601535824225223, 20.295908335792486 ], [ -98.60179588672554, 20.294773396430731 ], [ -98.602089252335119, 20.29360821891974 ], [ -98.60231138307141, 20.292773969143056 ], [ -98.60260708316757, 20.291942793795496 ], [ -98.602944733375907, 20.291299202303254 ], [ -98.603056120425066, 20.291121416942065 ], [ -98.603639517006258, 20.290360546311859 ], [ -98.603673890195608, 20.290326486161607 ], [ -98.604204107942238, 20.289633576051749 ], [ -98.604717358807051, 20.288943104633759 ], [ -98.605244206568798, 20.288211509741181 ], [ -98.605716208765557, 20.28736673555272 ], [ -98.605721250758933, 20.287357889409904 ], [ -98.606017767342294, 20.28683767145268 ], [ -98.606101569716699, 20.286690645606097 ], [ -98.606108218958667, 20.28666796593604 ], [ -98.606132821578612, 20.286584052619411 ], [ -98.606570555760683, 20.285750758663159 ], [ -98.607723134919482, 20.28359086332128 ], [ -98.607742197016705, 20.283557674343584 ], [ -98.608015454114579, 20.283068489052418 ], [ -98.608215344108061, 20.282725315680132 ], [ -98.608799674928292, 20.281676568140323 ], [ -98.609129131523062, 20.280876644241651 ], [ -98.609451006624383, 20.280124820296464 ], [ -98.610166611862482, 20.278453303789441 ], [ -98.610255117319696, 20.278228743311718 ], [ -98.610664998439248, 20.277404706378469 ], [ -98.610975813664425, 20.27658297129345 ], [ -98.610998869418822, 20.276522014737093 ], [ -98.611514507815741, 20.275329185819984 ], [ -98.611935043442628, 20.274356342014222 ], [ -98.612155073999162, 20.273847329753295 ], [ -98.612207742336153, 20.273680904750638 ], [ -98.612227321479722, 20.273583160856706 ], [ -98.612249774489243, 20.273471064863053 ], [ -98.612262901604907, 20.273305839088003 ], [ -98.612268413089865, 20.273236471546408 ], [ -98.614485239392735, 20.2741540298709 ], [ -98.614638264351271, 20.274241938791508 ], [ -98.614642617658816, 20.274244439376233 ], [ -98.614713705870528, 20.274174371165323 ], [ -98.615173171598713, 20.273721500761908 ], [ -98.615594987437717, 20.273223501859814 ], [ -98.61569824740225, 20.273094602163059 ], [ -98.615807886019482, 20.272957738439768 ], [ -98.615896523654726, 20.272847090565623 ], [ -98.615975255598528, 20.2728798856838 ], [ -98.620146245722339, 20.274623450539341 ], [ -98.620306580222007, 20.274789704996074 ], [ -98.62092216370624, 20.275043468084316 ], [ -98.621373775977702, 20.275071292557261 ], [ -98.621908373949026, 20.275172092568834 ], [ -98.622434884963894, 20.275219363673816 ], [ -98.623122387877473, 20.275234642665453 ], [ -98.623642032472048, 20.275292466174221 ], [ -98.62392112987672, 20.275323522018304 ], [ -98.624493180007434, 20.275434037361855 ], [ -98.624524427206126, 20.275440995317009 ], [ -98.625078392564205, 20.275564347413486 ], [ -98.625158523893319, 20.275582190323238 ], [ -98.626068733217409, 20.275735775284119 ], [ -98.62639680897189, 20.275805300420256 ], [ -98.626437792258955, 20.275828121116728 ], [ -98.62653439903589, 20.275881914149419 ], [ -98.626683350983043, 20.275964854279202 ], [ -98.626712807665072, 20.275981256741566 ], [ -98.626800822715396, 20.276002871023625 ], [ -98.627190461470079, 20.276098557065001 ], [ -98.62732625038646, 20.276160190581457 ], [ -98.627581806281356, 20.276276183851849 ], [ -98.627652338291654, 20.276304638600354 ], [ -98.627792484062027, 20.276361176606041 ], [ -98.627861686681499, 20.276389094733243 ], [ -98.62809970012313, 20.276394376127801 ], [ -98.628172477587171, 20.276395990947382 ], [ -98.628495447640475, 20.276321095934829 ], [ -98.628627417322221, 20.276290492159099 ], [ -98.628754287373525, 20.276279417556221 ], [ -98.629033495074125, 20.276255043888099 ], [ -98.629230562448811, 20.276262369383701 ], [ -98.629502947136487, 20.276272493472955 ], [ -98.629626602605512, 20.276277089984081 ], [ -98.629878432424263, 20.276298513398114 ], [ -98.629938882405852, 20.276256500268325 ], [ -98.630568846563378, 20.275818672281446 ], [ -98.630951072728564, 20.275582070218764 ], [ -98.631400921828771, 20.275396982924324 ], [ -98.631766009009894, 20.27521001746792 ], [ -98.63193438582995, 20.275086135555448 ], [ -98.632003579247566, 20.275035227138517 ], [ -98.632157510154641, 20.274813569378654 ], [ -98.632367274843304, 20.274478113604427 ], [ -98.632666104316058, 20.274184645250692 ], [ -98.632695957180644, 20.2740151158327 ], [ -98.632726379301303, 20.273802392381 ], [ -98.632684996927878, 20.273445810456327 ], [ -98.632684715809177, 20.27340689501899 ], [ -98.632682171651368, 20.273054518898537 ], [ -98.632803735799939, 20.272713404401074 ], [ -98.632809338227105, 20.272488274704568 ], [ -98.632762676732924, 20.272228501753276 ], [ -98.632739069767936, 20.271997048805524 ], [ -98.632725014694302, 20.271775046418824 ], [ -98.63268528706557, 20.271404680675836 ], [ -98.632665356384052, 20.271025514872392 ], [ -98.632498135062789, 20.270853158902149 ], [ -98.632667453514074, 20.270471192126902 ], [ -98.633061104634834, 20.269640413282147 ], [ -98.633089974860212, 20.269600629167204 ], [ -98.633120369411643, 20.269541882327125 ], [ -98.633481631496764, 20.268843627577176 ], [ -98.633818076681806, 20.267003196576486 ], [ -98.633837548955086, 20.266896677664104 ], [ -98.634411100471468, 20.265441551858789 ], [ -98.634474947117127, 20.265279568076281 ], [ -98.63464076543417, 20.26482372938862 ], [ -98.634774216558839, 20.264570414777484 ], [ -98.634873603460932, 20.264198853569102 ], [ -98.63554144201845, 20.262428228473532 ], [ -98.635805432933751, 20.261758381932772 ], [ -98.635998958680801, 20.261294690795914 ], [ -98.636351011053492, 20.260451160962702 ], [ -98.636391381780086, 20.260354431758536 ], [ -98.636699634877928, 20.259672932088705 ], [ -98.637166222645874, 20.258554479671158 ], [ -98.637181229542577, 20.258518507130308 ], [ -98.637248738142347, 20.258363795078097 ], [ -98.637409571062207, 20.258126510323589 ], [ -98.637411791891722, 20.258123234393675 ], [ -98.637281156339455, 20.257993855305731 ], [ -98.636774585343929, 20.257492154939868 ], [ -98.63657958647353, 20.257299029517558 ], [ -98.636232310063505, 20.257011034325977 ], [ -98.63614172910502, 20.256907074589698 ], [ -98.63609620805488, 20.256696884657959 ], [ -98.635743291003635, 20.256268620731056 ], [ -98.635206204616352, 20.255594425581741 ], [ -98.634794488671588, 20.25527149387004 ], [ -98.63468636034095, 20.25515733823174 ], [ -98.634658393217407, 20.255121762940085 ], [ -98.634471944093917, 20.254921902195555 ], [ -98.63408628663079, 20.254246586171117 ], [ -98.633946345619236, 20.25395401656581 ], [ -98.633791867967133, 20.2537443603341 ], [ -98.633678515253663, 20.253625108905325 ], [ -98.633600410358682, 20.253560904218006 ], [ -98.633584367484843, 20.253539370300704 ], [ -98.632306595499287, 20.252537289613525 ], [ -98.631996131357027, 20.252275105568827 ], [ -98.630968778001076, 20.251229378368588 ], [ -98.630092316687012, 20.25033645594684 ], [ -98.629203116166209, 20.24947854666625 ], [ -98.628624411192746, 20.248855931854695 ], [ -98.62862232519025, 20.248802717343541 ], [ -98.628668658794439, 20.248767157145462 ], [ -98.628664066912535, 20.248699184600124 ], [ -98.628518315423236, 20.248578820744562 ], [ -98.628331719826789, 20.248310725590898 ], [ -98.628228540378856, 20.248138011026665 ], [ -98.628109427662721, 20.248151575684609 ], [ -98.628056733508529, 20.248155294965851 ], [ -98.627891187952528, 20.247904404231441 ], [ -98.627792631485804, 20.247567565658652 ], [ -98.627698977895903, 20.247008077515876 ], [ -98.627634623593949, 20.246665417048007 ], [ -98.627623165255073, 20.246604406654274 ], [ -98.627575996606694, 20.246223134151364 ], [ -98.627547672032051, 20.246048294175345 ], [ -98.627540826386181, 20.246006038564484 ], [ -98.627795905475352, 20.245660226720862 ], [ -98.627918442172088, 20.245513364682644 ], [ -98.627964357560387, 20.245458335045839 ], [ -98.628090355223009, 20.244805705841241 ], [ -98.628182798207021, 20.244188207519212 ], [ -98.628287629558002, 20.243686199860818 ], [ -98.628358681542082, 20.243176682016731 ], [ -98.628414613015039, 20.242884476376304 ], [ -98.62846361156933, 20.242478476157544 ], [ -98.628437815795635, 20.241887386111184 ], [ -98.628323130477327, 20.241391809052185 ], [ -98.627943256048823, 20.240685021707215 ], [ -98.627946882802732, 20.240539462932166 ], [ -98.62797909666881, 20.240360666159258 ], [ -98.627941640876614, 20.240347573217711 ], [ -98.627935236914965, 20.240345335024845 ], [ -98.627257443539989, 20.240254810063213 ], [ -98.626983605434205, 20.240212641565925 ], [ -98.6262533261052, 20.240084502111291 ], [ -98.626769699368367, 20.239235148127005 ], [ -98.62692392635519, 20.238985219020719 ], [ -98.627246938060267, 20.23847838970644 ], [ -98.627281019078723, 20.238481658656546 ], [ -98.627427912140547, 20.23822601928395 ], [ -98.627742747045943, 20.237778932607728 ], [ -98.628030852747614, 20.23733658534891 ], [ -98.628398789154019, 20.236820330291245 ], [ -98.628596659901518, 20.236546058286454 ], [ -98.628952463904213, 20.23603446712168 ], [ -98.629273192672329, 20.235555202246271 ], [ -98.629649737206833, 20.23484261025769 ], [ -98.629748800113589, 20.234729575225227 ], [ -98.630160860739807, 20.234060407890727 ], [ -98.630368889494804, 20.233864142834939 ], [ -98.630472584872109, 20.233713198431545 ], [ -98.630774415480857, 20.233260649457243 ], [ -98.6307815155821, 20.233250004722994 ], [ -98.631000885464189, 20.232835842459419 ], [ -98.631024489174024, 20.232708317760977 ], [ -98.631060911574878, 20.232484283927107 ], [ -98.631332161162888, 20.231986668472278 ], [ -98.631403344212657, 20.231889848141694 ], [ -98.631648914034912, 20.231454613138268 ], [ -98.631893477783024, 20.231054954733029 ], [ -98.632009160416374, 20.230777165428197 ], [ -98.632065001517191, 20.230643074253429 ], [ -98.632122166989745, 20.230646211754582 ], [ -98.633729730333286, 20.230965209716775 ], [ -98.633849473430274, 20.230987868285581 ], [ -98.635559326836415, 20.231311412451138 ], [ -98.637098911841647, 20.231489511189313 ], [ -98.640068678850724, 20.231876198257442 ], [ -98.641996764606233, 20.232163272711087 ], [ -98.644117962295738, 20.232337616732924 ], [ -98.645429144377658, 20.232396552130087 ], [ -98.64600678779766, 20.232615352412374 ], [ -98.645971545315334, 20.232664115559075 ], [ -98.644500364797125, 20.234699698277257 ], [ -98.644374836335317, 20.234845769128125 ], [ -98.643861924459202, 20.23552759164718 ], [ -98.64350928302909, 20.235996360272779 ], [ -98.643467393947546, 20.236039033608726 ], [ -98.642844829220266, 20.236810681469759 ], [ -98.642613630435193, 20.237097242049973 ], [ -98.642318329090017, 20.237477065133415 ], [ -98.641780886589601, 20.238168328255128 ], [ -98.64176652001747, 20.238186768104704 ], [ -98.641281509172359, 20.238809259263228 ], [ -98.640869198752043, 20.2393346291976 ], [ -98.640393274399003, 20.23994105147176 ], [ -98.640316240819715, 20.240039207526305 ], [ -98.640173107553409, 20.240462889679783 ], [ -98.640147949702452, 20.240536797181978 ], [ -98.640146467591066, 20.240540950163414 ], [ -98.63973358435635, 20.241697505423751 ], [ -98.639461236611993, 20.242815697228838 ], [ -98.639377620367597, 20.244153937752355 ], [ -98.639321841972532, 20.245581236557459 ], [ -98.639147752759214, 20.247152000763592 ], [ -98.639148563910481, 20.247337979934137 ], [ -98.639379047770404, 20.247413221484358 ], [ -98.639719680461013, 20.24768233652064 ], [ -98.640229278924721, 20.247994070154704 ], [ -98.640707774818864, 20.24810300858573 ], [ -98.641163862386151, 20.248096775044012 ], [ -98.641657875014403, 20.248126450119404 ], [ -98.641923658139547, 20.248234470466603 ], [ -98.642212173818663, 20.248378367381143 ], [ -98.642576840633922, 20.248465098819956 ], [ -98.642759063891631, 20.248551456999746 ], [ -98.643194428202975, 20.248818940610093 ], [ -98.64329975910492, 20.248911664332191 ], [ -98.643430194058425, 20.249016029698211 ], [ -98.643605822993365, 20.249160238150818 ], [ -98.643945676840374, 20.249304781549768 ], [ -98.644012539410028, 20.249317848011021 ], [ -98.644405087005026, 20.249318645307074 ], [ -98.644878550336287, 20.249276040049082 ], [ -98.645317253574689, 20.249287818457084 ], [ -98.645501709059019, 20.249407991906921 ], [ -98.645605223362139, 20.249582459576711 ], [ -98.64583578760373, 20.249735399081629 ], [ -98.646076922851989, 20.249739163919013 ], [ -98.646406390557402, 20.249771986375176 ], [ -98.646815497884788, 20.249762090267332 ], [ -98.647383599236193, 20.249795391583671 ], [ -98.647769860237673, 20.249839045746981 ], [ -98.648031027136625, 20.249925323503025 ], [ -98.64840561151648, 20.250108303319298 ], [ -98.648905196427719, 20.250291534095027 ], [ -98.649257366828877, 20.250335114626996 ], [ -98.649609707458268, 20.250303662304596 ], [ -98.649904773946773, 20.250475760578613 ], [ -98.650026859307246, 20.250881577774162 ], [ -98.650142066388227, 20.251147150451686 ], [ -98.65046131542735, 20.251012432361819 ], [ -98.650777427188643, 20.250872189799839 ], [ -98.650891154868788, 20.250570905535096 ], [ -98.651338833251828, 20.250255569382148 ], [ -98.652232941626693, 20.249563841564829 ], [ -98.652559392812051, 20.249471230217075 ], [ -98.653065572404913, 20.249313556898496 ], [ -98.653388893954514, 20.249115288001956 ], [ -98.653944590033817, 20.247805066097644 ], [ -98.657742726970127, 20.247360008446179 ], [ -98.659294352978378, 20.245779647604529 ], [ -98.659874852424494, 20.245489049124185 ], [ -98.66081177764346, 20.244986712781735 ], [ -98.662289950681853, 20.243994252668774 ], [ -98.662682028460964, 20.243742822598431 ], [ -98.663977096808395, 20.24537228553967 ], [ -98.665553339347667, 20.246276066441737 ], [ -98.666276897693933, 20.246818838711349 ], [ -98.66691429925929, 20.247233263119778 ], [ -98.667232489842988, 20.247914667285542 ], [ -98.667732870551561, 20.24845253747614 ], [ -98.668231180844259, 20.249074663907226 ], [ -98.668783913258707, 20.24951487663828 ], [ -98.669266141595159, 20.249708370870142 ], [ -98.669376321153663, 20.249995309779575 ], [ -98.669311908216372, 20.25053151253347 ], [ -98.669572069848215, 20.251182499552854 ], [ -98.669778122783228, 20.251363506073286 ], [ -98.670328988003973, 20.251438807247418 ], [ -98.670663400397871, 20.251461942372966 ], [ -98.671075682896372, 20.251723885595364 ], [ -98.671211842747297, 20.251929741518019 ], [ -98.671483944472115, 20.252461178839173 ], [ -98.672011824624221, 20.25302364146334 ], [ -98.671755782744043, 20.253498597301309 ], [ -98.671833248994403, 20.254162834482567 ], [ -98.671643192316296, 20.254826822781538 ], [ -98.671584329939293, 20.254980236144714 ], [ -98.671851845204927, 20.255071970398387 ], [ -98.672110227427424, 20.254937317354766 ], [ -98.672534455133288, 20.254906854565888 ], [ -98.672683511283054, 20.255106889768868 ], [ -98.672801135899959, 20.255323841388567 ], [ -98.672800292165306, 20.256133297747901 ], [ -98.672995568122829, 20.256623031331248 ], [ -98.672972440855105, 20.256733407216672 ], [ -98.672453667143074, 20.257043392939625 ], [ -98.672307997706682, 20.257283684628291 ], [ -98.67231071646205, 20.257615003565583 ], [ -98.672526663067657, 20.257640049483378 ], [ -98.672805451794872, 20.257671521332615 ], [ -98.673198901133091, 20.257780579040112 ], [ -98.673772567963908, 20.257998299342884 ], [ -98.674329920879572, 20.258169561304754 ], [ -98.674969039261711, 20.25846477234024 ], [ -98.675286294448057, 20.258681786232717 ], [ -98.675474551698159, 20.258992888188843 ], [ -98.675513049195899, 20.259333191288739 ], [ -98.675636085257864, 20.259708202831273 ], [ -98.675873548189259, 20.259889872833007 ], [ -98.676303136321565, 20.26006326840027 ], [ -98.676651433725553, 20.260366222064995 ], [ -98.677233966506193, 20.260716485507729 ], [ -98.677637301080154, 20.26093944039733 ], [ -98.67815120404461, 20.261479315719583 ], [ -98.678227293187106, 20.261720236853289 ], [ -98.678356061248081, 20.262054693064467 ], [ -98.678513759460358, 20.262580491386608 ], [ -98.678723089330404, 20.262949962776027 ], [ -98.678882372522651, 20.263098228906077 ], [ -98.679096375304738, 20.263178125544485 ], [ -98.67922819075271, 20.263196247557758 ], [ -98.680064025450079, 20.262411771738247 ], [ -98.680346445624281, 20.262118510090691 ], [ -98.680587149524555, 20.262157590572389 ], [ -98.680648314978527, 20.262333943451125 ], [ -98.680734133596175, 20.262513040686006 ], [ -98.680749893757962, 20.262789849822219 ], [ -98.680526915788008, 20.26322509054744 ], [ -98.680596063023216, 20.26368064624457 ], [ -98.681130091183618, 20.264726281193187 ], [ -98.681629399642716, 20.264987631164466 ], [ -98.682319433138233, 20.264981079188313 ], [ -98.683066460056651, 20.265618548506396 ], [ -98.683564916243142, 20.265252116731048 ], [ -98.683703062535329, 20.265319178837039 ], [ -98.683743578548416, 20.265979164139889 ], [ -98.684316962696499, 20.266555440937619 ], [ -98.684581561526059, 20.266491144592582 ], [ -98.685106338998565, 20.266269094436442 ], [ -98.685355698311596, 20.265145161047482 ], [ -98.685936735088617, 20.264972236228918 ], [ -98.686367839290796, 20.264238658075907 ], [ -98.685046674085655, 20.264091376547626 ], [ -98.68483018466965, 20.262796337192324 ], [ -98.685943204766232, 20.263312067220514 ], [ -98.687229513105095, 20.262943520749996 ], [ -98.687744937122133, 20.262325304104767 ], [ -98.687428869195273, 20.261905607632869 ], [ -98.688067513324583, 20.262372118130148 ], [ -98.688099605836044, 20.262691996388241 ], [ -98.687433853487221, 20.263652384983327 ], [ -98.686342304363947, 20.263588189355488 ], [ -98.687092005326249, 20.264571171321204 ], [ -98.688964676975971, 20.264528110144578 ], [ -98.689333506217324, 20.26281367383179 ], [ -98.689558148747835, 20.26282330805499 ], [ -98.689780692941625, 20.262998557997776 ], [ -98.689961175326047, 20.263492750539584 ], [ -98.690960115595971, 20.263941797280449 ], [ -98.690938384278567, 20.263793147333576 ], [ -98.690804483947744, 20.263502944358706 ], [ -98.690773018141826, 20.263225005416942 ], [ -98.690918357978262, 20.262903079953073 ], [ -98.690986411668078, 20.26255367818143 ], [ -98.690880238248013, 20.262309888276956 ], [ -98.690566369607012, 20.262060430347429 ], [ -98.690492031338991, 20.261959074002505 ], [ -98.690503410721234, 20.261717481393646 ], [ -98.690432979170694, 20.261511731105518 ], [ -98.690299067514943, 20.261348032504742 ], [ -98.690341693811121, 20.261145319784461 ], [ -98.690199834122765, 20.261061784514222 ], [ -98.68994651518662, 20.261054093320887 ], [ -98.689775368552617, 20.260968437635285 ], [ -98.689598121953864, 20.260744919325244 ], [ -98.689639645813259, 20.260522167233397 ], [ -98.689727473080964, 20.26025105419756 ], [ -98.689825926164644, 20.259898684353168 ], [ -98.689843058849149, 20.259457690788384 ], [ -98.68988022714808, 20.259166296792294 ], [ -98.689972540151359, 20.259061991363549 ], [ -98.690065354218163, 20.258974759233549 ], [ -98.690183605868484, 20.25880016957268 ], [ -98.69021768794083, 20.258601597609427 ], [ -98.69018423620382, 20.258482360768522 ], [ -98.690108787592294, 20.258307431970703 ], [ -98.690142836560909, 20.258124751777984 ], [ -98.690336889706174, 20.257950298619029 ], [ -98.690561447603841, 20.257858057662883 ], [ -98.690834638321576, 20.257707425586307 ], [ -98.690876432281456, 20.25757317889483 ], [ -98.690835170123037, 20.257438781389823 ], [ -98.690793953685159, 20.257282002046761 ], [ -98.69079439598805, 20.257058130732148 ], [ -98.69081174463723, 20.256815834719195 ], [ -98.690523349989149, 20.256660459919001 ], [ -98.690172042363571, 20.256366565638828 ], [ -98.690018211587159, 20.255733763985461 ], [ -98.689775450122468, 20.255486382341484 ], [ -98.689598245898168, 20.255326172243777 ], [ -98.689616644620315, 20.254635579782615 ], [ -98.690323969695285, 20.254219241520698 ], [ -98.690767140149589, 20.253826737053277 ], [ -98.690803725812728, 20.252852536943774 ], [ -98.690761300688948, 20.252061795467249 ], [ -98.690760063772856, 20.252048238029481 ], [ -98.691237519795564, 20.251602916580701 ], [ -98.691738603724559, 20.251243579501004 ], [ -98.6917696988817, 20.251161439231019 ], [ -98.691944491772531, 20.251187662100769 ], [ -98.692033617807184, 20.250894355370008 ], [ -98.692646131880622, 20.250500028248769 ], [ -98.693007116008616, 20.250356236834573 ], [ -98.693587130274466, 20.249221382384764 ], [ -98.694144841027878, 20.247335023484684 ], [ -98.695046214393855, 20.246549410093088 ], [ -98.695466735681634, 20.24652872419087 ], [ -98.695812779608531, 20.246574416051665 ], [ -98.696069162463758, 20.246355042529153 ], [ -98.696638150058476, 20.246238294052805 ], [ -98.696903691579905, 20.246055762394459 ], [ -98.697695883993902, 20.245681669185057 ], [ -98.698478273492029, 20.245814089841669 ], [ -98.698964381104119, 20.24454421446611 ], [ -98.699250476810377, 20.244236891148994 ], [ -98.699510508910507, 20.243595965920488 ], [ -98.699997164735819, 20.242569773721605 ], [ -98.703283400972964, 20.23967597377677 ], [ -98.703785670139183, 20.239498232599875 ], [ -98.70423606360383, 20.238611273234621 ], [ -98.704060509444275, 20.238047574276177 ], [ -98.703660029835106, 20.237566611256877 ], [ -98.703945984940873, 20.237028762846894 ], [ -98.703984334674814, 20.236746704939073 ], [ -98.703728564051829, 20.236561719447572 ], [ -98.704235008376259, 20.234782735998852 ], [ -98.70422172241436, 20.234744621450385 ], [ -98.704489316948298, 20.234691971691127 ], [ -98.704905277344409, 20.234692671614578 ], [ -98.705511904371008, 20.234460432636958 ], [ -98.705847866477612, 20.234292872748945 ], [ -98.706187063516083, 20.234122416488187 ], [ -98.706513199415156, 20.234091170909601 ], [ -98.706850577812119, 20.234028101330445 ], [ -98.707188017089436, 20.233933288218914 ], [ -98.707401619478503, 20.233944259268139 ], [ -98.707648937422121, 20.233976461925117 ], [ -98.707840168661235, 20.233934375674274 ], [ -98.707952679613186, 20.233849751422824 ], [ -98.708222587279224, 20.233818408431354 ], [ -98.708469985834569, 20.233808255792258 ], [ -98.708784635749382, 20.233882975915332 ], [ -98.709099701594027, 20.23373510206304 ], [ -98.709501420076194, 20.233502359608117 ], [ -98.709861385265043, 20.233375787451493 ], [ -98.710322540813735, 20.233291736937581 ], [ -98.711259756803571, 20.232941767056595 ], [ -98.711157294297763, 20.232809525293156 ], [ -98.711056420070946, 20.232706123321552 ], [ -98.711065084043625, 20.232571108412447 ], [ -98.711250458224669, 20.232531711875442 ], [ -98.712059352651622, 20.232437715227082 ], [ -98.712556363670146, 20.232438528592901 ], [ -98.713277037082847, 20.232235314369312 ], [ -98.713585657142957, 20.232247106132501 ], [ -98.714145106809212, 20.232286258574391 ], [ -98.714598988181919, 20.232409364577194 ], [ -98.714996006954351, 20.232850158448077 ], [ -98.714883769107857, 20.233094143311892 ], [ -98.714718351840489, 20.233460126992693 ], [ -98.714785116536177, 20.233792273154283 ], [ -98.714918931280181, 20.233996854038672 ], [ -98.715114062175516, 20.234542756086604 ], [ -98.715206484166458, 20.234805658178516 ], [ -98.715298783120431, 20.235136678640462 ], [ -98.71528797863391, 20.235399415052814 ], [ -98.715174060975826, 20.235603588104738 ], [ -98.715091274245722, 20.235720232723075 ], [ -98.715080646129095, 20.235885652836554 ], [ -98.715049286572324, 20.236099695706887 ], [ -98.714859809114614, 20.236466977925939 ], [ -98.714793384925358, 20.236570937615049 ], [ -98.714825667049269, 20.237028889343161 ], [ -98.714979520831207, 20.237403787894518 ], [ -98.715077961269643, 20.237903478216584 ], [ -98.715220823639314, 20.2382575416771 ], [ -98.715308680160902, 20.238507450395762 ], [ -98.715496099019035, 20.238643042975742 ], [ -98.715606242936929, 20.23877851031515 ], [ -98.71563892521965, 20.239017918769097 ], [ -98.715704099185913, 20.23960122641456 ], [ -98.715731570255741, 20.240232483902588 ], [ -98.715661153031405, 20.240884965876003 ], [ -98.71536609469112, 20.241357619161359 ], [ -98.715071202022301, 20.241732379929992 ], [ -98.714880301515976, 20.24202573810107 ], [ -98.714741341305199, 20.24230286690192 ], [ -98.714654420227518, 20.242514818859807 ], [ -98.714636486279474, 20.242857402119458 ], [ -98.715347820236062, 20.243354260168406 ], [ -98.715858099759018, 20.243878932584952 ], [ -98.716013389617132, 20.244046815601866 ], [ -98.71602407931438, 20.244277323815222 ], [ -98.716145822851672, 20.244560395735299 ], [ -98.716356562292304, 20.244791227887642 ], [ -98.716567264872424, 20.245043017524818 ], [ -98.716755270134797, 20.245556688300486 ], [ -98.716798662108715, 20.246143801651158 ], [ -98.716664878461927, 20.246374077859517 ], [ -98.716509147321418, 20.246447160243459 ], [ -98.716286850194138, 20.246457279535228 ], [ -98.71603130975835, 20.246414960166803 ], [ -98.715809109552325, 20.24637269349823 ], [ -98.715598043958863, 20.246319964797415 ], [ -98.715364727478828, 20.246277680293733 ], [ -98.715175770681157, 20.24628784755086 ], [ -98.714953493547043, 20.246287487847912 ], [ -98.714731063389593, 20.246370944289463 ], [ -98.714442070170918, 20.246391427646302 ], [ -98.714075388132102, 20.24634891821519 ], [ -98.713383871281607, 20.24634825347341 ], [ -98.713115223867675, 20.246411097019312 ], [ -98.712980218678581, 20.246469662595914 ], [ -98.712232594556696, 20.247130270837864 ], [ -98.711733046119278, 20.247834196925588 ], [ -98.711233151216675, 20.248773067263787 ], [ -98.710322488736011, 20.249784130249356 ], [ -98.710306672310352, 20.250210300233331 ], [ -98.710517877691046, 20.250606880090714 ], [ -98.710532078534783, 20.250841712734644 ], [ -98.710565498778138, 20.251051859720956 ], [ -98.710475801140674, 20.251232436397121 ], [ -98.710167822852682, 20.25176506533511 ], [ -98.710036643266832, 20.25195686833997 ], [ -98.709909609021096, 20.252196118543065 ], [ -98.709793264873312, 20.252478306669602 ], [ -98.7100372551497, 20.253016364422244 ], [ -98.70991600121225, 20.253901712712267 ], [ -98.70996591683155, 20.254335533109536 ], [ -98.710016541775175, 20.255392852773163 ], [ -98.710162860379882, 20.255842645199387 ], [ -98.710293372417965, 20.256296929688261 ], [ -98.710312715570453, 20.256678742276836 ], [ -98.710375707880019, 20.256882160370534 ], [ -98.710272958169426, 20.257139522518131 ], [ -98.710258019039841, 20.257352768648129 ], [ -98.709904221264935, 20.25765355122449 ], [ -98.709694813114154, 20.257455413697134 ], [ -98.709317658688121, 20.257217439629009 ], [ -98.708646818326216, 20.256978978834802 ], [ -98.70818553526108, 20.256859537556494 ], [ -98.707178540813615, 20.256897420318573 ], [ -98.706632829269651, 20.25705474385024 ], [ -98.705751699822642, 20.257092827395599 ], [ -98.704699219282546, 20.256947922585553 ], [ -98.704446369410448, 20.257540871289226 ], [ -98.704151410558595, 20.258212865366257 ], [ -98.703856524307753, 20.258845299598704 ], [ -98.703561185663986, 20.259715082767524 ], [ -98.703140728221172, 20.260189070185127 ], [ -98.702888465905801, 20.260465552732008 ], [ -98.702678161298692, 20.260742103743336 ], [ -98.702509960610257, 20.260939609232381 ], [ -98.702131978839077, 20.26113675931968 ], [ -98.701963928899758, 20.261255150215149 ], [ -98.701628128939845, 20.261333696020156 ], [ -98.701124502633718, 20.261411955365602 ], [ -98.700872766560238, 20.26141152740276 ], [ -98.700662607285267, 20.261608959917552 ], [ -98.70057839126315, 20.261767049491819 ], [ -98.700451841255301, 20.262122857771985 ], [ -98.700198509615859, 20.262953146500692 ], [ -98.700155642881697, 20.263427773241094 ], [ -98.699987283856757, 20.263704392472288 ], [ -98.699357020048126, 20.264178012649218 ], [ -98.698767945811099, 20.265047282756186 ], [ -98.698347152380137, 20.265679491560014 ], [ -98.698052305776287, 20.266272357030186 ], [ -98.697505480264226, 20.266983463111966 ], [ -98.69708317262436, 20.267623032530533 ], [ -98.696660524235753, 20.269204629653217 ], [ -98.696312535463733, 20.270123959658125 ], [ -98.696535743038694, 20.271332970553594 ], [ -98.697459596718076, 20.27176373630321 ], [ -98.697633851328931, 20.271133538933764 ], [ -98.697690453792433, 20.270629267743864 ], [ -98.698033669507652, 20.270201321863787 ], [ -98.698047958107693, 20.269662185991489 ], [ -98.697916502185649, 20.269421968322703 ], [ -98.698025507677656, 20.269239594779691 ], [ -98.698289824730978, 20.269107908778718 ], [ -98.698514474788084, 20.269119960508807 ], [ -98.698862063074387, 20.269185362396104 ], [ -98.699060067027872, 20.269937064033993 ], [ -98.699211760542752, 20.270865948318068 ], [ -98.699034859831016, 20.271576561053489 ], [ -98.698566802553984, 20.272143929005043 ], [ -98.698685539202643, 20.272631738799205 ], [ -98.698868194198127, 20.272716767777396 ], [ -98.699121249225072, 20.272577074807391 ], [ -98.700789317742988, 20.270974095057483 ], [ -98.701137110702177, 20.271271674927235 ], [ -98.701199257446248, 20.271670275997156 ], [ -98.699968107196142, 20.272783684171209 ], [ -98.699972852090724, 20.272935560236395 ], [ -98.700065403921229, 20.273116170554967 ], [ -98.700629558690707, 20.273563077969616 ], [ -98.701321933088508, 20.273833110358414 ], [ -98.70215167418516, 20.273962066233242 ], [ -98.702894299272174, 20.274139582445027 ], [ -98.703629708762648, 20.274314680046729 ], [ -98.70365360867963, 20.274251537464171 ], [ -98.703726695346987, 20.274117229587247 ], [ -98.703773931800285, 20.274033160621318 ], [ -98.703668047125589, 20.27385867223801 ], [ -98.703694255609221, 20.273483516887946 ], [ -98.704581725970243, 20.27386106142232 ], [ -98.705120605065389, 20.274188362927116 ], [ -98.705095954029261, 20.274508480783112 ], [ -98.704828996090498, 20.274940834887001 ], [ -98.70411676728402, 20.275538822310857 ], [ -98.704048258704901, 20.276193409994939 ], [ -98.704102481761339, 20.276493617691614 ], [ -98.704793701376445, 20.277146731848514 ], [ -98.705327756166781, 20.277121080299331 ], [ -98.705882266806924, 20.276505832090066 ], [ -98.706236230998911, 20.275643373461346 ], [ -98.706790757563212, 20.275557919018752 ], [ -98.707378801611199, 20.275272177821822 ], [ -98.707496909303785, 20.275428966157396 ], [ -98.707394624951689, 20.276100277600573 ], [ -98.707249886156234, 20.276304387411201 ], [ -98.708192129289102, 20.277203664604013 ], [ -98.708636269445108, 20.277427130079047 ], [ -98.708737530616048, 20.277826921462871 ], [ -98.708585866910965, 20.278524034815863 ], [ -98.708424247215959, 20.279241685224726 ], [ -98.708171509197769, 20.280413603319694 ], [ -98.708330609906099, 20.280619875386137 ], [ -98.709193952750411, 20.28091772015873 ], [ -98.709527073404345, 20.280818257840451 ], [ -98.710062224137289, 20.280251624460405 ], [ -98.710012214354862, 20.280210573471244 ], [ -98.710597971065653, 20.279700374486207 ], [ -98.711430450986498, 20.279806396754722 ], [ -98.711990221407703, 20.279285455561613 ], [ -98.712720617063653, 20.278608417579601 ], [ -98.712916152989393, 20.278766916723043 ], [ -98.713119776145945, 20.27905216370414 ], [ -98.713070334703914, 20.279502727090623 ], [ -98.712478935946606, 20.280550741217738 ], [ -98.712738262851857, 20.280956701881429 ], [ -98.713022472374846, 20.281326664171335 ], [ -98.714294269941036, 20.281050072952393 ], [ -98.714021498006872, 20.280209043427845 ], [ -98.714078615156268, 20.27992075536957 ], [ -98.714191697352334, 20.279830480417438 ], [ -98.714350279511208, 20.279796718083844 ], [ -98.714819670996974, 20.279774320486624 ], [ -98.715036387543492, 20.279714023367632 ], [ -98.715338274369984, 20.27940371569672 ], [ -98.715888684933006, 20.279288129303556 ], [ -98.716396496691829, 20.279717215624807 ], [ -98.716644317092872, 20.27970260498282 ], [ -98.71685471895627, 20.279641207433919 ], [ -98.716919231852472, 20.279656195411963 ], [ -98.717110066352973, 20.279602721089844 ], [ -98.717510248409326, 20.279534764861463 ], [ -98.717800866761976, 20.279343903425378 ], [ -98.717850929048993, 20.279211922813111 ], [ -98.717773757769379, 20.278866887967663 ], [ -98.717928117961492, 20.278280798746806 ], [ -98.718453378987832, 20.278587407590198 ], [ -98.719460320926913, 20.278890057297406 ], [ -98.719980050563791, 20.278826090232165 ], [ -98.720577927590213, 20.278695219859735 ], [ -98.720941358855526, 20.278600047788245 ], [ -98.721298935152603, 20.278796139361109 ], [ -98.721558501862503, 20.279029536153555 ], [ -98.721891796314722, 20.279392300448698 ], [ -98.722045691486443, 20.279815588579734 ], [ -98.722261341325876, 20.280297324820822 ], [ -98.722477383107389, 20.280560246112575 ], [ -98.722745674609385, 20.28054061223509 ], [ -98.722827548405661, 20.28053462108506 ], [ -98.723085269107187, 20.280458300965876 ], [ -98.723369952477682, 20.280471535723926 ], [ -98.723775417915263, 20.280539690134528 ], [ -98.723792631193774, 20.280542583614785 ], [ -98.724291571603572, 20.280626448508375 ], [ -98.724670969624995, 20.280742135514366 ], [ -98.72482025426757, 20.28098715880445 ], [ -98.724873741783981, 20.2810749481446 ], [ -98.724927158025395, 20.281535405292466 ], [ -98.724999306861136, 20.281758970717487 ], [ -98.724864484366606, 20.282476068017765 ], [ -98.724880059955453, 20.283071934185305 ], [ -98.724895606037322, 20.283683480431399 ], [ -98.724944613752697, 20.284169642622501 ], [ -98.724912735799577, 20.284802654088828 ], [ -98.724961801524472, 20.285106858569254 ], [ -98.725296111681828, 20.285399813207942 ], [ -98.72561908798501, 20.285618877149801 ], [ -98.725819929222439, 20.285660388127127 ], [ -98.725959784403727, 20.285611168069774 ], [ -98.726178328534345, 20.285520875548258 ], [ -98.726387935210525, 20.285545921842207 ], [ -98.726711074763372, 20.285587626077326 ], [ -98.726903315212425, 20.285554965354038 ], [ -98.72710264846053, 20.285549146888869 ], [ -98.727352562791964, 20.286292459837384 ], [ -98.727390844466143, 20.286597637899408 ], [ -98.727519750339056, 20.286878551126197 ], [ -98.727661442082265, 20.287244915448035 ], [ -98.72767365739243, 20.287659897880292 ], [ -98.7275693521524, 20.288111313309091 ], [ -98.727505347520605, 20.28863779226781 ], [ -98.727589016277619, 20.288964568250119 ], [ -98.727647703239242, 20.289209608548195 ], [ -98.727797303146005, 20.289481951946136 ], [ -98.727987241429503, 20.289702983098927 ], [ -98.728178430777774, 20.289832236470911 ], [ -98.728314897905705, 20.289978600674818 ], [ -98.728542375658364, 20.29020248371901 ], [ -98.728806350901536, 20.290409225752978 ], [ -98.729024824419156, 20.290572911571196 ], [ -98.729380034415982, 20.290728209267389 ], [ -98.729726340104079, 20.29076313488321 ], [ -98.730090299151357, 20.290739376447146 ], [ -98.730444739914162, 20.290599822254801 ], [ -98.730705096918001, 20.29048008981788 ], [ -98.73087042459413, 20.290385430841908 ], [ -98.731051832718833, 20.290184394490286 ], [ -98.731173846554199, 20.290007690998348 ], [ -98.731357486084022, 20.289717038467963 ], [ -98.73145892399404, 20.289454505916339 ], [ -98.731765780681812, 20.289234322284376 ], [ -98.732069754302131, 20.289234787219311 ], [ -98.732354395774593, 20.28936947134083 ], [ -98.732567297896608, 20.289622487325339 ], [ -98.732659289106323, 20.290051007003839 ], [ -98.732601069837685, 20.290439423689602 ], [ -98.732573516683303, 20.290906648270465 ], [ -98.732472272034045, 20.291349179762797 ], [ -98.732427471609242, 20.291615091625257 ], [ -98.732029449816011, 20.292004641482961 ], [ -98.731967357409104, 20.292356052500903 ], [ -98.731911865974567, 20.292722874279018 ], [ -98.732234405296978, 20.293060767501053 ], [ -98.732323008524418, 20.293564815728857 ], [ -98.732597698752102, 20.293640153606017 ], [ -98.732858113357977, 20.293645185897827 ], [ -98.733439237736192, 20.293430467243208 ], [ -98.733689645076367, 20.293653518772981 ], [ -98.734000860088216, 20.293888129562525 ], [ -98.734145228116276, 20.294221595053134 ], [ -98.734135450373671, 20.294599484645605 ], [ -98.733816783611161, 20.295063225316753 ], [ -98.734006051573118, 20.295592625394569 ], [ -98.734451387709527, 20.295949646436839 ], [ -98.734370247299182, 20.296317555305453 ], [ -98.734232128468165, 20.296828028063935 ], [ -98.734040350815349, 20.297168366336965 ], [ -98.733731383496831, 20.297708888942896 ], [ -98.7332504275887, 20.298132255376441 ], [ -98.733165677724813, 20.2982523964316 ], [ -98.732962199560006, 20.298540846525512 ], [ -98.733135219611285, 20.298574667784454 ], [ -98.733388863239099, 20.298624247853077 ], [ -98.733837301699964, 20.298625101647627 ], [ -98.734268520140148, 20.298617103466146 ], [ -98.734905844203382, 20.298601170976106 ], [ -98.735651019234624, 20.298527955485184 ], [ -98.736335347139971, 20.298549131428818 ], [ -98.736757351188672, 20.298329652263217 ], [ -98.73731675576407, 20.297889963649332 ], [ -98.737680870141986, 20.297170051740547 ], [ -98.737948275704809, 20.296917722277609 ], [ -98.738032497720056, 20.296735807596122 ], [ -98.738351715795034, 20.296538413900905 ], [ -98.738670258370817, 20.296744672276645 ], [ -98.738980303931854, 20.297014244512575 ], [ -98.739507686582769, 20.29704739284734 ], [ -98.739954103238375, 20.2967241018214 ], [ -98.740474074330351, 20.296896683566043 ], [ -98.741263403668981, 20.296994279846512 ], [ -98.741815234397194, 20.297177593483919 ], [ -98.742284414398384, 20.297116063264031 ], [ -98.742803169399835, 20.296899777221583 ], [ -98.743474758164083, 20.296240189960891 ], [ -98.744211048611703, 20.29594295768494 ], [ -98.744819551790329, 20.29544332331594 ], [ -98.745384197343441, 20.295365131141239 ], [ -98.745678474649566, 20.295327859386333 ], [ -98.745995342321862, 20.295406554002458 ], [ -98.746405204840329, 20.295484185727052 ], [ -98.746891827481477, 20.295406966179392 ], [ -98.747503355407119, 20.29549046406758 ], [ -98.747944957178717, 20.295595531479076 ], [ -98.74809151818242, 20.295577684449981 ], [ -98.748228808937284, 20.295463957691837 ], [ -98.748518756477296, 20.295097043132703 ], [ -98.748666341833029, 20.294675322950411 ], [ -98.749085186388569, 20.294534911404032 ], [ -98.749146146864291, 20.294032750602732 ], [ -98.749604637521458, 20.293811795605944 ], [ -98.750083312153492, 20.293652663153711 ], [ -98.750784439407823, 20.293219682732893 ], [ -98.751231879524724, 20.293284218336058 ], [ -98.751618265490293, 20.293072638494127 ], [ -98.751634429658395, 20.293369879001137 ], [ -98.752136874202535, 20.293418016839826 ], [ -98.752461360364975, 20.293415013445664 ], [ -98.752728886318366, 20.293200803904114 ], [ -98.753127286052219, 20.292970649173622 ], [ -98.753523320261223, 20.293042934077064 ], [ -98.753944622577009, 20.292971301048809 ], [ -98.75463540326291, 20.292431548243126 ], [ -98.755426401010837, 20.292205498571434 ], [ -98.75584506449151, 20.292363229536036 ], [ -98.756536698599461, 20.292217531506402 ], [ -98.757133129328778, 20.291941137401778 ], [ -98.757640107065413, 20.291670877929938 ], [ -98.757722192464556, 20.291439838825251 ], [ -98.75776299899222, 20.290948909031002 ], [ -98.758105912030544, 20.290464525540639 ], [ -98.758838459782439, 20.290048412164651 ], [ -98.759759806915426, 20.289799510288777 ], [ -98.760054674051986, 20.289625633382425 ], [ -98.760451159896263, 20.289375587158322 ], [ -98.760723983958144, 20.289083759564033 ], [ -98.760877558785481, 20.288914715308362 ], [ -98.761054488759257, 20.288808810421322 ], [ -98.761430272399991, 20.288590452441589 ], [ -98.762119533097547, 20.288185427065741 ], [ -98.763057062282499, 20.287263128135741 ], [ -98.763272982405425, 20.28678641188937 ], [ -98.763979413977935, 20.28579017619699 ], [ -98.764374511221831, 20.284722176211318 ], [ -98.764484495450432, 20.284080753776937 ], [ -98.764487782156365, 20.284067202334377 ], [ -98.764590595612532, 20.28399855945743 ], [ -98.764696675997129, 20.284051455922761 ], [ -98.764836316339441, 20.284104355634078 ], [ -98.765031839509263, 20.28415733277274 ], [ -98.765241152835685, 20.284328938444638 ], [ -98.765562306736413, 20.284461158332107 ], [ -98.766148996401483, 20.284541015947884 ], [ -98.767016543143086, 20.28483680728856 ], [ -98.767272404591097, 20.284855711817404 ], [ -98.767616804416463, 20.284902588198754 ], [ -98.768166654460032, 20.285310375294078 ], [ -98.768554212688173, 20.285521252521416 ], [ -98.769020233262282, 20.285647304733697 ], [ -98.769341167858613, 20.285703800510742 ], [ -98.769531483254539, 20.285647978176343 ], [ -98.769662400474616, 20.285558431320414 ], [ -98.769829005428406, 20.285457717571347 ], [ -98.770221440622478, 20.285402159477279 ], [ -98.770720869912694, 20.285357956652838 ], [ -98.771457990884571, 20.285381347168506 ], [ -98.772421433592044, 20.285419022601413 ], [ -98.772765543589855, 20.285311327321022 ], [ -98.773047146798262, 20.285183882784469 ], [ -98.773308035590361, 20.284967933163234 ], [ -98.773573367060607, 20.284718262501517 ], [ -98.773661569005185, 20.284649123748668 ], [ -98.77382307605022, 20.284663180639395 ], [ -98.774065218871016, 20.284760447049489 ], [ -98.774388232948652, 20.284781641160833 ], [ -98.774721811223188, 20.284823011079926 ], [ -98.774928817436788, 20.284857242751841 ], [ -98.775018938585973, 20.284789428262425 ], [ -98.775127049859179, 20.284730125864236 ], [ -98.775289151248245, 20.284687876052988 ], [ -98.775514157615618, 20.284722133316755 ], [ -98.775730149174407, 20.28476486451564 ], [ -98.776036299343986, 20.284714308798407 ], [ -98.776279545642566, 20.284587247420973 ], [ -98.776648969443713, 20.284358454815042 ], [ -98.776847199519665, 20.284231335738809 ], [ -98.777326850020174, 20.283886400984272 ], [ -98.777513572606068, 20.283803264422644 ], [ -98.77761587178091, 20.283795474649096 ], [ -98.777755630093083, 20.283808090278086 ], [ -98.777994735526036, 20.28385945864882 ], [ -98.778312774917595, 20.283892897802968 ], [ -98.778554709544011, 20.28387495216737 ], [ -98.778738728160633, 20.283756530590296 ], [ -98.77900985783387, 20.283619962918721 ], [ -98.779222323011766, 20.283523202506824 ], [ -98.779274588347405, 20.283372846027284 ], [ -98.779359968504096, 20.283259910444521 ], [ -98.77956543257767, 20.283218332052815 ], [ -98.779747786623744, 20.283327771323737 ], [ -98.779781424499859, 20.283548804264637 ], [ -98.779822582984991, 20.283684877937851 ], [ -98.780006406550683, 20.283703361096521 ], [ -98.780345028122781, 20.283740295936997 ], [ -98.780743543781995, 20.283752295431082 ], [ -98.780907077270101, 20.283780629484443 ], [ -98.781023147162088, 20.283762986998198 ], [ -98.781152848003543, 20.283685373642871 ], [ -98.781331482574217, 20.283723585081702 ], [ -98.781449727355238, 20.283869575459477 ], [ -98.781438765694489, 20.284009203246356 ], [ -98.781608318984553, 20.284081428765649 ], [ -98.781787129594591, 20.284210552367135 ], [ -98.781958486173608, 20.28422282102235 ], [ -98.782033512858135, 20.284160843239704 ], [ -98.782121973240478, 20.284049999348408 ], [ -98.782133576665103, 20.283949077874325 ], [ -98.782190618011896, 20.28387221623343 ], [ -98.782280493719767, 20.283830786185316 ], [ -98.782403618747452, 20.283807340268179 ], [ -98.782482167606545, 20.283855289468292 ], [ -98.782572500109183, 20.28392367799151 ], [ -98.782715459892401, 20.283996529240387 ], [ -98.78287221191971, 20.28410965484548 ], [ -98.783019288371136, 20.284239989950596 ], [ -98.783214756738886, 20.28435943844725 ], [ -98.783640351136583, 20.284476100265227 ], [ -98.783799785290483, 20.284473698599086 ], [ -98.783884007101548, 20.284414780628602 ], [ -98.783970817692932, 20.284373286514626 ], [ -98.784051305933971, 20.284327384766424 ], [ -98.784181702415694, 20.284315251036546 ], [ -98.784292479755308, 20.284346133016243 ], [ -98.784398434133166, 20.284351344441816 ], [ -98.784491447226927, 20.284400347833234 ], [ -98.784561293920035, 20.284495939944712 ], [ -98.784613572207135, 20.284627705318183 ], [ -98.784722154826184, 20.284764790582376 ], [ -98.784841840632225, 20.284821204131788 ], [ -98.784928504849816, 20.284906661480214 ], [ -98.784958545478702, 20.285043200624578 ], [ -98.784856198495092, 20.285150799242707 ], [ -98.784809977920915, 20.28522824278911 ], [ -98.784824004146202, 20.285338303341273 ], [ -98.784870738185205, 20.285469994953075 ], [ -98.784875210095123, 20.285534151265583 ], [ -98.78494393459178, 20.285557019515814 ], [ -98.785057281548163, 20.285567678319271 ], [ -98.785102423574969, 20.285565480510275 ], [ -98.785333717897117, 20.285546515278423 ], [ -98.785530949764436, 20.285566004564672 ], [ -98.785666946891808, 20.285598251601751 ], [ -98.785816459722014, 20.285694673739648 ], [ -98.786040884677647, 20.285727027377494 ], [ -98.786251610026156, 20.285829940716184 ], [ -98.78641468239357, 20.285958457646274 ], [ -98.786611809062379, 20.286054937083073 ], [ -98.786917933076737, 20.286217276331676 ], [ -98.787052701424955, 20.286376924842507 ], [ -98.786955649893656, 20.286495129165189 ], [ -98.786785712672611, 20.286648335683001 ], [ -98.786514590023344, 20.286820394285527 ], [ -98.78652941627989, 20.286886070188462 ], [ -98.786571545270988, 20.286982256369342 ], [ -98.786638153576533, 20.287025461335155 ], [ -98.786758955091756, 20.287101637076862 ], [ -98.787000741954742, 20.287120939940451 ], [ -98.787262695101049, 20.287130758786322 ], [ -98.787413721115541, 20.287206970680813 ], [ -98.787521323555879, 20.287316473165145 ], [ -98.78752958795279, 20.287443956933828 ], [ -98.787525055015706, 20.287634867390697 ], [ -98.787433058949773, 20.287805721853427 ], [ -98.787495321072242, 20.287909974029077 ], [ -98.787573321474838, 20.287963625036401 ], [ -98.787729300664267, 20.288084315697493 ], [ -98.787878187342884, 20.288198298650475 ], [ -98.787948955491885, 20.288352358180866 ], [ -98.78803387642715, 20.288533208638885 ], [ -98.788147200568687, 20.288707403283144 ], [ -98.788288976125088, 20.288834768124872 ], [ -98.788402468960399, 20.288881765785021 ], [ -98.788535361871226, 20.289008427521573 ], [ -98.788595295157108, 20.289055657409605 ], [ -98.788695114431221, 20.289183100388833 ], [ -98.788739943378175, 20.289305762449839 ], [ -98.788769772676943, 20.289428403262473 ], [ -98.788844665169634, 20.289503942996358 ], [ -98.788989507172431, 20.289586415329843 ], [ -98.789124337320771, 20.289609707865637 ], [ -98.789271408298433, 20.289650359587323 ], [ -98.789369409572942, 20.289708299729909 ], [ -98.789387718155311, 20.289771921208356 ], [ -98.789300745099425, 20.290041770563747 ], [ -98.789269369755843, 20.290153008838864 ], [ -98.789286566254816, 20.290264302745072 ], [ -98.789335035257125, 20.290342906645581 ], [ -98.789439024388955, 20.290421576842576 ], [ -98.789532625085329, 20.290487146205543 ], [ -98.789668989677992, 20.290563220409275 ], [ -98.78979195215048, 20.290594306822499 ], [ -98.789939559798142, 20.29059448405485 ], [ -98.790111733500069, 20.290617893267981 ], [ -98.790374043231367, 20.290695554695116 ], [ -98.790546112673923, 20.290796310812834 ], [ -98.790790590276842, 20.291021665761107 ], [ -98.7908308544947, 20.291120781180314 ], [ -98.790943873317772, 20.29118950068802 ], [ -98.791202374287536, 20.291220291365203 ], [ -98.791363986740805, 20.291205242166033 ], [ -98.791582205717489, 20.291144537223342 ], [ -98.791768105903984, 20.29109141440469 ], [ -98.791970192079944, 20.291015448092065 ], [ -98.79215614733512, 20.290916605543696 ], [ -98.79229366297541, 20.290794836203311 ], [ -98.792503754407406, 20.290772225077859 ], [ -98.793033309392115, 20.290556603018604 ], [ -98.793231771132596, 20.290443269748454 ], [ -98.793451426100731, 20.290376724170791 ], [ -98.793692198707603, 20.290403729856166 ], [ -98.793982384629871, 20.290557720870233 ], [ -98.794145147259215, 20.290664799717444 ], [ -98.794343378458862, 20.290725155584781 ], [ -98.794492141637207, 20.290705289772966 ], [ -98.794635328503205, 20.2906942964621 ], [ -98.794775045891271, 20.290680343751408 ], [ -98.794939645546322, 20.290708772195643 ], [ -98.795024295711613, 20.290835927434731 ], [ -98.795143839140266, 20.290986653247611 ], [ -98.79521847706603, 20.29113732639297 ], [ -98.795372954214585, 20.29127868280753 ], [ -98.795532554257662, 20.291321221618364 ], [ -98.795687049125789, 20.291448457808194 ], [ -98.796022236377766, 20.291612298745523 ], [ -98.796179423733633, 20.29169593512762 ], [ -98.796341596693907, 20.291728581082271 ], [ -98.796523460005034, 20.291738065144116 ], [ -98.796666018470262, 20.291733592541039 ], [ -98.796754486173072, 20.291742967166972 ], [ -98.796774106864277, 20.291775445224896 ], [ -98.796847616353759, 20.291947076554532 ], [ -98.796897870826612, 20.292037530363302 ], [ -98.796989608368634, 20.292100619636642 ], [ -98.797153754548788, 20.292106061611413 ], [ -98.797284535269455, 20.292098338022843 ], [ -98.797395848928275, 20.292085344364665 ], [ -98.797532194733847, 20.292072381045266 ], [ -98.797668527363328, 20.292075162977312 ], [ -98.797765833685958, 20.292135635391126 ], [ -98.79789074882423, 20.292178177407159 ], [ -98.79777951230507, 20.292351836765722 ], [ -98.797487124043627, 20.292637132095738 ], [ -98.797238018655904, 20.29290207335152 ], [ -98.797021402175048, 20.293136448898846 ], [ -98.796869463810083, 20.293534121040675 ], [ -98.796494747996178, 20.294026714512011 ], [ -98.796352801404851, 20.294293652137149 ], [ -98.796033934496492, 20.294504736163493 ], [ -98.795880325336142, 20.294671495099799 ], [ -98.795832644181544, 20.29503870328363 ], [ -98.795906490843322, 20.295470689077661 ], [ -98.785710007814117, 20.309695311019883 ], [ -98.784035422601619, 20.311624766846098 ], [ -98.78629209329165, 20.311613097844734 ], [ -98.786269412577298, 20.311905208080351 ], [ -98.786250446016922, 20.312194117113179 ], [ -98.786203448270385, 20.312614327702125 ], [ -98.786165700273202, 20.313060816427019 ], [ -98.786221094129971, 20.313288528135242 ], [ -98.786300281691112, 20.313603302207238 ], [ -98.786583547983327, 20.313837364292258 ], [ -98.786842567312306, 20.313942191813418 ], [ -98.787111074770138, 20.313977316756407 ], [ -98.787343788575214, 20.313960610084024 ], [ -98.78767693738483, 20.313901443450142 ], [ -98.787826594457513, 20.313841571418813 ], [ -98.787997839010671, 20.313835049528695 ], [ -98.788261920841848, 20.313768082053965 ], [ -98.788390502087907, 20.313653852374731 ], [ -98.788590385563012, 20.313573352017631 ], [ -98.788818672198531, 20.313593810186397 ], [ -98.789076106502932, 20.313705027552263 ], [ -98.789195503593788, 20.313784723000577 ], [ -98.789385148163831, 20.313897651655445 ], [ -98.789504436253381, 20.314056901607266 ], [ -98.789560488687883, 20.314196185605905 ], [ -98.789510929606323, 20.314454669853053 ], [ -98.789433370093036, 20.314626939459977 ], [ -98.789395179914266, 20.314976544323905 ], [ -98.789334597864979, 20.315155298614638 ], [ -98.789226582143442, 20.315349417385345 ], [ -98.789246824791633, 20.315530111114878 ], [ -98.789343089596116, 20.315606099790113 ], [ -98.789505274772978, 20.315591005680215 ], [ -98.789527773334697, 20.31569854089209 ], [ -98.78969569121692, 20.315838527787768 ], [ -98.789824316823015, 20.316014499134262 ], [ -98.790003694667476, 20.316101481599418 ], [ -98.790137976455213, 20.316021122875966 ], [ -98.790366193796132, 20.315910390244113 ], [ -98.79053002292369, 20.315826016552091 ], [ -98.790713127380585, 20.315755928977872 ], [ -98.7911879842611, 20.315488889785463 ], [ -98.791531120830172, 20.315295226545008 ], [ -98.79173496218101, 20.315300512208097 ], [ -98.792023299781192, 20.315373080858418 ], [ -98.792227151299784, 20.315473551244072 ], [ -98.792373219459975, 20.315594859101111 ], [ -98.792575554481147, 20.315658259500804 ], [ -98.79273137935553, 20.315698505122135 ], [ -98.792831353522928, 20.315781882270361 ], [ -98.79293768969606, 20.31592452446888 ], [ -98.79304541541832, 20.316220351041313 ], [ -98.792937646184257, 20.316671119268978 ], [ -98.792895952973922, 20.317028678730491 ], [ -98.792920158889586, 20.317425183236423 ], [ -98.79291159556125, 20.317666168613389 ], [ -98.792993595509841, 20.317992777998118 ], [ -98.793100368289231, 20.318288318245081 ], [ -98.793240099963128, 20.318599447192131 ], [ -98.793380003746137, 20.31877841470958 ], [ -98.793520123953087, 20.318794128729497 ], [ -98.793734576170436, 20.318708869065087 ], [ -98.793980806727902, 20.31859948662639 ], [ -98.794144432924838, 20.318469105498522 ], [ -98.794451875020556, 20.318260291394704 ], [ -98.794747923896963, 20.318010505485287 ], [ -98.794999626586247, 20.317681113919079 ], [ -98.795145460015988, 20.317427964213962 ], [ -98.795224154971592, 20.317164181760798 ], [ -98.795213239909273, 20.316953065977838 ], [ -98.795135117466785, 20.316784095969851 ], [ -98.794806522358698, 20.316646631940653 ], [ -98.794273418215241, 20.316121171145848 ], [ -98.794610663221604, 20.315932880497162 ], [ -98.795136465461169, 20.315760263580614 ], [ -98.795593445083526, 20.315767437867823 ], [ -98.79587908162911, 20.31586396572737 ], [ -98.796239425400046, 20.316004311473684 ], [ -98.796380463617567, 20.316158164199777 ], [ -98.796619159506747, 20.316404343963498 ], [ -98.796814271462239, 20.316752929831761 ], [ -98.796933475418342, 20.316988725408585 ], [ -98.797052770433538, 20.317152796957185 ], [ -98.797280781399522, 20.317265765984654 ], [ -98.79767184555152, 20.317317447939924 ], [ -98.797997786438813, 20.317317823441986 ], [ -98.798193403730778, 20.317277066045541 ], [ -98.798487068452246, 20.317031506017543 ], [ -98.798827804386931, 20.316536105872657 ], [ -98.798882571556547, 20.316311407862077 ], [ -98.798814770565315, 20.316086566793924 ], [ -98.798433902084781, 20.315726514145936 ], [ -98.798400333828809, 20.315354013675549 ], [ -98.79844166140812, 20.314994446748475 ], [ -98.79882941795195, 20.314365156076011 ], [ -98.798986054161389, 20.314101571780196 ], [ -98.799183753000506, 20.313892339291776 ], [ -98.799504998104297, 20.313559123671116 ], [ -98.799809732340833, 20.313272434877028 ], [ -98.800196609126218, 20.313078931749434 ], [ -98.800645630803018, 20.313112827628146 ], [ -98.80085249522287, 20.313168056480443 ], [ -98.800987426844983, 20.313330835341304 ], [ -98.801153456938621, 20.313481084054747 ], [ -98.80118658722489, 20.313776041548348 ], [ -98.801320383205734, 20.313955255136406 ], [ -98.801476609567516, 20.314060760552582 ], [ -98.801677593882275, 20.314103119055979 ], [ -98.801845206149807, 20.314040111834345 ], [ -98.802057600735409, 20.313892889743098 ], [ -98.802230705439243, 20.313833504223187 ], [ -98.80254408513666, 20.313778457042023 ], [ -98.802788873736233, 20.313769500000088 ], [ -98.802925970969739, 20.313751188262327 ], [ -98.803269062319032, 20.313428399857663 ], [ -98.803416254703734, 20.313170024103968 ], [ -98.803308845103331, 20.312939066679537 ], [ -98.803032037066558, 20.312760560595983 ], [ -98.802912121125416, 20.31256615778122 ], [ -98.802757944407745, 20.312315054638898 ], [ -98.802698137465427, 20.312096437777903 ], [ -98.802698393882636, 20.311894071979552 ], [ -98.802836028836722, 20.311651396198382 ], [ -98.803009845717099, 20.311525612805884 ], [ -98.80330225896607, 20.311524065714853 ], [ -98.805414719090834, 20.31194487676597 ], [ -98.806658959985455, 20.310875065714004 ], [ -98.807173912066261, 20.31084216121252 ], [ -98.807563399577063, 20.311779871710655 ], [ -98.80761563193316, 20.312616791099956 ], [ -98.808083807807392, 20.313473464464792 ], [ -98.809041197550741, 20.313275484647733 ], [ -98.810083071194342, 20.313051067113857 ], [ -98.811618697425189, 20.311146020822193 ], [ -98.812824583285334, 20.310453155722413 ], [ -98.813628162895597, 20.310275213390206 ], [ -98.814364221298206, 20.310581009207464 ], [ -98.814556254666883, 20.311121098708817 ], [ -98.813884866481857, 20.312023043481261 ], [ -98.813596369229629, 20.313030699274094 ], [ -98.814011874849712, 20.313833526367901 ], [ -98.81661138014077, 20.315536277541216 ], [ -98.817153344623748, 20.317240936461154 ], [ -98.820233860152214, 20.318378302546513 ], [ -98.820296132164287, 20.319732362656652 ], [ -98.819832304424764, 20.320574351963192 ], [ -98.819895043044852, 20.321721693072394 ], [ -98.821654992227707, 20.322114374956968 ], [ -98.822137068012125, 20.322186285655789 ], [ -98.822347113565712, 20.322471564838562 ], [ -98.822395226356718, 20.322533232579161 ], [ -98.824100693320162, 20.324719076233581 ], [ -98.824058541680358, 20.324763922569318 ], [ -98.820772770299598, 20.32551539114219 ], [ -98.820449922679629, 20.325650239001117 ], [ -98.820302585993332, 20.325929650105962 ], [ -98.820643915503396, 20.32698354468927 ], [ -98.820819334831029, 20.327432085121071 ], [ -98.820369310681926, 20.330034203609657 ], [ -98.81828877053178, 20.330198687141941 ], [ -98.81778905361152, 20.329917994869788 ], [ -98.815647998025426, 20.329134803338484 ], [ -98.8142438829273, 20.329169127702883 ], [ -98.813352211770876, 20.32932800373446 ], [ -98.8126726491368, 20.329301951275038 ], [ -98.810560164751735, 20.32937050758353 ], [ -98.808528752717763, 20.33119695357215 ], [ -98.807707634696172, 20.331898855481935 ], [ -98.807661970598147, 20.332849199182743 ], [ -98.807169959268776, 20.333746233152652 ], [ -98.806031864177314, 20.335047859033835 ], [ -98.805579322881186, 20.335898135815949 ], [ -98.805613396784722, 20.336677079967917 ], [ -98.806146748206032, 20.337869522072921 ], [ -98.806237144537533, 20.338238025690949 ], [ -98.806222406536591, 20.338976681673284 ], [ -98.805927006736169, 20.340374233973019 ], [ -98.80445956530437, 20.342184184169383 ], [ -98.803563577074542, 20.343487887319618 ], [ -98.804023664256107, 20.344684386995123 ], [ -98.806131492314378, 20.345973978016666 ], [ -98.806677492679199, 20.347714192741801 ], [ -98.80699380377267, 20.348557164727829 ], [ -98.807923729232996, 20.350028392786019 ], [ -98.80722052796952, 20.351774178476845 ], [ -98.80545843632062, 20.353462048830956 ], [ -98.804245243363837, 20.354575137763412 ], [ -98.803494838929637, 20.358541448537274 ], [ -98.802929409197333, 20.359266001223979 ], [ -98.801461682125932, 20.359603560439925 ], [ -98.799778209228307, 20.360447667858342 ], [ -98.799195205284533, 20.362225212097677 ], [ -98.800225506062347, 20.363618017117815 ], [ -98.801456011790208, 20.364044642953086 ], [ -98.802522968536678, 20.364007197086828 ], [ -98.802986198817763, 20.364671941736528 ], [ -98.802029241852821, 20.364901721487918 ], [ -98.80145374903968, 20.365674194067058 ], [ -98.801695358536122, 20.367536662873501 ], [ -98.80275563184243, 20.368065790264492 ], [ -98.803987275108483, 20.368626117942739 ], [ -98.804100936441316, 20.368970213024213 ], [ -98.803529334653348, 20.369829493546682 ], [ -98.803437220642962, 20.370474312166333 ], [ -98.803756186218067, 20.371078783385542 ], [ -98.804485878220987, 20.371552565772795 ], [ -98.805946773477174, 20.372287012775661 ], [ -98.806790533782916, 20.373471983587933 ], [ -98.807451672425302, 20.374031668835215 ], [ -98.808846447557997, 20.374315162276531 ], [ -98.809453111572779, 20.374557375257748 ], [ -98.810135058609077, 20.374915887563205 ], [ -98.810717236995771, 20.375415860913165 ], [ -98.811091641173903, 20.375724058174139 ], [ -98.810899906121492, 20.37628013136754 ], [ -98.810187243542231, 20.376688399568589 ], [ -98.809526435419627, 20.377309421327805 ], [ -98.809438845140988, 20.377914690290307 ], [ -98.809785378551496, 20.378618613671758 ], [ -98.810446508259176, 20.379032553413019 ], [ -98.811870930783115, 20.378968655264991 ], [ -98.813295245279775, 20.379153925156611 ], [ -98.813503206267129, 20.379546814704842 ], [ -98.813276684795071, 20.380135592924002 ], [ -98.81172992301974, 20.380821100583592 ], [ -98.811277024736, 20.381867758300928 ], [ -98.812978070661146, 20.383412131233229 ], [ -98.813932747815457, 20.384002156261857 ], [ -98.814487812612668, 20.384657218596857 ], [ -98.814595544128778, 20.38528902075435 ], [ -98.813573701305046, 20.385932499379965 ], [ -98.813410369619746, 20.386269958584453 ], [ -98.81449508302012, 20.387550027879882 ], [ -98.815040461369605, 20.387664581840749 ], [ -98.815941378838318, 20.388228267369808 ], [ -98.815657193093628, 20.389507918790834 ], [ -98.815018734087658, 20.389470299166753 ], [ -98.814823303197016, 20.389473304985312 ], [ -98.814605185061509, 20.389482886998408 ], [ -98.814319997934234, 20.389469816355984 ], [ -98.814178123787116, 20.38943144288584 ], [ -98.814032079018276, 20.389569985868519 ], [ -98.813857170199071, 20.389658372049183 ], [ -98.813610688530275, 20.389596558996725 ], [ -98.813368490213833, 20.389429751883767 ], [ -98.813358174588899, 20.389200068093199 ], [ -98.813194500173182, 20.389006173428509 ], [ -98.813044117888225, 20.389010120925736 ], [ -98.812932338739699, 20.388972376952935 ], [ -98.812684292417657, 20.388974232006603 ], [ -98.812442650288475, 20.388707211884878 ], [ -98.812245054522037, 20.388483569634005 ], [ -98.811923875094067, 20.388326724428346 ], [ -98.811614384035764, 20.388301760772752 ], [ -98.811352044409148, 20.38842962297015 ], [ -98.811096541027894, 20.388578256892664 ], [ -98.810698678008777, 20.388562814901849 ], [ -98.810383231813205, 20.388556199256726 ], [ -98.810119066771648, 20.388607309357937 ], [ -98.809896883344223, 20.388468099907289 ], [ -98.809652615963884, 20.388511158080998 ], [ -98.809023234170212, 20.388821742968535 ], [ -98.808818568433878, 20.389014206886461 ], [ -98.808582509457366, 20.389162174396919 ], [ -98.808267807690399, 20.389324874790073 ], [ -98.808094523127892, 20.389576664626862 ], [ -98.807921325209364, 20.389754343999883 ], [ -98.807591025887646, 20.389813272198534 ], [ -98.807244908168514, 20.389946289988753 ], [ -98.806945686990716, 20.39030169573839 ], [ -98.806772360418719, 20.390583130531187 ], [ -98.806756373456281, 20.390790629088226 ], [ -98.80644153730978, 20.391057082544432 ], [ -98.806000750815386, 20.391441973117939 ], [ -98.805512987185807, 20.391663769249472 ], [ -98.805354983818361, 20.392088731359056 ], [ -98.805394437367198, 20.392427711689226 ], [ -98.805408097581775, 20.39254549314953 ], [ -98.805371797477136, 20.392883618897773 ], [ -98.804958878406779, 20.393153691549031 ], [ -98.80445634538988, 20.393356024128668 ], [ -98.80393592387685, 20.393524522283325 ], [ -98.803544269524522, 20.393667197335525 ], [ -98.802691181998881, 20.394607478863392 ], [ -98.800715171541086, 20.397879704901889 ], [ -98.799182562671419, 20.399666697341551 ], [ -98.799081815045611, 20.400082874271536 ], [ -98.798997492319913, 20.401028905663129 ], [ -98.798525480071703, 20.40135437665613 ], [ -98.797929201618786, 20.401926361002683 ], [ -98.797613098575667, 20.402431457799757 ], [ -98.797075526055295, 20.402900180314653 ], [ -98.796970996405548, 20.403310415868919 ], [ -98.796473950103703, 20.403658147609132 ], [ -98.795962254168401, 20.403708781031554 ], [ -98.795689001221163, 20.403551351162339 ], [ -98.795160127235278, 20.403519856403896 ], [ -98.794904088549075, 20.403780565980476 ], [ -98.794398862986654, 20.404015566674335 ], [ -98.793992037968962, 20.404221911279343 ], [ -98.793726128837633, 20.404441453928055 ], [ -98.793630557837091, 20.404807911752471 ], [ -98.793158392867781, 20.405023105271944 ], [ -98.792383627243268, 20.40510146489126 ], [ -98.792270437779109, 20.405293542550837 ], [ -98.79218351592101, 20.405752277798076 ], [ -98.792180604067212, 20.405874997180408 ], [ -98.792373351449669, 20.405991658174734 ], [ -98.792521708367246, 20.40614829463204 ], [ -98.792489528152998, 20.406571285928038 ], [ -98.792322078859229, 20.406762219610869 ], [ -98.79232858756491, 20.406936717072419 ], [ -98.792438311624451, 20.407133011778608 ], [ -98.792548891026001, 20.407293349025057 ], [ -98.792598080472629, 20.407466807220953 ], [ -98.792654975943819, 20.407640384382404 ], [ -98.792655566043905, 20.407901829360199 ], [ -98.792583538248024, 20.408043987361545 ], [ -98.792594386892219, 20.408230965639348 ], [ -98.792611958522386, 20.408454061192106 ], [ -98.792404008020668, 20.408543050672723 ], [ -98.792126752487718, 20.408659322310935 ], [ -98.79202352389899, 20.408825201262772 ], [ -98.791990646060043, 20.408925068667127 ], [ -98.791899359590928, 20.409025336898765 ], [ -98.791695010174365, 20.409373227326697 ], [ -98.791752806287164, 20.409921167255565 ], [ -98.791736477799944, 20.410287136468568 ], [ -98.79173153572313, 20.410495383753524 ], [ -98.791654074525241, 20.41068386508978 ], [ -98.791408907685607, 20.410923554000156 ], [ -98.790925727573764, 20.411297321197523 ], [ -98.790518839500237, 20.4117533616499 ], [ -98.790143577414995, 20.411929629527727 ], [ -98.789627543530543, 20.412208816648608 ], [ -98.789439676617206, 20.412473674188313 ], [ -98.789095582868939, 20.41270888603945 ], [ -98.788564058122688, 20.412884961007805 ], [ -98.788204398758893, 20.413075973096575 ], [ -98.787782376760674, 20.41316381984565 ], [ -98.787547924473458, 20.413207713956023 ], [ -98.787453824100282, 20.413457955190037 ], [ -98.787157878135488, 20.4135296025751 ], [ -98.786709959612637, 20.413649181364693 ], [ -98.786084070391425, 20.414055265776831 ], [ -98.785468263815531, 20.414397062280418 ], [ -98.785046532268879, 20.414477699959495 ], [ -98.773797302575218, 20.410912604088999 ], [ -98.773167567935246, 20.420487763458159 ], [ -98.772746729312374, 20.436596281327081 ], [ -98.747315416795232, 20.440919341845614 ], [ -98.74658737029651, 20.440982989698185 ], [ -98.743319487710949, 20.441925052636336 ], [ -98.74082494851541, 20.442689844518441 ], [ -98.739017095227041, 20.443342108516802 ], [ -98.737241809220947, 20.44398257897431 ], [ -98.73598066128325, 20.444472785647051 ], [ -98.733220499133296, 20.445578777409551 ], [ -98.732432853192392, 20.445883092844412 ], [ -98.732380621718164, 20.44590476909061 ], [ -98.731034608910591, 20.446453055142221 ], [ -98.730370101098273, 20.446955689630336 ], [ -98.728985421187431, 20.447517111809624 ], [ -98.72796562270068, 20.446946494202354 ], [ -98.727899876271707, 20.446956929162443 ], [ -98.727469827664407, 20.447206757042473 ], [ -98.727020797917305, 20.447417883436529 ], [ -98.726741444069006, 20.447503080378997 ], [ -98.726346455508633, 20.447709028510562 ], [ -98.72589880460886, 20.44793969029292 ], [ -98.725435258099694, 20.448168613527091 ], [ -98.724930700341034, 20.44831825058094 ], [ -98.724180443704014, 20.448605128800775 ], [ -98.723533945262062, 20.448975394164158 ], [ -98.72294867950194, 20.4493372786253 ], [ -98.722508567267738, 20.449861372872192 ], [ -98.722370921504961, 20.450841829059364 ], [ -98.722090238675378, 20.451642050797158 ], [ -98.721327930420756, 20.450355597463481 ], [ -98.717296333825402, 20.448092628984796 ] ] ] } },
{ "type": "Feature", "properties": { "CVEGEO": "13020", "NOM_ENT": "Hidalgo", "NOMBRE": "Eloxochitlán", "POB1": 2800, "POB2": 132, "POB2_R": 4.7, "POB3": 223, "POB3_R": 8.0, "POB4": 140, "POB4_R": 5.0, "POB5": 275, "POB5_R": 9.8, "POB6": 330, "POB6_R": 11.8, "POB7": 149, "POB7_R": 5.3, "POB8": 696, "POB8_R": 24.9, "POB9": 144, "POB9_R": 5.1, "POB10": 418, "POB10_R": 14.9, "POB11": 573, "POB11_R": 20.5, "POB12": 1660, "POB12_R": 59.3, "POB13": 274, "POB13_R": 9.8, "POB14": 657, "POB14_R": 23.5, "POB15": 303, "POB15_R": 10.8, "POB16": 127, "POB16_R": 4.5, "POB17": 2662, "POB17_R": 95.1, "POB18": 2571, "POB18_R": 91.8, "POB19": 2247, "POB19_R": 80.3, "POB20": 2098, "POB20_R": 74.9, "POB21": 1954, "POB21_R": 69.8, "POB22": 1680, "POB22_R": 60.0, "POB23": 565, "POB23_R": 20.2, "POB24": 438, "POB24_R": 15.6, "POB25": 318, "POB25_R": 11.4, "POB26_R": 89.3, "POB27_R": 68.3, "POB28_R": 41.9, "POB29_R": 26.4, "POB30_R": 34.0, "POB31": 1479, "POB31_R": 52.8, "POB32": 57, "POB32_R": 3.9, "POB33": 100, "POB33_R": 6.8, "POB34": 68, "POB34_R": 4.6, "POB35": 148, "POB35_R": 10.0, "POB36": 161, "POB36_R": 10.9, "POB37": 65, "POB37_R": 4.4, "POB38": 338, "POB38_R": 22.9, "POB39": 79, "POB39_R": 5.3, "POB40": 250, "POB40_R": 16.9, "POB41": 344, "POB41_R": 23.3, "POB42": 699, "POB42_R": 47.3, "POB43": 910, "POB43_R": 61.5, "POB44": 171, "POB44_R": 11.6, "POB45": 355, "POB45_R": 24.0, "POB46": 146, "POB46_R": 9.9, "POB47": 65, "POB47_R": 4.4, "POB48": 1419, "POB48_R": 95.9, "POB49": 1376, "POB49_R": 93.0, "POB50": 1203, "POB50_R": 81.3, "POB51": 1138, "POB51_R": 76.9, "POB52": 1059, "POB52_R": 71.6, "POB53": 888, "POB53_R": 60.0, "POB54": 293, "POB54_R": 19.8, "POB55": 228, "POB55_R": 15.4, "POB56": 170, "POB56_R": 11.5, "POB57": 1321, "POB57_R": 47.2, "POB58": 75, "POB58_R": 5.7, "POB59": 123, "POB59_R": 9.3, "POB60": 72, "POB60_R": 5.5, "POB61": 127, "POB61_R": 9.6, "POB62": 169, "POB62_R": 12.8, "POB63": 84, "POB63_R": 6.4, "POB64": 358, "POB64_R": 27.1, "POB65": 65, "POB65_R": 4.9, "POB66": 168, "POB66_R": 12.7, "POB67": 229, "POB67_R": 17.3, "POB68": 750, "POB68_R": 56.8, "POB69": 103, "POB69_R": 7.8, "POB70": 302, "POB70_R": 22.9, "POB71": 157, "POB71_R": 11.9, "POB72": 62, "POB72_R": 4.7, "POB73": 1243, "POB73_R": 94.1, "POB74": 1195, "POB74_R": 90.5, "POB75": 1044, "POB75_R": 79.0, "POB76": 960, "POB76_R": 72.7, "POB77": 895, "POB77_R": 67.8, "POB78": 792, "POB78_R": 60.0, "POB79": 272, "POB79_R": 20.6, "POB80": 210, "POB80_R": 15.9, "POB81": 148, "POB81_R": 11.2, "OID": 20 }, "geometry": { "type": "Polygon", "coordinates": [ [ [ -98.891497390561241, 20.843708785467445 ], [ -98.890409098641555, 20.843532779104176 ], [ -98.889476140351988, 20.843561397079611 ], [ -98.888449852058599, 20.843648392216583 ], [ -98.886843225069711, 20.843537140989969 ], [ -98.885756019763704, 20.842895577426081 ], [ -98.885337020272203, 20.841934683603345 ], [ -98.885180220234261, 20.840463761075995 ], [ -98.885271122473327, 20.839635144875249 ], [ -98.88548564190873, 20.838618784444567 ], [ -98.885795482743831, 20.837594345903589 ], [ -98.886235274319006, 20.836474559738399 ], [ -98.885472296840533, 20.835567647442769 ], [ -98.884428239454934, 20.834320637969796 ], [ -98.883766034770986, 20.833447374883278 ], [ -98.882813234864116, 20.833025498288734 ], [ -98.88193281707035, 20.832161440349239 ], [ -98.881548802888332, 20.83156331343255 ], [ -98.88108064166947, 20.831133414993037 ], [ -98.880786941827211, 20.830721818846612 ], [ -98.880117292646418, 20.830189359329584 ], [ -98.879326420758716, 20.829278639646915 ], [ -98.879263797858869, 20.828325630027582 ], [ -98.878123290083664, 20.827848341351096 ], [ -98.877426474441791, 20.82737136128382 ], [ -98.877110240576215, 20.826537290089391 ], [ -98.876793623436924, 20.826179698471044 ], [ -98.876876696043766, 20.825664393969408 ], [ -98.875243298415484, 20.825183432883932 ], [ -98.87473369917538, 20.824031589927966 ], [ -98.874530074001783, 20.823311772102841 ], [ -98.87391764486641, 20.823023457497147 ], [ -98.873854644075251, 20.82224027230717 ], [ -98.874368711132448, 20.820854872770543 ], [ -98.874497389032484, 20.820312709571276 ], [ -98.87411306060919, 20.8198906726895 ], [ -98.873792891305101, 20.81940842849183 ], [ -98.874178019511447, 20.818866452122315 ], [ -98.874755691958867, 20.818083610514634 ], [ -98.875013032619933, 20.816999281923248 ], [ -98.874504744154279, 20.81637064147046 ], [ -98.874425857466818, 20.814403330088261 ], [ -98.874427048372581, 20.812965722431308 ], [ -98.874508502069673, 20.811830828680922 ], [ -98.873945813066442, 20.810771123747184 ], [ -98.87402682298999, 20.810165875108517 ], [ -98.873621248694434, 20.807461262518999 ], [ -98.873589493850204, 20.807160909561418 ], [ -98.873534852055855, 20.806841562739038 ], [ -98.873556951719493, 20.806821436818765 ], [ -98.873460636933729, 20.805863020719052 ], [ -98.873056793869523, 20.804645107876752 ], [ -98.872409594972083, 20.803959713730151 ], [ -98.871924538529683, 20.803046137227533 ], [ -98.872330416597137, 20.801828823846026 ], [ -98.872412302974269, 20.801018636287804 ], [ -98.872872234593657, 20.800155786378557 ], [ -98.87339781267039, 20.799231325577235 ], [ -98.873923231020058, 20.79849183245679 ], [ -98.873792544234334, 20.797875170278747 ], [ -98.87398995755548, 20.797135435277017 ], [ -98.874332578363394, 20.796450207420566 ], [ -98.876344082616114, 20.796915921648949 ], [ -98.874850554495126, 20.795373494224926 ], [ -98.875285661003531, 20.794696777071788 ], [ -98.876543605321999, 20.794663138715201 ], [ -98.875337131986043, 20.793232725279179 ], [ -98.875368090766088, 20.793205182694649 ], [ -98.875321082930384, 20.793140330875492 ], [ -98.875556700578343, 20.79276885571819 ], [ -98.875868554504549, 20.792099414156059 ], [ -98.876178202068843, 20.791532579543794 ], [ -98.876583304366349, 20.790875311438946 ], [ -98.877053862795776, 20.790208799867401 ], [ -98.877484551089864, 20.789613599779393 ], [ -98.878154167981677, 20.788873298319206 ], [ -98.878285223468694, 20.78818544977651 ], [ -98.877878771899773, 20.787507211869013 ], [ -98.877396010905727, 20.787023664649695 ], [ -98.876957976262702, 20.78736090205236 ], [ -98.87629381, 20.787926829302094 ], [ -98.875610254908239, 20.788197473276874 ], [ -98.874790078986209, 20.787786456468396 ], [ -98.873815453642635, 20.787737288567307 ], [ -98.873906105237225, 20.787445508575743 ], [ -98.873250442800156, 20.787665152668652 ], [ -98.872588265279475, 20.788117450277763 ], [ -98.872038498619546, 20.788683706210282 ], [ -98.871232259518194, 20.789073925623086 ], [ -98.870257923982251, 20.789150173346425 ], [ -98.869324624895611, 20.789061079540776 ], [ -98.868348224332607, 20.788883263157757 ], [ -98.868422327027901, 20.788748736703635 ], [ -98.863121039840635, 20.786936269581457 ], [ -98.861487960091239, 20.787179726633227 ], [ -98.8610046518274, 20.787228400240473 ], [ -98.860387023756601, 20.787000881735246 ], [ -98.859646571840997, 20.786621123663117 ], [ -98.859341397967313, 20.786385752041625 ], [ -98.859062905046457, 20.786464698803282 ], [ -98.858806056134455, 20.786535730606971 ], [ -98.85856866876108, 20.786269165401418 ], [ -98.858326841239148, 20.786193311667347 ], [ -98.857965010329167, 20.786289435835361 ], [ -98.857631526546115, 20.786118714171383 ], [ -98.857317512463823, 20.785905083360827 ], [ -98.857050129970958, 20.785681510362526 ], [ -98.856731543599039, 20.785664040575817 ], [ -98.85628642763686, 20.785829063011899 ], [ -98.856021751265089, 20.785805422612693 ], [ -98.855585394573424, 20.785954392945108 ], [ -98.855257315356099, 20.7858279546377 ], [ -98.854853776749678, 20.785901338626545 ], [ -98.854394285737825, 20.78596144871279 ], [ -98.853885529603204, 20.785897990379421 ], [ -98.853641168474525, 20.785772314087687 ], [ -98.853345760341455, 20.785822121993487 ], [ -98.853076127727263, 20.785686158355851 ], [ -98.852693109415497, 20.785631341187454 ], [ -98.852350299580806, 20.785638210984132 ], [ -98.851636582109109, 20.784325934315063 ], [ -98.851214750388323, 20.783698365088828 ], [ -98.850755307981544, 20.782907529785469 ], [ -98.850488035117777, 20.781613145928905 ], [ -98.850353816045157, 20.781121439170803 ], [ -98.850116972452653, 20.780386097936493 ], [ -98.850061154193853, 20.779789762215522 ], [ -98.850641033531375, 20.778883183218319 ], [ -98.851207974900916, 20.777842648873335 ], [ -98.851288868464778, 20.776459414573516 ], [ -98.851130696180533, 20.775524610559632 ], [ -98.850733416111495, 20.775075624137767 ], [ -98.849024717740917, 20.773578666620956 ], [ -98.846230580990522, 20.769810198042439 ], [ -98.845540022559348, 20.768975389742913 ], [ -98.843621896181759, 20.769050051474718 ], [ -98.841908519898325, 20.769328605679341 ], [ -98.835422017039321, 20.768961215074363 ], [ -98.832336606921956, 20.769296130415224 ], [ -98.827115796412912, 20.77097574178806 ], [ -98.824319034234279, 20.772524868126098 ], [ -98.821276710135407, 20.774233655845624 ], [ -98.818101062119467, 20.775711697849257 ], [ -98.815475556349071, 20.777204147734388 ], [ -98.813629519035231, 20.778564884437063 ], [ -98.812549192537205, 20.779191912607402 ], [ -98.812291326220461, 20.779868152934377 ], [ -98.811159816384816, 20.780301821048774 ], [ -98.80956520773826, 20.781073236067186 ], [ -98.808382395543788, 20.781410181062988 ], [ -98.807405517782513, 20.781505735392138 ], [ -98.807097073672466, 20.781505388723307 ], [ -98.806766898352905, 20.781875656714362 ], [ -98.806491711564988, 20.782034406083007 ], [ -98.80600526448157, 20.781994094631678 ], [ -98.80565539532401, 20.781925827331357 ], [ -98.805488595416577, 20.781858409589979 ], [ -98.804868527347168, 20.782014573967224 ], [ -98.80424855344836, 20.782103513624666 ], [ -98.803795435239991, 20.782215042900638 ], [ -98.803413802817829, 20.782349069390136 ], [ -98.802936839041109, 20.782460575341165 ], [ -98.802364308527942, 20.782728837767451 ], [ -98.802075395060754, 20.782839731510013 ], [ -98.801793926074112, 20.782983968371042 ], [ -98.801130849991139, 20.783440382273717 ], [ -98.800717025449117, 20.783655387282085 ], [ -98.80013767634604, 20.783871485313753 ], [ -98.799865313741336, 20.783989262617187 ], [ -98.799465993255609, 20.784245545100244 ], [ -98.799598811693485, 20.784408182244587 ], [ -98.79950060779683, 20.784943881645894 ], [ -98.798929554807458, 20.785609677116685 ], [ -98.798261266505079, 20.786079355820043 ], [ -98.797618022628782, 20.786843854688509 ], [ -98.797087021598969, 20.787141975628412 ], [ -98.796052362774518, 20.787021351067871 ], [ -98.79584482609053, 20.787366944715352 ], [ -98.794924275326409, 20.787581991241662 ], [ -98.794197822701705, 20.788198414141906 ], [ -98.793717936286669, 20.789571521732586 ], [ -98.79356039705479, 20.790766017260221 ], [ -98.793037103172722, 20.79094642822291 ], [ -98.792843525249353, 20.791592757162206 ], [ -98.792830222744897, 20.792037338104045 ], [ -98.791955045937101, 20.792234806828219 ], [ -98.791408791944988, 20.792056309565968 ], [ -98.790930780620542, 20.792019780961901 ], [ -98.790472094688866, 20.791839484633819 ], [ -98.789860102689659, 20.791892658369601 ], [ -98.789458315853992, 20.792053927469262 ], [ -98.789152077422926, 20.792251259095611 ], [ -98.788845773619016, 20.79250251349271 ], [ -98.788692541471548, 20.792682057168822 ], [ -98.788386487114181, 20.792753577788044 ], [ -98.78775534170677, 20.792824690378268 ], [ -98.78723465206788, 20.793153658158808 ], [ -98.787126366105596, 20.793608816166746 ], [ -98.787045032863915, 20.794038713065053 ], [ -98.786829142849186, 20.794468442468151 ], [ -98.78664055139987, 20.794619969354386 ], [ -98.785967382427856, 20.794897366610197 ], [ -98.785105832489975, 20.795174524270319 ], [ -98.784486475128787, 20.795451980826719 ], [ -98.784162891920403, 20.795906865915597 ], [ -98.783570264115895, 20.796310821803118 ], [ -98.783058413113622, 20.796689587064058 ], [ -98.782650377389444, 20.797069171027815 ], [ -98.782504100742969, 20.797434315119848 ], [ -98.782041841193418, 20.797913221235547 ], [ -98.781628224722837, 20.798346521242937 ], [ -98.781044725837745, 20.798665439029254 ], [ -98.780485612257834, 20.798915887608128 ], [ -98.779708227790763, 20.798914891158248 ], [ -98.779125220084609, 20.798891306975499 ], [ -98.778785011917321, 20.798959369183436 ], [ -98.778590559221541, 20.7990276152677 ], [ -98.778973282896558, 20.79918083920187 ], [ -98.779094676197943, 20.799296387284198 ], [ -98.778796067417062, 20.799332468659212 ], [ -98.778479423124722, 20.799368168444509 ], [ -98.77786496280865, 20.798651540140963 ], [ -98.777093037705271, 20.798140797711916 ], [ -98.776707835635335, 20.798031638476786 ], [ -98.776327549188125, 20.798285183816365 ], [ -98.775983651321454, 20.798328778875302 ], [ -98.775473168308039, 20.797792370890672 ], [ -98.774826152613841, 20.79763442518756 ], [ -98.774446114147722, 20.797145119518561 ], [ -98.774214262667741, 20.796926596593199 ], [ -98.773911494334186, 20.796782581617663 ], [ -98.77368554338787, 20.796557223216364 ], [ -98.773402649589784, 20.796313864222963 ], [ -98.77321708866765, 20.796251866095876 ], [ -98.773151697511821, 20.796004543412142 ], [ -98.773858489652767, 20.795540610359954 ], [ -98.774334844198137, 20.795267856971488 ], [ -98.774612719887969, 20.795106684454311 ], [ -98.774639544367105, 20.794845768087679 ], [ -98.774719512744724, 20.794410955314884 ], [ -98.7745481475757, 20.794075219332239 ], [ -98.774330449804694, 20.793408509716013 ], [ -98.77380357052651, 20.793337056091627 ], [ -98.773352057941281, 20.793212629944492 ], [ -98.772900510784908, 20.793105889952212 ], [ -98.772505911338286, 20.792680808062954 ], [ -98.771960821445603, 20.792202452834545 ], [ -98.771584680480714, 20.792025053357815 ], [ -98.771170939962161, 20.791812218964335 ], [ -98.770889222600175, 20.791422662144502 ], [ -98.77062602846928, 20.791227720880165 ], [ -98.770569287656045, 20.790685087954866 ], [ -98.770466307428137, 20.790197527539206 ], [ -98.770293922439677, 20.789888596662262 ], [ -98.770000431706393, 20.789644488620286 ], [ -98.769793302987836, 20.789449243770431 ], [ -98.769499816001968, 20.78920513669599 ], [ -98.76892855854075, 20.788451893070171 ], [ -98.768512184389934, 20.787879385241222 ], [ -98.768059017115789, 20.786824295002628 ], [ -98.767723124520089, 20.786063463884783 ], [ -98.767386902300558, 20.785513845128065 ], [ -98.767072993045005, 20.785069864124448 ], [ -98.766399194609406, 20.784857729474332 ], [ -98.766039800674434, 20.784772752871376 ], [ -98.765747977769607, 20.784582259576581 ], [ -98.765614129491951, 20.783948427337265 ], [ -98.765704498492511, 20.783631723742463 ], [ -98.76563210301056, 20.782797969680455 ], [ -98.765429789208213, 20.78209664609707 ], [ -98.765137108066753, 20.78137395699104 ], [ -98.765129527834333, 20.780460553512718 ], [ -98.764948643668603, 20.779840674157192 ], [ -98.765063417091213, 20.779114368355909 ], [ -98.765291452331709, 20.778644613555084 ], [ -98.76545092138079, 20.778409796582572 ], [ -98.765469053001397, 20.778198321878925 ], [ -98.764952199023668, 20.7778704540059 ], [ -98.764228542164773, 20.777323066363216 ], [ -98.7639620614069, 20.776974086191334 ], [ -98.763665526762097, 20.77687606735752 ], [ -98.763339455160903, 20.776694334098892 ], [ -98.763033138027879, 20.776553251820005 ], [ -98.762794325683927, 20.776609020011477 ], [ -98.762376716504448, 20.776510266302505 ], [ -98.762183127006026, 20.776271568726241 ], [ -98.761944753538529, 20.776046836816622 ], [ -98.761676421275752, 20.775906211898928 ], [ -98.761527673734534, 20.775611471147865 ], [ -98.761319634528107, 20.775078223972628 ], [ -98.760952614154817, 20.773528226452218 ], [ -98.761169179869398, 20.77315495469966 ], [ -98.761273101680473, 20.773005675443851 ], [ -98.760864535064215, 20.772748808625444 ], [ -98.760407579591416, 20.772308809791149 ], [ -98.759104892878227, 20.771397225622724 ], [ -98.758906902008789, 20.771020743330997 ], [ -98.75894855730175, 20.770826462099823 ], [ -98.758797321179827, 20.77059303830929 ], [ -98.758476089084539, 20.769639837612711 ], [ -98.757913780904786, 20.768925138800792 ], [ -98.757277294705872, 20.768647889229065 ], [ -98.756616713870599, 20.768117281123388 ], [ -98.75607935728658, 20.767126253251526 ], [ -98.755581989241207, 20.766791898955955 ], [ -98.755582510207987, 20.766467627440605 ], [ -98.756001998645743, 20.766074460313966 ], [ -98.756100999390497, 20.765796650300629 ], [ -98.756249651953482, 20.765287287852185 ], [ -98.756607885329359, 20.76470078789222 ], [ -98.756658193109132, 20.764234934960307 ], [ -98.75618814656211, 20.763745041871086 ], [ -98.75563295438468, 20.763027031291248 ], [ -98.755298343312333, 20.762685206624056 ], [ -98.754935886129488, 20.762290830040445 ], [ -98.754936520313066, 20.761896964558019 ], [ -98.755272270838773, 20.76152983792305 ], [ -98.755887621608366, 20.760979307648086 ], [ -98.756307799899204, 20.760437739378382 ], [ -98.756364916507437, 20.759856814078482 ], [ -98.756366228422024, 20.759038125162551 ], [ -98.756311228470224, 20.758298586051232 ], [ -98.756270170735064, 20.756892462054459 ], [ -98.756509924325812, 20.755294681625482 ], [ -98.756669656478238, 20.754291438397768 ], [ -98.75694282948966, 20.753579527522238 ], [ -98.756884684950819, 20.753186974717678 ], [ -98.756622056618468, 20.75273759446965 ], [ -98.756173934881303, 20.752010436068357 ], [ -98.755827855675236, 20.751601472266845 ], [ -98.755683575081349, 20.751372988649717 ], [ -98.755489512956686, 20.751142773984611 ], [ -98.755380655008722, 20.75095882152586 ], [ -98.755297015325311, 20.750575841153037 ], [ -98.755218764912044, 20.748484192894065 ], [ -98.75501072712575, 20.746432776556805 ], [ -98.754933669479897, 20.746140977939262 ], [ -98.754710868732872, 20.745320919394796 ], [ -98.753895140549417, 20.74330181629108 ], [ -98.753540033955517, 20.742410307145239 ], [ -98.753085216336871, 20.740849619642166 ], [ -98.753455660162388, 20.740792114448436 ], [ -98.753887857056412, 20.740715352289577 ], [ -98.754279091031336, 20.740522455961386 ], [ -98.754999273654633, 20.740484793205027 ], [ -98.755657538920076, 20.740563111468241 ], [ -98.756100559546454, 20.740540895670268 ], [ -98.756319880314379, 20.740527461469629 ], [ -98.756568114349804, 20.740720266293277 ], [ -98.756787290124024, 20.740803054953481 ], [ -98.757182029269117, 20.740803613611245 ], [ -98.757474593710754, 20.740707801854679 ], [ -98.757825540344925, 20.740667056299259 ], [ -98.758190911147196, 20.740750048859876 ], [ -98.758629605974264, 20.740695677533886 ], [ -98.759360837722568, 20.74055923699056 ], [ -98.759845978175079, 20.740448446104605 ], [ -98.760664407084676, 20.740182710238301 ], [ -98.761378544811606, 20.739283191316716 ], [ -98.761913977063969, 20.738718498004506 ], [ -98.762381737862995, 20.738698201496632 ], [ -98.762725337547096, 20.738717984011235 ], [ -98.762960795602126, 20.738719942995534 ], [ -98.764813543930543, 20.737677183717466 ], [ -98.765446949604737, 20.737454829960246 ], [ -98.765811229587115, 20.737276752293539 ], [ -98.766268604497029, 20.737028087610383 ], [ -98.7664202413754, 20.736767593776957 ], [ -98.766634698090982, 20.736625688737849 ], [ -98.767025565661314, 20.73650772234026 ], [ -98.767290457551567, 20.73635402924123 ], [ -98.767719123101074, 20.736236107829995 ], [ -98.768148004084864, 20.735975989200853 ], [ -98.768463394205838, 20.735763118054994 ], [ -98.76887974502948, 20.735455581516291 ], [ -98.769421851676, 20.735325960204463 ], [ -98.769737058984944, 20.735231578285845 ], [ -98.770502965237441, 20.734726553422952 ], [ -98.771113948191655, 20.733945547217491 ], [ -98.771607656338759, 20.733506996442717 ], [ -98.771919855167013, 20.73297060111064 ], [ -98.772128513196179, 20.732263260589022 ], [ -98.772648533847786, 20.731580734082254 ], [ -98.772831338974513, 20.730800160052112 ], [ -98.772857905872158, 20.730385384466938 ], [ -98.77302257047009, 20.729820608300614 ], [ -98.773089222403868, 20.72931263000644 ], [ -98.772971062886484, 20.729015073211752 ], [ -98.772497195601119, 20.728642688381079 ], [ -98.772273296462345, 20.728555650915848 ], [ -98.772537012996921, 20.728456867361096 ], [ -98.773024805236631, 20.728321203059732 ], [ -98.773425626768656, 20.728306700493043 ], [ -98.773720211725831, 20.728230171800654 ], [ -98.77417836976349, 20.728169237232297 ], [ -98.774832982319069, 20.728016263705509 ], [ -98.775045813927022, 20.72790885932692 ], [ -98.775128180229089, 20.727524382851506 ], [ -98.775488012096602, 20.727144179711409 ], [ -98.775995845216343, 20.726872181884726 ], [ -98.776630567723359, 20.726583300439373 ], [ -98.77713824520481, 20.726413547474301 ], [ -98.777501099315288, 20.726141353696789 ], [ -98.778552802979192, 20.725733713944528 ], [ -98.779640869993003, 20.725240913856357 ], [ -98.780799213513262, 20.724914287789939 ], [ -98.781089067534168, 20.724612266567512 ], [ -98.78121878120929, 20.723856450491319 ], [ -98.781348479541677, 20.723460572330708 ], [ -98.781674013079524, 20.723303958054693 ], [ -98.781789713834328, 20.723033584183188 ], [ -98.782151481648484, 20.722262008204549 ], [ -98.782801366507201, 20.722584307068896 ], [ -98.784724629913811, 20.721929140220563 ], [ -98.784978646414501, 20.721337246505136 ], [ -98.7850638949337, 20.721284848715996 ], [ -98.785159611790846, 20.721226015595843 ], [ -98.786375699135405, 20.721999337846146 ], [ -98.787674776448142, 20.72231540477441 ], [ -98.78800188682257, 20.722958710832579 ], [ -98.788823860219068, 20.722767909779197 ], [ -98.789316309373618, 20.723141112244083 ], [ -98.790527413094821, 20.722969468120159 ], [ -98.790771329360481, 20.723054065376701 ], [ -98.790932648923032, 20.723332793582358 ], [ -98.791270665669927, 20.723106258874157 ], [ -98.791521028027304, 20.723114971768599 ], [ -98.791744532652558, 20.723148879532918 ], [ -98.791913321109789, 20.723279319139571 ], [ -98.792022625965018, 20.723478210526402 ], [ -98.792203464484246, 20.723333083715687 ], [ -98.792321124622717, 20.723180669646915 ], [ -98.792477765258724, 20.722987373629003 ], [ -98.793112245042948, 20.722976582667556 ], [ -98.793574912434877, 20.722968444270318 ], [ -98.793941182645867, 20.723017849553152 ], [ -98.794160683341886, 20.723111826614115 ], [ -98.794390329790119, 20.723355731675881 ], [ -98.794609515042623, 20.723729694786091 ], [ -98.795164968931033, 20.723282661786822 ], [ -98.795848893256604, 20.723332415561401 ], [ -98.796224541566019, 20.723310243547807 ], [ -98.796607153631825, 20.72320509567259 ], [ -98.797544022652247, 20.723236698221648 ], [ -98.79778902438909, 20.723057170167493 ], [ -98.798003427151201, 20.722762489900973 ], [ -98.798107051630396, 20.722471370762339 ], [ -98.7981934636435, 20.722180234822435 ], [ -98.798658262413056, 20.722002802184612 ], [ -98.799796597483621, 20.721469210026044 ], [ -98.800391473697019, 20.721537038380095 ], [ -98.800938578394423, 20.721739090102922 ], [ -98.801200425551968, 20.721694630753607 ], [ -98.801391185914838, 20.721403915835904 ], [ -98.801629437321054, 20.721202776875948 ], [ -98.801867513767604, 20.721135914975292 ], [ -98.802176919341164, 20.721113891809992 ], [ -98.802527560843131, 20.72139057071006 ], [ -98.802780962915406, 20.721371002491651 ], [ -98.803013118617685, 20.721450691425286 ], [ -98.803350806456436, 20.721570212572477 ], [ -98.80358319452705, 20.721471202207827 ], [ -98.803710132840678, 20.721272788396092 ], [ -98.804027060599438, 20.721114304578371 ], [ -98.80455513669591, 20.720956058944665 ], [ -98.805104419914485, 20.720718412257511 ], [ -98.805547885795235, 20.720679202409691 ], [ -98.805919453041923, 20.720983055928322 ], [ -98.806181795112465, 20.720930505225084 ], [ -98.80640673302355, 20.720825055925673 ], [ -98.806650294114263, 20.720807713980218 ], [ -98.806931249811683, 20.720843262214792 ], [ -98.807268228381176, 20.721019804495977 ], [ -98.80775528278788, 20.721037967177729 ], [ -98.808243388232086, 20.720825258419708 ], [ -98.808485804849042, 20.720597826072641 ], [ -98.808858524892656, 20.720440605956391 ], [ -98.809137997591222, 20.720370854166525 ], [ -98.809603596085637, 20.720406397787489 ], [ -98.809994738161578, 20.720406830936646 ], [ -98.810423221327923, 20.720337244919413 ], [ -98.811400641243438, 20.72016987853981 ], [ -98.811633955975765, 20.720080424143738 ], [ -98.811835639656465, 20.719851376119891 ], [ -98.81206747303608, 20.719426742728803 ], [ -98.812227977633668, 20.719440410545175 ], [ -98.812403870105186, 20.719451122799356 ], [ -98.81261049106611, 20.719833536339994 ], [ -98.812911450028636, 20.719936072403705 ], [ -98.813437538042294, 20.71994707242526 ], [ -98.813643656847788, 20.719783582988342 ], [ -98.813716824376812, 20.719598576087563 ], [ -98.813989879431574, 20.71945875468321 ], [ -98.814317584668871, 20.719390644160164 ], [ -98.814627107021622, 20.719305394843325 ], [ -98.814699702219926, 20.719476634157292 ], [ -98.8148799958946, 20.719630410051337 ], [ -98.81502879187596, 20.719745863120217 ], [ -98.815168397166119, 20.719757002459737 ], [ -98.815400420032034, 20.719679646184741 ], [ -98.815618011354459, 20.719596507872176 ], [ -98.815907241070093, 20.719317577797923 ], [ -98.816132912540624, 20.719303022663013 ], [ -98.816294291160887, 20.719246313253887 ], [ -98.816596687454918, 20.719284557982412 ], [ -98.81693941665317, 20.719322840565358 ], [ -98.817322277329339, 20.719512859332781 ], [ -98.817826240387959, 20.719608196066723 ], [ -98.81818906264823, 20.71970338467608 ], [ -98.818511699136309, 20.719684765794529 ], [ -98.818874897534144, 20.719457613954944 ], [ -98.818937482495926, 20.719330927341417 ], [ -98.819195456394169, 20.719263833401879 ], [ -98.819711279410839, 20.719237424969599 ], [ -98.820413270442089, 20.719292052947562 ], [ -98.821372492387269, 20.719404581402749 ], [ -98.821738868687959, 20.719519847321763 ], [ -98.821875988632186, 20.719500502853453 ], [ -98.821954149484682, 20.719436601070779 ], [ -98.822031900759853, 20.719390165556074 ], [ -98.822079372985982, 20.719348063482418 ], [ -98.822087769801556, 20.719273343527899 ], [ -98.822126752964664, 20.719168057023765 ], [ -98.822182173836325, 20.719069353743162 ], [ -98.822283441280803, 20.718996571943045 ], [ -98.822433874959074, 20.718949778923459 ], [ -98.822564699961418, 20.718890095977695 ], [ -98.822733258743426, 20.718778147183748 ], [ -98.822828417663089, 20.718660309421811 ], [ -98.822873150002593, 20.71839832826835 ], [ -98.822626881285345, 20.718211875402389 ], [ -98.822670973657381, 20.717977078623765 ], [ -98.822948481797852, 20.7178604726946 ], [ -98.823494330021745, 20.717859635820425 ], [ -98.824033664803778, 20.717903948809187 ], [ -98.824435025370391, 20.717904358380665 ], [ -98.824892086077739, 20.717936278657259 ], [ -98.82510393986972, 20.717915523129243 ], [ -98.825422476625249, 20.717832047732436 ], [ -98.825518323625616, 20.717696230787652 ], [ -98.825598182669196, 20.717580036205007 ], [ -98.82575749636888, 20.717569755510304 ], [ -98.825921949219463, 20.71754598289931 ], [ -98.826023662535931, 20.717525436494313 ], [ -98.826173122050946, 20.717517383560985 ], [ -98.826326255911681, 20.717573602870349 ], [ -98.826489770897012, 20.717648240654587 ], [ -98.826694887092586, 20.71771079166232 ], [ -98.826872625303068, 20.717766297828515 ], [ -98.827170257976633, 20.717775709607686 ], [ -98.827408528195718, 20.717825752086064 ], [ -98.827514452209044, 20.717825859256582 ], [ -98.827743971851007, 20.717801185284102 ], [ -98.827911772498425, 20.717726649021145 ], [ -98.827973649558288, 20.717643700286793 ], [ -98.82798701205374, 20.715841007920861 ], [ -98.827938347727567, 20.715691706235717 ], [ -98.827816482169865, 20.71549640467979 ], [ -98.827596930218093, 20.715312485203366 ], [ -98.827475130930338, 20.715059775712437 ], [ -98.827500024075832, 20.714635000060721 ], [ -98.827601794991665, 20.714506172038476 ], [ -98.827818632172907, 20.714112111986204 ], [ -98.82808948995293, 20.713781693217026 ], [ -98.827927502495996, 20.713514443976038 ], [ -98.827589763470172, 20.713183418142645 ], [ -98.827348831333452, 20.713099537835188 ], [ -98.827049095257919, 20.71318377648938 ], [ -98.826779463100792, 20.713141235354055 ], [ -98.826539856038437, 20.713042369030827 ], [ -98.826285215247268, 20.71299984338857 ], [ -98.825962379333703, 20.713064325839529 ], [ -98.825700951939496, 20.712883995670534 ], [ -98.825398826250478, 20.712852719108412 ], [ -98.825085114891237, 20.712636320277525 ], [ -98.824737862199896, 20.712263299368242 ], [ -98.824522830556106, 20.711908041388586 ], [ -98.824815229343713, 20.711449437898295 ], [ -98.824456446160738, 20.711118175604451 ], [ -98.824013254809728, 20.710716312541301 ], [ -98.823704553240333, 20.710396943617233 ], [ -98.823509526232485, 20.710002963933366 ], [ -98.823300409744093, 20.709699920037586 ], [ -98.823317078351693, 20.709617198160341 ], [ -98.823436685392522, 20.709539392798849 ], [ -98.823578596685493, 20.709514659637438 ], [ -98.823711547034122, 20.70949527959721 ], [ -98.823838606824296, 20.709361639415668 ], [ -98.823865341497466, 20.709226518072128 ], [ -98.823861758434774, 20.70907625527412 ], [ -98.823799311266697, 20.708871347203132 ], [ -98.823713346582508, 20.708677197767415 ], [ -98.823586725009179, 20.708483739716026 ], [ -98.823498180184473, 20.708385525687273 ], [ -98.82343944421099, 20.708385415616316 ], [ -98.823400975658203, 20.708446575489912 ], [ -98.823391776493096, 20.708530940972235 ], [ -98.823429244924938, 20.708682808253137 ], [ -98.823432824349524, 20.708864578044761 ], [ -98.823403061734581, 20.709058828793349 ], [ -98.823358405290165, 20.709166302880561 ], [ -98.823302543161205, 20.709218181405472 ], [ -98.82318990675887, 20.70921086152239 ], [ -98.823047238235404, 20.709131637570827 ], [ -98.82279693379428, 20.708907613714917 ], [ -98.822619711427748, 20.70871111834084 ], [ -98.822522511955441, 20.708698305782136 ], [ -98.82226719355333, 20.709067839350446 ], [ -98.822030674058439, 20.709238471216828 ], [ -98.821661392216441, 20.709454606386675 ], [ -98.821503448249032, 20.709801478215081 ], [ -98.821383226742157, 20.709807399724561 ], [ -98.821300560885462, 20.709626838216373 ], [ -98.821257054501928, 20.709298307941676 ], [ -98.821284823149526, 20.709051219787288 ], [ -98.821459274956183, 20.708771660913783 ], [ -98.821758106196341, 20.708424699009363 ], [ -98.821925580742416, 20.708246986267632 ], [ -98.822008115077281, 20.708070574295181 ], [ -98.82206344408371, 20.707674675009265 ], [ -98.822123839181927, 20.707328883026136 ], [ -98.822063603556543, 20.707225673146215 ], [ -98.821956813646437, 20.707155991798768 ], [ -98.820820799391541, 20.706820577146253 ], [ -98.820658430465869, 20.706979528499673 ], [ -98.820363032901511, 20.707228510696204 ], [ -98.819885871755517, 20.707679244225289 ], [ -98.819559389042524, 20.708059351645332 ], [ -98.819413187769214, 20.708323939366167 ], [ -98.819341084336699, 20.708318042300291 ], [ -98.818407938512379, 20.708241716310653 ], [ -98.818332895920179, 20.70823557776087 ], [ -98.818156717968805, 20.707674365712268 ], [ -98.817859157876455, 20.706783461360619 ], [ -98.817679841212396, 20.705582548664793 ], [ -98.81783320428049, 20.704554277259483 ], [ -98.817824351912932, 20.704124021566937 ], [ -98.817913073217213, 20.703701666394597 ], [ -98.817776053732089, 20.703339549721107 ], [ -98.817519290060687, 20.702851054814335 ], [ -98.81761954680718, 20.702435116198732 ], [ -98.81745334617581, 20.701906430137157 ], [ -98.817325325636816, 20.701582595366059 ], [ -98.817121034093404, 20.701120783871104 ], [ -98.816996194274424, 20.700857479770335 ], [ -98.81695338036559, 20.700689406230538 ], [ -98.816779768559385, 20.700551659045885 ], [ -98.816888566414548, 20.700187901042536 ], [ -98.817083178932933, 20.699728451459393 ], [ -98.816933107797524, 20.699539901071702 ], [ -98.817016777385575, 20.699357029424782 ], [ -98.817147663996607, 20.699120148860047 ], [ -98.817029936160992, 20.698976280013543 ], [ -98.816643793257555, 20.698857739623847 ], [ -98.816251880521691, 20.698645154037678 ], [ -98.816042817557829, 20.698519184426896 ], [ -98.81582530884468, 20.698470258335323 ], [ -98.815825673825017, 20.698277789606426 ], [ -98.815863055208041, 20.698109664172787 ], [ -98.815893516585831, 20.697872678944993 ], [ -98.815664370626394, 20.697924437445785 ], [ -98.815384611930142, 20.697843708357325 ], [ -98.815412804896837, 20.697533979415311 ], [ -98.815420431779444, 20.697309119564533 ], [ -98.815326439858779, 20.697102194702154 ], [ -98.815177404490342, 20.696954304209875 ], [ -98.815138296065598, 20.696821304336634 ], [ -98.815099346559904, 20.69655534862833 ], [ -98.814948169997507, 20.696456458127756 ], [ -98.814784880801838, 20.696330795786661 ], [ -98.814843326005985, 20.695704326733576 ], [ -98.814996236155267, 20.695290367140707 ], [ -98.815284282927934, 20.695163257621456 ], [ -98.815623093063394, 20.695068051034195 ], [ -98.815995998967168, 20.694781755289441 ], [ -98.816419695865321, 20.694511433973307 ], [ -98.816674077696504, 20.694209080160583 ], [ -98.817284086950082, 20.693907102466056 ], [ -98.81782618581741, 20.693748396315804 ], [ -98.818634174265298, 20.693354279817427 ], [ -98.819234719293178, 20.693160821955587 ], [ -98.820041614596789, 20.692967576099768 ], [ -98.820454583139238, 20.692756275788135 ], [ -98.820755022920324, 20.692509563110047 ], [ -98.821280750895426, 20.692121934170633 ], [ -98.821712309224424, 20.69205180152904 ], [ -98.822181529251893, 20.691858200922177 ], [ -98.822481985907018, 20.691593844035928 ], [ -98.822782545984538, 20.691241263532557 ], [ -98.823161654097646, 20.690846610344124 ], [ -98.82331057998114, 20.690497525494091 ], [ -98.823311349849234, 20.690344824132154 ], [ -98.822830678465579, 20.690224682981931 ], [ -98.822672456265082, 20.690049845708238 ], [ -98.82261971027944, 20.689888635897351 ], [ -98.822813057170322, 20.689615296992496 ], [ -98.822851309593148, 20.689225432495153 ], [ -98.822554816418219, 20.689029945609374 ], [ -98.822234122943541, 20.688933581445188 ], [ -98.821997521194533, 20.688829590814386 ], [ -98.821906728299211, 20.688593428945165 ], [ -98.821942003719684, 20.688199312959579 ], [ -98.821917451444804, 20.687939663828704 ], [ -98.82208617976886, 20.687137422653731 ], [ -98.822218787340091, 20.686737082367973 ], [ -98.822483324855668, 20.686502598706699 ], [ -98.822454719770718, 20.685853523587944 ], [ -98.822515672889324, 20.685663165862014 ], [ -98.822748671611308, 20.685577638248866 ], [ -98.823027352030252, 20.685812682869006 ], [ -98.823406290899641, 20.686028403221243 ], [ -98.823833311744806, 20.686188428287483 ], [ -98.824062260197792, 20.686127356408782 ], [ -98.824220285625913, 20.685808015768028 ], [ -98.824444931978348, 20.685483480148857 ], [ -98.824674623833261, 20.685371494922066 ], [ -98.824903732227455, 20.6852931413198 ], [ -98.825077762689574, 20.685051340239141 ], [ -98.825257863406762, 20.684730495436192 ], [ -98.825492435231439, 20.684427706268711 ], [ -98.825643879008823, 20.684006928774785 ], [ -98.825684939723544, 20.683668011882865 ], [ -98.825773285184241, 20.683534303400222 ], [ -98.826317907569219, 20.682061098234929 ], [ -98.826428082670006, 20.681768069176403 ], [ -98.828722699303555, 20.681819158027587 ], [ -98.830509204463226, 20.68184286476264 ], [ -98.830652003273698, 20.681841683254678 ], [ -98.830813689204916, 20.681818805645232 ], [ -98.830819330712487, 20.681735321986185 ], [ -98.830823877411731, 20.68158474170362 ], [ -98.830808117003912, 20.681189550296072 ], [ -98.830835612775971, 20.679566021396173 ], [ -98.831675640507939, 20.679579079410697 ], [ -98.832885484155867, 20.679604185834943 ], [ -98.835042810241177, 20.679654937635597 ], [ -98.835510016532922, 20.679695403709811 ], [ -98.836357717920365, 20.679735813784319 ], [ -98.836517724838089, 20.679719672783879 ], [ -98.836497384996662, 20.67763656313009 ], [ -98.836515860537688, 20.677601762290447 ], [ -98.838642773010903, 20.677686680968694 ], [ -98.839297218812746, 20.677726616231627 ], [ -98.839886652220883, 20.677752717968577 ], [ -98.839894387676708, 20.67761134961335 ], [ -98.840076925118325, 20.677448409446384 ], [ -98.840573524020286, 20.677132804360181 ], [ -98.840826105946121, 20.676924922812312 ], [ -98.841251329466147, 20.676728538741951 ], [ -98.841613037646695, 20.676633739014566 ], [ -98.841920425888731, 20.676665684826602 ], [ -98.842406987155513, 20.676786591316926 ], [ -98.843084572421617, 20.676945631430673 ], [ -98.844285787489298, 20.677286692813674 ], [ -98.844829317921608, 20.677332120635974 ], [ -98.845200579808861, 20.677345491194565 ], [ -98.845535343089409, 20.67736947165692 ], [ -98.845867052860569, 20.677524102011432 ], [ -98.846105607956972, 20.677648447310837 ], [ -98.846677032247328, 20.677984184409095 ], [ -98.847203049974439, 20.678209652421138 ], [ -98.847623116179633, 20.678406152769547 ], [ -98.848080519899312, 20.678523823045779 ], [ -98.848817820547836, 20.678669507295428 ], [ -98.849361472926461, 20.67878597968085 ], [ -98.849722661915962, 20.678822090536404 ], [ -98.850123190925913, 20.678865143380051 ], [ -98.850327129463537, 20.678859578615818 ], [ -98.850668097547668, 20.678774686067712 ], [ -98.851177759295879, 20.678679584472416 ], [ -98.851462557807324, 20.678629728114821 ], [ -98.851620347608048, 20.678617394169674 ], [ -98.85171635046099, 20.678624055736737 ], [ -98.851811205526914, 20.67865586695607 ], [ -98.852358850188537, 20.679013198124267 ], [ -98.8525797911186, 20.67939007413808 ], [ -98.852802345172165, 20.679816889181481 ], [ -98.85200102100616, 20.67987200230997 ], [ -98.851555948899374, 20.67978792312525 ], [ -98.850784456142492, 20.679675662954939 ], [ -98.85036895148427, 20.679703202799356 ], [ -98.849834766741125, 20.679702738895852 ], [ -98.848974191732395, 20.679646191249418 ], [ -98.847228690083881, 20.679731455644877 ], [ -98.846671329367737, 20.679892523682806 ], [ -98.845894078813345, 20.680112778468587 ], [ -98.845834203678677, 20.680243775575562 ], [ -98.845825307529935, 20.680261247154945 ], [ -98.845686301408946, 20.680232493908129 ], [ -98.844942791640705, 20.68019067139122 ], [ -98.843872609745915, 20.680135784460649 ], [ -98.842927180108077, 20.680085044433454 ], [ -98.841817099983174, 20.680015413153942 ], [ -98.841711878409328, 20.6800441579006 ], [ -98.841675893121504, 20.68213545012182 ], [ -98.841678520777535, 20.682163481629139 ], [ -98.844897990625412, 20.682271652101051 ], [ -98.844609859925043, 20.685899641979148 ], [ -98.841856343898101, 20.685850267109466 ], [ -98.841720285905396, 20.689468616415823 ], [ -98.837593880636106, 20.68927183930272 ], [ -98.837743153711699, 20.692058162278414 ], [ -98.838112398210541, 20.692186829857246 ], [ -98.838382058943012, 20.692623352504789 ], [ -98.839003964330033, 20.693322430610184 ], [ -98.839241642956395, 20.693911893337404 ], [ -98.83922367391412, 20.69420235354395 ], [ -98.839527802055201, 20.69453226578435 ], [ -98.840095388981069, 20.694882239101425 ], [ -98.840459321955279, 20.695541893660327 ], [ -98.841744459817605, 20.695841601837046 ], [ -98.843306408124022, 20.697372661505142 ], [ -98.84379369098319, 20.698147513725871 ], [ -98.84406820172434, 20.698166889998795 ], [ -98.844230651112284, 20.69840604210814 ], [ -98.844759183038917, 20.698607309566867 ], [ -98.8452271125918, 20.698416512099278 ], [ -98.845678583863673, 20.697685713422356 ], [ -98.845950923976758, 20.696520423168561 ], [ -98.8466413365242, 20.696888528731076 ], [ -98.846862950746214, 20.696954039162065 ], [ -98.847581679622692, 20.696756785238737 ], [ -98.847474108689397, 20.697279377057463 ], [ -98.847069973906457, 20.697735605449328 ], [ -98.846671826506437, 20.698531127443335 ], [ -98.846486759058848, 20.699101634154832 ], [ -98.846354490279168, 20.699512424373367 ], [ -98.846386690978832, 20.700179868251773 ], [ -98.845939844551111, 20.700479981587179 ], [ -98.845457547731769, 20.700733301877936 ], [ -98.844580055680524, 20.701172970311596 ], [ -98.843982245908435, 20.701653529624579 ], [ -98.8430749068322, 20.70231090407761 ], [ -98.842614493036521, 20.702920858445829 ], [ -98.841772785846075, 20.70319465864355 ], [ -98.843207296819358, 20.709695533636626 ], [ -98.844350281725184, 20.712558696263589 ], [ -98.845484427753291, 20.712977500626501 ], [ -98.845503521740525, 20.712981107693057 ], [ -98.846467859463957, 20.712554998784842 ], [ -98.847078312328222, 20.711962015739878 ], [ -98.847599150865875, 20.711754093186556 ], [ -98.848359404312134, 20.711892162909798 ], [ -98.849319450951086, 20.712480237590476 ], [ -98.849691448707247, 20.713277022893603 ], [ -98.849999705885978, 20.713958213358765 ], [ -98.8503660921875, 20.714439712795663 ], [ -98.849960213969965, 20.714847910260538 ], [ -98.850025975878893, 20.715298262505094 ], [ -98.849871096829091, 20.715744216132716 ], [ -98.84989951329986, 20.716132393946481 ], [ -98.850008123837611, 20.716265430628447 ], [ -98.850271354756316, 20.716252332726786 ], [ -98.850652896455074, 20.716478678557955 ], [ -98.850958918658449, 20.716430409118853 ], [ -98.851127354086103, 20.716418265347048 ], [ -98.851426109207736, 20.716531790010475 ], [ -98.851757041969975, 20.716871907244354 ], [ -98.852162328641455, 20.717180560743532 ], [ -98.852475326599233, 20.717267348847077 ], [ -98.853146252173559, 20.717149879389851 ], [ -98.854056280848667, 20.716616570066574 ], [ -98.85446354560905, 20.716069586615941 ], [ -98.854836592069645, 20.715805982720731 ], [ -98.85521049432127, 20.715768723046157 ], [ -98.856459658934924, 20.716266863482947 ], [ -98.856990262936023, 20.716352713704964 ], [ -98.85750335053568, 20.716531916532965 ], [ -98.857744837374042, 20.716756880869212 ], [ -98.858317546529491, 20.716730117763255 ], [ -98.858864085606754, 20.716076572663535 ], [ -98.859579602478689, 20.714743285744142 ], [ -98.859625537772942, 20.714525011180321 ], [ -98.859728306346952, 20.714266712426529 ], [ -98.859824331674631, 20.714011410366894 ], [ -98.860225633646621, 20.713072705479458 ], [ -98.860968368309699, 20.711768686979021 ], [ -98.861599729334642, 20.710392635983702 ], [ -98.861818803639835, 20.709686024570253 ], [ -98.862067526065232, 20.708898455599876 ], [ -98.86218611820459, 20.708487863501947 ], [ -98.862345785886603, 20.708402445921905 ], [ -98.862664909303575, 20.707978197150574 ], [ -98.86287541069926, 20.707783133178122 ], [ -98.863144742994749, 20.707663342706574 ], [ -98.863457914278655, 20.707626691619446 ], [ -98.863832259952275, 20.707699187524131 ], [ -98.864582558210643, 20.70708510348388 ], [ -98.864850898090211, 20.706800070650129 ], [ -98.864717462962759, 20.70628258807821 ], [ -98.865030528087374, 20.705986235800431 ], [ -98.865273105153818, 20.705823905354816 ], [ -98.865689876427737, 20.70562400581187 ], [ -98.865715452779966, 20.705315575280441 ], [ -98.865715698956478, 20.705035911421877 ], [ -98.865629951504403, 20.704815333244728 ], [ -98.865585210038873, 20.704403657985949 ], [ -98.86593602166046, 20.704165900915736 ], [ -98.866161752618297, 20.704227512046025 ], [ -98.86640124780304, 20.704218195786758 ], [ -98.866675021106118, 20.704196297468901 ], [ -98.867447195523752, 20.70442677069504 ], [ -98.86772444668901, 20.704632301399705 ], [ -98.868150913172798, 20.705103206672462 ], [ -98.868968343491233, 20.705214773695584 ], [ -98.869383617073353, 20.705299604921695 ], [ -98.869737411190414, 20.705835013381101 ], [ -98.870268491999781, 20.70615476287286 ], [ -98.870923002771391, 20.706418901599115 ], [ -98.872025823830469, 20.70668576148325 ], [ -98.873193096251029, 20.7068617778909 ], [ -98.874071193405214, 20.707213076027866 ], [ -98.875022909742214, 20.707717161469251 ], [ -98.876374910111267, 20.708213685952938 ], [ -98.876276488807449, 20.707469038400003 ], [ -98.877042127818882, 20.707167792489876 ], [ -98.878108755907363, 20.707004979992867 ], [ -98.878702488285867, 20.707501782918936 ], [ -98.879450069990639, 20.708280985472054 ], [ -98.879961283388681, 20.708793236575907 ], [ -98.880258204420912, 20.708979587727971 ], [ -98.880480200437148, 20.709115432394796 ], [ -98.88063099023536, 20.709268128594456 ], [ -98.881113621735011, 20.709646260334448 ], [ -98.881424659071016, 20.709776476901919 ], [ -98.882081174151054, 20.710215671823288 ], [ -98.88258210506163, 20.710679134643534 ], [ -98.883146482913361, 20.711337095507183 ], [ -98.883874428072843, 20.711864267410743 ], [ -98.884805301118121, 20.712219812805163 ], [ -98.885282142205284, 20.712482637136851 ], [ -98.887574830262992, 20.714373549176891 ], [ -98.887989218282428, 20.714735916278936 ], [ -98.888433379699251, 20.714903326949447 ], [ -98.888906947469863, 20.715349291789746 ], [ -98.88941022871424, 20.715683858997309 ], [ -98.889736149048986, 20.715516945622959 ], [ -98.890388189338225, 20.714932435681366 ], [ -98.890714326720982, 20.714459131382583 ], [ -98.890566713207292, 20.713790550163804 ], [ -98.890419068900286, 20.713177676638146 ], [ -98.889915976251231, 20.712592430397201 ], [ -98.889679553716917, 20.711868085212618 ], [ -98.889915081272733, 20.711358782071862 ], [ -98.890054121566024, 20.711067609467367 ], [ -98.890257854930795, 20.710707105589545 ], [ -98.890805333409119, 20.71040034590229 ], [ -98.890986341183549, 20.709674266893156 ], [ -98.891260045782147, 20.70932407014239 ], [ -98.89129210505078, 20.709270302630458 ], [ -98.891457680170944, 20.708952968821812 ], [ -98.891418617881982, 20.708377541593297 ], [ -98.891786166802916, 20.707048575760737 ], [ -98.891975313841797, 20.706582741333762 ], [ -98.892117327253075, 20.70600593988776 ], [ -98.892330124248772, 20.705473567745084 ], [ -98.892354010290674, 20.705074192377204 ], [ -98.892111544027173, 20.7040689554109 ], [ -98.891911341749918, 20.703464326434283 ], [ -98.891599750063634, 20.702776012360069 ], [ -98.891390444334277, 20.702184336905855 ], [ -98.891064562266365, 20.701658324634735 ], [ -98.890751319262151, 20.700905126354897 ], [ -98.890454198967689, 20.700726413861283 ], [ -98.890347160858553, 20.700401404832984 ], [ -98.890299643526106, 20.700188475815914 ], [ -98.890347387273053, 20.700087666575975 ], [ -98.890550038750391, 20.700031769829458 ], [ -98.890788467261331, 20.699942274526553 ], [ -98.892400729081203, 20.699975374153144 ], [ -98.892862863737093, 20.699782545966137 ], [ -98.89378702127155, 20.699525631286097 ], [ -98.894762610053277, 20.699140005870632 ], [ -98.895789630886526, 20.698593472878002 ], [ -98.897162186449563, 20.697452027138787 ], [ -98.897490247005607, 20.696560499155467 ], [ -98.89737407078627, 20.695874761799551 ], [ -98.897841072146065, 20.695230509411413 ], [ -98.89862868893151, 20.694819575591318 ], [ -98.899065934074073, 20.693941536819647 ], [ -98.898901910312901, 20.693322834847155 ], [ -98.898577624767867, 20.693001216969439 ], [ -98.897877888990919, 20.692675015280642 ], [ -98.897335288404093, 20.692409841932989 ], [ -98.896843740063034, 20.692053865537417 ], [ -98.89597346400393, 20.691458972220474 ], [ -98.895693566649555, 20.69069441491752 ], [ -98.89521025234184, 20.690499542394029 ], [ -98.894273698192677, 20.690374856995355 ], [ -98.893434064141275, 20.690252912888578 ], [ -98.893017254606605, 20.689909426115946 ], [ -98.892887259473497, 20.689443534972064 ], [ -98.892392378305871, 20.688928379119893 ], [ -98.891871362710134, 20.688511277657586 ], [ -98.891494645900252, 20.687664685744387 ], [ -98.891143911304027, 20.686943632289669 ], [ -98.891463652870485, 20.68634314238782 ], [ -98.891921278262842, 20.685747553167651 ], [ -98.892284677091908, 20.685246240149027 ], [ -98.892727509342748, 20.684712962444916 ], [ -98.893090873019744, 20.684243659736008 ], [ -98.893488457196568, 20.683621018018567 ], [ -98.893235359325573, 20.682793556776229 ], [ -98.893138038613472, 20.682034158547467 ], [ -98.893138601784827, 20.681228805076557 ], [ -98.893697416136575, 20.680591039454196 ], [ -98.894464296205982, 20.679677326063775 ], [ -98.894699647517641, 20.678890582482772 ], [ -98.894891514365639, 20.677968786906884 ], [ -98.894748734420048, 20.677024300339887 ], [ -98.894294991781749, 20.676394424456483 ], [ -98.893649958496283, 20.675831883219828 ], [ -98.893459424950322, 20.675363833949138 ], [ -98.893332358416117, 20.674553842754673 ], [ -98.89330074063588, 20.674133869354446 ], [ -98.892949994400027, 20.673803688507768 ], [ -98.892248710940152, 20.672843355664028 ], [ -98.891148192681868, 20.672256367790485 ], [ -98.890380856018623, 20.671333125790643 ], [ -98.889485384534723, 20.670610395165195 ], [ -98.8890590722837, 20.670128682272253 ], [ -98.888512283556963, 20.669679026038335 ], [ -98.888017955930962, 20.66943787220989 ], [ -98.887557517451143, 20.669092510517377 ], [ -98.887143181022239, 20.668492304652585 ], [ -98.887098797769411, 20.667623625642737 ], [ -98.887460969792244, 20.666298339883767 ], [ -98.888198698047532, 20.664893375759167 ], [ -98.889466495026298, 20.664157338108339 ], [ -98.890155585832488, 20.663248548628697 ], [ -98.890947623087712, 20.663166271355646 ], [ -98.892121189450151, 20.662780691908701 ], [ -98.893151368400027, 20.663151331845626 ], [ -98.894430079214516, 20.662694381306345 ], [ -98.895905612900464, 20.662294193409881 ], [ -98.896756170950766, 20.662322436455778 ], [ -98.897521889372328, 20.662482897429914 ], [ -98.898323821185755, 20.662693945937477 ], [ -98.899010415752429, 20.663054395377245 ], [ -98.899883321783477, 20.663281116994405 ], [ -98.900822012874769, 20.663313895842084 ], [ -98.901057414181693, 20.663664106809239 ], [ -98.901151267810334, 20.664351748126432 ], [ -98.901093970721348, 20.665231749501139 ], [ -98.90146195649281, 20.666405336988028 ], [ -98.901821863752701, 20.666091012004021 ], [ -98.902356894582951, 20.665717857807486 ], [ -98.90250072305129, 20.665558158215319 ], [ -98.902736079405102, 20.665263311234735 ], [ -98.90307597153695, 20.664968522109522 ], [ -98.903533315223953, 20.664870450076211 ], [ -98.904199702097713, 20.664784786167882 ], [ -98.905641834987989, 20.664920867292999 ], [ -98.905954850206768, 20.664866513689375 ], [ -98.906128804754772, 20.664735754719178 ], [ -98.906796110295744, 20.664739102610195 ], [ -98.907578582609801, 20.664810761415371 ], [ -98.907793214264856, 20.664680272769779 ], [ -98.907919528993276, 20.664514117887585 ], [ -98.908184637828555, 20.664395527616104 ], [ -98.908500070725694, 20.664561918932197 ], [ -98.908689376734188, 20.664585763368446 ], [ -98.909329979243211, 20.66437495218441 ], [ -98.909427235681918, 20.664020228917941 ], [ -98.909535754731792, 20.663734869423084 ], [ -98.909514168167675, 20.66359215090414 ], [ -98.909666011409371, 20.663347589791726 ], [ -98.909817985830003, 20.662878772226094 ], [ -98.909688247825613, 20.662389418007251 ], [ -98.909428624248335, 20.661675743303228 ], [ -98.909420639049713, 20.661283074477907 ], [ -98.90971335997466, 20.66105144208414 ], [ -98.909929040842087, 20.660892202986332 ], [ -98.910237219789252, 20.660544684841788 ], [ -98.910375951621475, 20.660312971323037 ], [ -98.910483916693707, 20.660008811444701 ], [ -98.91074582824028, 20.659791647607822 ], [ -98.911084717244165, 20.659603494149884 ], [ -98.911439014071362, 20.659386382312796 ], [ -98.911623716195322, 20.659531341580134 ], [ -98.911854615284639, 20.659676324327659 ], [ -98.912178053763071, 20.659575082926544 ], [ -98.912717093368954, 20.659430491694586 ], [ -98.913678490089268, 20.659225701193503 ], [ -98.913983145255727, 20.659154211070536 ], [ -98.914081184825974, 20.658939325591192 ], [ -98.914168351347556, 20.658693735951402 ], [ -98.914050083836742, 20.658241735511641 ], [ -98.914536435255243, 20.657975156908964 ], [ -98.914955197565746, 20.65781019294106 ], [ -98.91559006570823, 20.657619921287377 ], [ -98.916170408715502, 20.65730151637479 ], [ -98.916452455499709, 20.657187958868821 ], [ -98.916761285378158, 20.657213372288776 ], [ -98.91700293475607, 20.657301918956922 ], [ -98.917231201792646, 20.657314659792441 ], [ -98.917486386472433, 20.657213721152473 ], [ -98.917810722763818, 20.65717131112573 ], [ -98.917868028208858, 20.657063623121484 ], [ -98.918211674985244, 20.656995120067233 ], [ -98.918536507415695, 20.657002380012838 ], [ -98.918747988473413, 20.657080655031002 ], [ -98.918800920003122, 20.656988288912661 ], [ -98.918793454852633, 20.656824829792015 ], [ -98.918906789168062, 20.656789345489731 ], [ -98.919284442367086, 20.656896129443016 ], [ -98.919800586126129, 20.657130812391813 ], [ -98.920052944437103, 20.6572915851572 ], [ -98.920394430635994, 20.657403503335988 ], [ -98.920646820988594, 20.657501410083366 ], [ -98.920773047408133, 20.65750146819429 ], [ -98.920938360689263, 20.657434244632174 ], [ -98.921112522949116, 20.65733505559918 ], [ -98.921291908577757, 20.657320245248663 ], [ -98.921476494033968, 20.657474197085264 ], [ -98.921666394775727, 20.657538811407747 ], [ -98.921903502980612, 20.657586569811144 ], [ -98.922180746413432, 20.657673648112116 ], [ -98.922560653496987, 20.657828405303217 ], [ -98.923125314140123, 20.658186133932684 ], [ -98.923320381010427, 20.658311820058145 ], [ -98.923720891337936, 20.658350641891733 ], [ -98.924005512005536, 20.658405972089604 ], [ -98.924506613252433, 20.658491911636709 ], [ -98.92488931152603, 20.658483505519143 ], [ -98.925108005560872, 20.658466457431697 ], [ -98.925326623070092, 20.658586559431633 ], [ -98.925736618323711, 20.658655314527234 ], [ -98.92610110646234, 20.658621181867336 ], [ -98.92665763569569, 20.658406449770649 ], [ -98.927231292802134, 20.658102001380524 ], [ -98.927336894332043, 20.658143448095011 ], [ -98.927442466414988, 20.658251143870281 ], [ -98.927636022111244, 20.658433397694186 ], [ -98.927715226470667, 20.658474834398323 ], [ -98.927917669469707, 20.658466634201442 ], [ -98.928155328126365, 20.6584667338971 ], [ -98.928331318369118, 20.658574457135977 ], [ -98.928463279592307, 20.658715282013514 ], [ -98.928656922855879, 20.658715360870215 ], [ -98.928894627854604, 20.658616093899955 ], [ -98.929149924906469, 20.658533392032417 ], [ -98.930081439456771, 20.65847768641925 ], [ -98.93020675843681, 20.658175157342566 ], [ -98.930342213325758, 20.657736243196762 ], [ -98.93036606040252, 20.657672671378226 ], [ -98.930634457850374, 20.657127971411661 ], [ -98.930753389270265, 20.656728636389868 ], [ -98.931261333892834, 20.653962932482475 ], [ -98.931429714495337, 20.65397098735167 ], [ -98.931448375078517, 20.653978626681496 ], [ -98.931508309615538, 20.653981664690942 ], [ -98.931591286701561, 20.653714451383124 ], [ -98.931804356718075, 20.652917443933454 ], [ -98.93183323297761, 20.652853309322495 ], [ -98.933558909064303, 20.652243804473848 ], [ -98.934844710719631, 20.651602149271554 ], [ -98.937322398066598, 20.64983496868939 ], [ -98.937517996703122, 20.649854411163425 ], [ -98.937715396096479, 20.649875117999315 ], [ -98.937945738248345, 20.649792659216953 ], [ -98.93837353101101, 20.649586449355802 ], [ -98.938713577074338, 20.649421482399521 ], [ -98.938922020372459, 20.6492461497573 ], [ -98.939031776762803, 20.649029508395813 ], [ -98.939455207204162, 20.648313698884365 ], [ -98.939499071594199, 20.648282412698581 ], [ -98.940052741291808, 20.647562646331941 ], [ -98.940405206252422, 20.646982826902409 ], [ -98.940762859998912, 20.646695217595187 ], [ -98.941055021557261, 20.646833018099091 ], [ -98.941387795218901, 20.646935194745108 ], [ -98.9415726113738, 20.646992888298143 ], [ -98.941994431379072, 20.647285527952889 ], [ -98.942166873358019, 20.647482654069915 ], [ -98.942303689947735, 20.64761972914264 ], [ -98.942616060474634, 20.647703591775667 ], [ -98.942904746950532, 20.647714133746792 ], [ -98.943237852829995, 20.647693350088254 ], [ -98.943437780093888, 20.647515828517029 ], [ -98.94356275137838, 20.64729804346425 ], [ -98.943677655320244, 20.647141839921709 ], [ -98.943871005485292, 20.647004097551143 ], [ -98.943904383191622, 20.646805626389224 ], [ -98.943815599163941, 20.646690687981749 ], [ -98.94368235582445, 20.646711537967661 ], [ -98.943593484691547, 20.646836865741847 ], [ -98.943515671519009, 20.647056213821703 ], [ -98.943382390849052, 20.647181525087817 ], [ -98.943171365431667, 20.647338151299486 ], [ -98.942960372030342, 20.647411207679049 ], [ -98.942671719914813, 20.647337986567567 ], [ -98.942478385538394, 20.647138981073059 ], [ -98.942420159632604, 20.646805772609778 ], [ -98.942678557108593, 20.646452986085738 ], [ -98.942849249953241, 20.646382980864249 ], [ -98.942929276770073, 20.646152057627422 ], [ -98.943120146702753, 20.645699493736434 ], [ -98.943140818621927, 20.645643065924407 ], [ -98.94311327448635, 20.645466619929209 ], [ -98.943069803403901, 20.645307576499608 ], [ -98.942975394378763, 20.645016960011993 ], [ -98.942927664582172, 20.644754288974489 ], [ -98.942923085252929, 20.644354230562936 ], [ -98.943035433122574, 20.643998186650091 ], [ -98.943069193410352, 20.643695174676967 ], [ -98.943100837494654, 20.643486366717536 ], [ -98.943143324799266, 20.643094957488383 ], [ -98.943146689065543, 20.642599117906222 ], [ -98.943134234905386, 20.64230980002991 ], [ -98.943158458670226, 20.64216613410591 ], [ -98.943246700640941, 20.642175469378493 ], [ -98.943327643661462, 20.6422704017779 ], [ -98.943329365690857, 20.64260158589779 ], [ -98.943361442489291, 20.643271699763826 ], [ -98.943458898723165, 20.64393942600848 ], [ -98.943511734034786, 20.644209313757354 ], [ -98.943624242727566, 20.644419624216145 ], [ -98.943744574139046, 20.644594175520314 ], [ -98.943856586525072, 20.64467838144963 ], [ -98.944023111348756, 20.644722702376306 ], [ -98.944116779502309, 20.644655231510736 ], [ -98.944109156871903, 20.644547898427451 ], [ -98.943982404367645, 20.644400836979671 ], [ -98.943889027053629, 20.644278207561261 ], [ -98.943746163972961, 20.644076745475637 ], [ -98.943673579880581, 20.643922465617347 ], [ -98.943692200451991, 20.643704107853967 ], [ -98.943689671560463, 20.643211009474079 ], [ -98.943696056666568, 20.642579706334114 ], [ -98.943689573863111, 20.642145369256539 ], [ -98.943759954689455, 20.641687060911362 ], [ -98.943854326507122, 20.641370981706732 ], [ -98.944017492331639, 20.641387076202957 ], [ -98.944033835566984, 20.641507925903756 ], [ -98.944039742653388, 20.641728573529434 ], [ -98.944030519163945, 20.642015589192283 ], [ -98.944041927404172, 20.642234458376922 ], [ -98.944070266002299, 20.642427348075476 ], [ -98.944134821129737, 20.642598578957095 ], [ -98.94417875476347, 20.642704595343655 ], [ -98.944238684717035, 20.642826319462483 ], [ -98.944287951225377, 20.642937572365465 ], [ -98.944378894127766, 20.643013761559214 ], [ -98.94449690960144, 20.642977663350592 ], [ -98.944526540335332, 20.642878302926881 ], [ -98.944466666182976, 20.642754016169171 ], [ -98.944363610030933, 20.642610912508157 ], [ -98.944342793220528, 20.642445663217362 ], [ -98.944334856759127, 20.642314724800475 ], [ -98.944423657671351, 20.642244706716607 ], [ -98.944537669712517, 20.642264944262962 ], [ -98.9445990521629, 20.642322589658495 ], [ -98.944712423817265, 20.642491542362954 ], [ -98.94486793785282, 20.642604925921564 ], [ -98.945047749848442, 20.642704413148518 ], [ -98.945173006196924, 20.642704968958274 ], [ -98.945299975913656, 20.645080646348205 ], [ -98.945463045332332, 20.645241842201358 ], [ -98.945818049388464, 20.645572516458589 ], [ -98.94594205065637, 20.645837902392685 ], [ -98.945998311387896, 20.64625185636752 ], [ -98.946110939105267, 20.646771968734491 ], [ -98.946521542581721, 20.647823027187229 ], [ -98.946731489240861, 20.64819202301986 ], [ -98.947167427346784, 20.649147305796063 ], [ -98.947605057732375, 20.649868368350667 ], [ -98.948191976803272, 20.650570753679169 ], [ -98.948450661747444, 20.650748722899433 ], [ -98.948719347696183, 20.650776894672994 ], [ -98.948988083533621, 20.650928398423304 ], [ -98.949110830935297, 20.651171116199205 ], [ -98.949184420281213, 20.651506268987369 ], [ -98.949540444356003, 20.652095739993563 ], [ -98.949749192382413, 20.652303809563559 ], [ -98.949964439874293, 20.652353441628261 ], [ -98.950156320939911, 20.652414100473568 ], [ -98.950165322483755, 20.652550647627066 ], [ -98.95012744055802, 20.65275727396828 ], [ -98.950029157041328, 20.653096448874226 ], [ -98.949970089688662, 20.653439018185285 ], [ -98.950029684194661, 20.653741360498255 ], [ -98.950141469135602, 20.653923157859147 ], [ -98.95022136475545, 20.65399611801034 ], [ -98.950286449490036, 20.65409416108325 ], [ -98.950440396035404, 20.654253569352893 ], [ -98.950578879549667, 20.65458682214317 ], [ -98.950578799772686, 20.654833106690482 ], [ -98.950524848656073, 20.655014188429391 ], [ -98.95032959064973, 20.655222518839427 ], [ -98.950081029859945, 20.655339352529168 ], [ -98.949708186834286, 20.655528083163233 ], [ -98.949230153838741, 20.655860667166646 ], [ -98.948964960468743, 20.656161510753108 ], [ -98.948860470863536, 20.656516160904182 ], [ -98.948892027398756, 20.656883695138148 ], [ -98.948945469713081, 20.657163851062208 ], [ -98.948826846593718, 20.657403116968748 ], [ -98.948673983316255, 20.657691068012827 ], [ -98.948703108755495, 20.658058853318458 ], [ -98.948840123525798, 20.658177691424015 ], [ -98.948944843371379, 20.658422417425374 ], [ -98.949027119342233, 20.658926596973547 ], [ -98.949501027892268, 20.659426960372571 ], [ -98.949830768440364, 20.659562793434866 ], [ -98.950428420399803, 20.659834431935444 ], [ -98.95094353809732, 20.66037751473505 ], [ -98.951512845918742, 20.660945789645854 ], [ -98.951718230925422, 20.661311012274219 ], [ -98.952083517619329, 20.661461478085251 ], [ -98.952631515424912, 20.661504593062013 ], [ -98.952951216778388, 20.661397277262612 ], [ -98.953339386042643, 20.661397382730048 ], [ -98.953818828984936, 20.66159083383878 ], [ -98.954252627130614, 20.661741312395936 ], [ -98.954732131524366, 20.661741440147278 ], [ -98.95528016500829, 20.661634183162359 ], [ -98.956450385707058, 20.661365072701841 ], [ -98.957057521434166, 20.661151061175772 ], [ -98.957411694285909, 20.660960784781523 ], [ -98.957715337064954, 20.660580125533183 ], [ -98.958069554495353, 20.660223274909665 ], [ -98.95842371290037, 20.660104384286537 ], [ -98.958954900784349, 20.660080715439129 ], [ -98.959384910130836, 20.660033226010963 ], [ -98.959637904347673, 20.65984291593557 ], [ -98.959890858879731, 20.659795384655482 ], [ -98.960472600887698, 20.659914501297095 ], [ -98.96125675864252, 20.659771902124252 ], [ -98.962570708589723, 20.659958963136251 ], [ -98.963576662572265, 20.659982838239678 ], [ -98.964205372824338, 20.660030287288155 ], [ -98.964834135211859, 20.659888463598616 ], [ -98.965312033212257, 20.659580992812369 ], [ -98.965764702404243, 20.659604744281964 ], [ -98.966066453716849, 20.659794073074231 ], [ -98.96631785676567, 20.660149008532347 ], [ -98.966267415481482, 20.660811447711016 ], [ -98.966091119026757, 20.661947041789634 ], [ -98.966046309532729, 20.662632023124843 ], [ -98.966126332022753, 20.662989997278142 ], [ -98.966526786086746, 20.663348028080357 ], [ -98.967247683668404, 20.663611920118132 ], [ -98.967928586148261, 20.663630886709509 ], [ -98.968669537810399, 20.663781738759784 ], [ -98.969350405938727, 20.663989097120279 ], [ -98.969744358363855, 20.664380037869961 ], [ -98.969976793330162, 20.664926992645995 ], [ -98.969976678738092, 20.66551036694656 ], [ -98.970286640241937, 20.666057330151602 ], [ -98.970286547526001, 20.666531321004381 ], [ -98.970363880695942, 20.667479315007988 ], [ -98.970867647369644, 20.668026313535226 ], [ -98.972146632137935, 20.668391131780311 ], [ -98.972805512060404, 20.668537081033993 ], [ -98.97373566977295, 20.668865371052309 ], [ -98.975359368630777, 20.669863813413233 ], [ -98.974018993288951, 20.670735899287269 ], [ -98.973683036132513, 20.67089327202423 ], [ -98.97352843692012, 20.670982475010533 ], [ -98.973329347441975, 20.67111180766214 ], [ -98.973163518431562, 20.671216168910473 ], [ -98.972987936623198, 20.671269072425886 ], [ -98.97285536235384, 20.671348460295516 ], [ -98.972707478301018, 20.67138140607813 ], [ -98.972553347233585, 20.671450115171055 ], [ -98.972447543232732, 20.671550542321317 ], [ -98.972312787492811, 20.671679444581347 ], [ -98.971492023650953, 20.672039355686636 ], [ -98.971073942225104, 20.671996141035489 ], [ -98.970655692114875, 20.67217750337409 ], [ -98.96998491882718, 20.67290356894776 ], [ -98.969620582179758, 20.673170599283978 ], [ -98.96920843172866, 20.673348646154988 ], [ -98.96880743106972, 20.673432391596688 ], [ -98.968372241298567, 20.673575304196831 ], [ -98.968054755348149, 20.673674788229608 ], [ -98.967790187536679, 20.673724510780517 ], [ -98.967657886087238, 20.67384891453684 ], [ -98.96746381875181, 20.674139213909363 ], [ -98.967252120066391, 20.674396330159002 ], [ -98.967031596045643, 20.674653439259849 ], [ -98.966749266674924, 20.674963680960015 ], [ -98.966556321833792, 20.675219322599204 ], [ -98.966328313346182, 20.67540897019288 ], [ -98.966179202099795, 20.675648122781659 ], [ -98.966144080978253, 20.675887300405162 ], [ -98.966214182829447, 20.676052264982893 ], [ -98.966328120760465, 20.676283220289051 ], [ -98.966203976813659, 20.676473843419405 ], [ -98.965908328206538, 20.67656068810334 ], [ -98.965686594655836, 20.67660119860362 ], [ -98.96556956260217, 20.676653318377763 ], [ -98.965446356660081, 20.676757575361854 ], [ -98.965088510941825, 20.676907517567695 ], [ -98.964853639905584, 20.676898589649092 ], [ -98.964493621921903, 20.676810584249804 ], [ -98.964154881827071, 20.676774128118467 ], [ -98.963834011392834, 20.676799117070502 ], [ -98.963733321549739, 20.676745026431401 ], [ -98.963642734080992, 20.67662198895151 ], [ -98.963566993835215, 20.676543387538668 ], [ -98.963507852421813, 20.67651303315116 ], [ -98.963357169799124, 20.676614207818208 ], [ -98.963144762084269, 20.676695473376792 ], [ -98.962993748644706, 20.676606988286323 ], [ -98.962598682281623, 20.676534305741065 ], [ -98.962385595858748, 20.676357122341781 ], [ -98.962284063514886, 20.676231973312927 ], [ -98.962049981373866, 20.676200219112911 ], [ -98.961882014699782, 20.675969776364614 ], [ -98.96165038186129, 20.676031705526377 ], [ -98.961458174114114, 20.676009110461315 ], [ -98.961322260317729, 20.67583315243721 ], [ -98.961230942935345, 20.675658397626254 ], [ -98.96116891964769, 20.675542346363994 ], [ -98.96104766928913, 20.675517010639467 ], [ -98.960914302019873, 20.675537268135511 ], [ -98.960794326163423, 20.675553626465771 ], [ -98.960705054004819, 20.675529093428018 ], [ -98.96060186606519, 20.675458460461837 ], [ -98.960514979194926, 20.675354048537955 ], [ -98.960435720077186, 20.675233704753055 ], [ -98.960352689265775, 20.675156700096483 ], [ -98.960217260421743, 20.675114160383387 ], [ -98.960038976529873, 20.675158249401601 ], [ -98.959822007891063, 20.675227673795764 ], [ -98.959633883993135, 20.675098496283994 ], [ -98.959485479668416, 20.674840383268478 ], [ -98.959281366185365, 20.674711853414315 ], [ -98.959178631114199, 20.674444824049832 ], [ -98.959078010402635, 20.67438012219425 ], [ -98.958844026108792, 20.674344197017355 ], [ -98.958738695921028, 20.674096039315366 ], [ -98.958595281526684, 20.673863366852125 ], [ -98.958462192619166, 20.673773202852356 ], [ -98.958387331931291, 20.673752958980639 ], [ -98.958217704445815, 20.673707729758522 ], [ -98.958023950047718, 20.673600295719062 ], [ -98.95791319520319, 20.673365536576551 ], [ -98.957903668116742, 20.673112987481044 ], [ -98.957973810419432, 20.672905198438869 ], [ -98.957874982290576, 20.672813052438809 ], [ -98.95782870358552, 20.672627035939072 ], [ -98.957878232177364, 20.672442389796103 ], [ -98.957930907467201, 20.672343776874406 ], [ -98.957709864814149, 20.672301400018817 ], [ -98.957391972283204, 20.672290145904068 ], [ -98.957131769609916, 20.67217561005528 ], [ -98.957023713104121, 20.672026090849723 ], [ -98.956891616730047, 20.671895027831706 ], [ -98.95683447833504, 20.67192964729411 ], [ -98.956591287770323, 20.671929585734564 ], [ -98.956232262478665, 20.671983962749955 ], [ -98.956023768901687, 20.672147314593598 ], [ -98.955779866729316, 20.672138780027435 ], [ -98.95542759487553, 20.671875466906855 ], [ -98.955132217225938, 20.671569717785825 ], [ -98.955087594472346, 20.671217517746857 ], [ -98.954665911943181, 20.671123662368345 ], [ -98.954261088404635, 20.671177260837649 ], [ -98.954000461340925, 20.671100870608072 ], [ -98.953808918271335, 20.670646184626431 ], [ -98.953421466741915, 20.670542988540667 ], [ -98.952808299734329, 20.67042613229021 ], [ -98.952033006551289, 20.670329953100662 ], [ -98.951870830926381, 20.670469549949026 ], [ -98.951824699192031, 20.670707823109247 ], [ -98.951767013678534, 20.671076060954082 ], [ -98.951713323886892, 20.671556492922264 ], [ -98.951649133917172, 20.67191809939159 ], [ -98.951520897210443, 20.672219423387247 ], [ -98.951392704246018, 20.672354998443225 ], [ -98.9512325056007, 20.672415223477238 ], [ -98.95131248910144, 20.672746737588557 ], [ -98.951568710784159, 20.672972826333094 ], [ -98.951808951278352, 20.67306330013152 ], [ -98.952209349884271, 20.673229159167782 ], [ -98.952385493432573, 20.673425087721338 ], [ -98.95248153570823, 20.673651131962565 ], [ -98.952465427811646, 20.673922346730134 ], [ -98.952353243686787, 20.674103130790435 ], [ -98.952176976275112, 20.674329095799376 ], [ -98.952128872731151, 20.67446469325656 ], [ -98.95219287897352, 20.674690728480023 ], [ -98.952176797320405, 20.674901672531387 ], [ -98.952096677425061, 20.674992055683028 ], [ -98.951904429731755, 20.675082413129399 ], [ -98.951776205306743, 20.675308395394818 ], [ -98.951808187481518, 20.675489216313654 ], [ -98.952032430783788, 20.675534480125446 ], [ -98.952416916289394, 20.675398978874316 ], [ -98.95260913539893, 20.675399032804961 ], [ -98.952753258151162, 20.675549746815015 ], [ -98.952721148401366, 20.675775755907896 ], [ -98.952553194554113, 20.676049564745618 ], [ -98.952899046260754, 20.676473727595894 ], [ -98.95293625783232, 20.676602603117253 ], [ -98.952976853899003, 20.676707710623763 ], [ -98.952895555926517, 20.676841450799145 ], [ -98.95274318298236, 20.676879629775964 ], [ -98.952580647987915, 20.676956017208461 ], [ -98.952560270087432, 20.677147102757942 ], [ -98.952631339480661, 20.677261774585929 ], [ -98.952864946435483, 20.677300055215476 ], [ -98.953129029917989, 20.677309683742187 ], [ -98.953385792379024, 20.677246464349196 ], [ -98.954287491490476, 20.677708283814088 ], [ -98.954360579306069, 20.678221082131458 ], [ -98.954326262836105, 20.67912838210172 ], [ -98.954069910847466, 20.679731876770315 ], [ -98.954645772762419, 20.681017431426728 ], [ -98.954499379019524, 20.681646654384547 ], [ -98.954439424409856, 20.682105644935561 ], [ -98.954765001865596, 20.682532446424084 ], [ -98.955404696825738, 20.682806145562061 ], [ -98.955276601022476, 20.683265653325439 ], [ -98.955590621469455, 20.683451735830243 ], [ -98.955904497809328, 20.684141125020755 ], [ -98.956021222463534, 20.684997222476984 ], [ -98.955827779269967, 20.685506242335592 ], [ -98.955463313197043, 20.686253466377313 ], [ -98.956090861425679, 20.687133350398621 ], [ -98.955938383949885, 20.688184340007492 ], [ -98.95578208242091, 20.689285155835552 ], [ -98.955736293826988, 20.690209978743738 ], [ -98.955828400629883, 20.691027689605303 ], [ -98.956499298855263, 20.692255264968491 ], [ -98.957122734986612, 20.693163663195389 ], [ -98.957881423292321, 20.694267231006684 ], [ -98.958634591576541, 20.694870984119966 ], [ -98.95986436837471, 20.695886907052948 ], [ -98.961098528816819, 20.697152618208641 ], [ -98.961370546675781, 20.696609298454518 ], [ -98.961584304910161, 20.695939483693415 ], [ -98.962194667208337, 20.695717841089088 ], [ -98.962583062350802, 20.695626608049309 ], [ -98.963179589265849, 20.695209274640607 ], [ -98.963673130514053, 20.695284311457034 ], [ -98.963945823124419, 20.695118924181397 ], [ -98.963975886784993, 20.694670992623291 ], [ -98.964052001527875, 20.693942418131705 ], [ -98.964219249068805, 20.693256722827048 ], [ -98.964629464007444, 20.692771082326161 ], [ -98.965069958998882, 20.692728311641908 ], [ -98.965768658369484, 20.692714164986757 ], [ -98.965814360363254, 20.692114159480649 ], [ -98.966067347532615, 20.69154056577699 ], [ -98.966883941339134, 20.691534685810336 ], [ -98.968421361859328, 20.691884358222069 ], [ -98.969416192607511, 20.692240501677624 ], [ -98.971685372377593, 20.693542385812545 ], [ -98.972146668873719, 20.694493946211846 ], [ -98.972500949876917, 20.695241416459417 ], [ -98.972428150572384, 20.695626213964744 ], [ -98.972085331765669, 20.69595195043134 ], [ -98.97140464946574, 20.696578310264176 ], [ -98.971116796374361, 20.696875153537423 ], [ -98.971116712345136, 20.697323210850424 ], [ -98.971440794423756, 20.697418759162854 ], [ -98.971162035064694, 20.697909530854137 ], [ -98.970512655992735, 20.698704561622087 ], [ -98.97000000993998, 20.69939493059492 ], [ -98.969228405914862, 20.700736404031804 ], [ -98.968183569200733, 20.700934587991657 ], [ -98.967757747309562, 20.70142211542694 ], [ -98.966736950835099, 20.701373655545932 ], [ -98.966533747609944, 20.701601076448284 ], [ -98.966496452436601, 20.702833830491588 ], [ -98.965643155198535, 20.702908663713394 ], [ -98.965472109064578, 20.703063867226533 ], [ -98.965354092584263, 20.703628273006167 ], [ -98.965021780280424, 20.704031371687854 ], [ -98.964764471531026, 20.7044546427596 ], [ -98.964283086978384, 20.705126827394349 ], [ -98.964123133758832, 20.705597666162927 ], [ -98.96409454904618, 20.70584804973549 ], [ -98.965297327850791, 20.705943874498452 ], [ -98.965270162599865, 20.707178674117092 ], [ -98.965528275571145, 20.707565040271209 ], [ -98.966267664062428, 20.708193417264116 ], [ -98.965789112589619, 20.708812948067031 ], [ -98.965338747299938, 20.709436463077083 ], [ -98.965963608795278, 20.709894234648061 ], [ -98.965989389202932, 20.710222472576667 ], [ -98.965731582651216, 20.710565357268589 ], [ -98.96520159202737, 20.711078097262053 ], [ -98.965311189513059, 20.71160779483915 ], [ -98.965053156922508, 20.711827898268872 ], [ -98.965063214417981, 20.712325519354362 ], [ -98.965236136916062, 20.712622211060403 ], [ -98.965345421194186, 20.712909689477343 ], [ -98.965672700230385, 20.71317767181252 ], [ -98.966208865598333, 20.713425162388027 ], [ -98.966978259699147, 20.713864125242424 ], [ -98.968045788216472, 20.714171430470554 ], [ -98.969188705143964, 20.714336999061217 ], [ -98.969665967604698, 20.714407952505379 ], [ -98.970436104146444, 20.714435554947311 ], [ -98.970912623240039, 20.715118387397716 ], [ -98.971411838754733, 20.715822559052583 ], [ -98.972373078177981, 20.716700345302691 ], [ -98.973752595787275, 20.7189554650543 ], [ -98.973338779740786, 20.719097069133895 ], [ -98.972882543721354, 20.719187594681625 ], [ -98.972442123923059, 20.719393559353449 ], [ -98.972317130442818, 20.719752331211097 ], [ -98.972399100301104, 20.720039370125974 ], [ -98.973785562501561, 20.720729598414085 ], [ -98.974592170878495, 20.720867110600668 ], [ -98.974811221245631, 20.720949543750976 ], [ -98.974931696369168, 20.721001057559494 ], [ -98.97497547963269, 20.721155563893177 ], [ -98.975063098407688, 20.721186475938101 ], [ -98.975293112899394, 20.721165910530878 ], [ -98.975446478567221, 20.721032032597289 ], [ -98.975775064511666, 20.721073276593195 ], [ -98.975937980278644, 20.721670629917966 ], [ -98.976039122257234, 20.721919485703836 ], [ -98.976186986432737, 20.72198537633416 ], [ -98.97635823660508, 20.721882934264851 ], [ -98.976513891671587, 20.721882957209129 ], [ -98.976832977205632, 20.722029378044798 ], [ -98.977058669192374, 20.72214651121206 ], [ -98.977323279438863, 20.722241691787243 ], [ -98.97743999899626, 20.722439319525296 ], [ -98.977494447826857, 20.722680853851266 ], [ -98.977471064965357, 20.722922372665597 ], [ -98.977603358166434, 20.723024858241295 ], [ -98.978057762690753, 20.723347084201183 ], [ -98.978135335268007, 20.723533574075532 ], [ -98.978109437817722, 20.723744374902019 ], [ -98.977911116857499, 20.723890289765887 ], [ -98.977592068779103, 20.724052402770504 ], [ -98.977251851757075, 20.724261004280638 ], [ -98.977071813473216, 20.724341596196965 ], [ -98.976968900100758, 20.72463178754219 ], [ -98.976925991428288, 20.724938104910343 ], [ -98.976771663857022, 20.725034817393645 ], [ -98.976943730286521, 20.725627478697284 ], [ -98.976744400828707, 20.725727412345087 ], [ -98.976319172500268, 20.725852304565237 ], [ -98.976146413445733, 20.726002219445636 ], [ -98.976146379792723, 20.726214634948018 ], [ -98.976066623096401, 20.726389554448286 ], [ -98.975853994240552, 20.726564456194723 ], [ -98.975853965335517, 20.72673938239199 ], [ -98.975709961510958, 20.726885058750177 ], [ -98.975479177467193, 20.726967995520059 ], [ -98.9752144815088, 20.726910517126434 ], [ -98.975031255608414, 20.72675731852982 ], [ -98.974888742139441, 20.726616889540033 ], [ -98.974746196930667, 20.726718982002264 ], [ -98.97464435907473, 20.72690405619969 ], [ -98.974623950169061, 20.727191255175537 ], [ -98.97481394237883, 20.727472101959087 ], [ -98.975033905461146, 20.727558528862954 ], [ -98.975249809266415, 20.727673318665154 ], [ -98.975428158417557, 20.727796934952423 ], [ -98.975578340498444, 20.727973508173942 ], [ -98.975681568030325, 20.728238355120592 ], [ -98.975700283905809, 20.72860029731272 ], [ -98.975765927350608, 20.729041691889712 ], [ -98.975953668409701, 20.729209445321668 ], [ -98.976244686005245, 20.729262452638299 ], [ -98.976501790200047, 20.729300699985554 ], [ -98.976754510305369, 20.729265787962866 ], [ -98.976984933036093, 20.729195928762284 ], [ -98.977334281258209, 20.729154040639134 ], [ -98.977594411590061, 20.729230955307003 ], [ -98.977847093117688, 20.729468618452685 ], [ -98.978040313908721, 20.729699286578203 ], [ -98.978190489012178, 20.729706261396771 ], [ -98.978478346860641, 20.729715961770115 ], [ -98.978725094057438, 20.729677324276121 ], [ -98.979043785233188, 20.729745035858286 ], [ -98.97915685065378, 20.729928721802253 ], [ -98.979321299082613, 20.730228426033801 ], [ -98.979506335013056, 20.730344452671876 ], [ -98.979732510793283, 20.730383146827613 ], [ -98.979907288126313, 20.730344500329778 ], [ -98.980112922341121, 20.730170515394601 ], [ -98.980256894407944, 20.729861182747598 ], [ -98.980472823648498, 20.72962919639345 ], [ -98.98070655004598, 20.729546881754146 ], [ -98.980846918907659, 20.729335717727373 ], [ -98.981038168719436, 20.729135285792104 ], [ -98.981313664615172, 20.728858930058745 ], [ -98.981532116034217, 20.728801991863492 ], [ -98.981875185176023, 20.728790022360219 ], [ -98.982139618649271, 20.728677411102112 ], [ -98.982261583187849, 20.728562746412525 ], [ -98.982393720360832, 20.728457640890429 ], [ -98.982674019876868, 20.728347411495882 ], [ -98.983064495550451, 20.728190130630935 ], [ -98.983174101226695, 20.728270040817897 ], [ -98.983265016160132, 20.728498081890891 ], [ -98.983355926070757, 20.728773630723328 ], [ -98.983568090946378, 20.729001685101501 ], [ -98.983729711849705, 20.729505274164378 ], [ -98.983861068441868, 20.729514787057685 ], [ -98.984073251156289, 20.72957181923417 ], [ -98.984214701597253, 20.729733353243692 ], [ -98.984224773087092, 20.730008893725024 ], [ -98.984194433022353, 20.730303437392976 ], [ -98.984197972559883, 20.730909823851277 ], [ -98.984291291622043, 20.731132637214831 ], [ -98.984434874546807, 20.731362202675168 ], [ -98.98440865035802, 20.731496702590729 ], [ -98.984046626159071, 20.731810360804435 ], [ -98.983869144653568, 20.73208398350717 ], [ -98.984071132385395, 20.732317160269464 ], [ -98.984238533749846, 20.732466317073193 ], [ -98.984582136970971, 20.732888899225998 ], [ -98.984825792105596, 20.733470763510645 ], [ -98.985055457233557, 20.733974774921631 ], [ -98.985219530059027, 20.734046789778656 ], [ -98.985383606194233, 20.734077663905349 ], [ -98.985416407251108, 20.734262804850594 ], [ -98.985361689249743, 20.734489083095138 ], [ -98.985142894730558, 20.734663920454924 ], [ -98.985179035760922, 20.735197874067701 ], [ -98.985264528449576, 20.735307511973463 ], [ -98.985396664347121, 20.735329450760265 ], [ -98.98553658543841, 20.735307535664447 ], [ -98.985645387408809, 20.735461028710301 ], [ -98.985816383581053, 20.735636452511368 ], [ -98.985808580071222, 20.735884953177735 ], [ -98.985715286190583, 20.736104210448566 ], [ -98.985388858850143, 20.73661700026107 ], [ -98.985101607575572, 20.736996102279218 ], [ -98.984957969263036, 20.737266154189673 ], [ -98.984609976812706, 20.737390771503524 ], [ -98.984228440747913, 20.737470201267751 ], [ -98.984099362413914, 20.737528235363222 ], [ -98.983892069594859, 20.737554154770283 ], [ -98.983749336585518, 20.737395454136056 ], [ -98.983687502596638, 20.737238180005626 ], [ -98.983563932960124, 20.737095146466672 ], [ -98.983484313962236, 20.73716692448934 ], [ -98.98340770669428, 20.737394627584585 ], [ -98.983296418331818, 20.737538245072159 ], [ -98.983175987492885, 20.737632137381709 ], [ -98.983031378038461, 20.737784897748867 ], [ -98.982646348437243, 20.737702975925266 ], [ -98.982472256679856, 20.737742319991998 ], [ -98.982321177724202, 20.737816302989021 ], [ -98.982110619108823, 20.737920134416317 ], [ -98.981905887209223, 20.738071830487389 ], [ -98.981770283664346, 20.738180638633875 ], [ -98.981840336418102, 20.738239053319631 ], [ -98.981862598814672, 20.738360258006626 ], [ -98.981736359635235, 20.738421494733061 ], [ -98.981616469598862, 20.738356732816289 ], [ -98.981438735391549, 20.738328380473593 ], [ -98.981094184820677, 20.73836331129187 ], [ -98.98083987902757, 20.738503619260282 ], [ -98.980606001288976, 20.73874101194756 ], [ -98.980506937047068, 20.739086862853 ], [ -98.98055012219784, 20.739401180992328 ], [ -98.980642141698311, 20.739574756404359 ], [ -98.980729891350535, 20.739735374369616 ], [ -98.980782552501907, 20.739862492820031 ], [ -98.980660210391093, 20.740047721992056 ], [ -98.980625129145722, 20.740329569108781 ], [ -98.980641276399325, 20.740465144523256 ], [ -98.980687798448699, 20.740689705804844 ], [ -98.980475264926412, 20.740849534989373 ], [ -98.980273299623505, 20.74116051803999 ], [ -98.979928363884923, 20.741216880260289 ], [ -98.979643406623453, 20.741287351963834 ], [ -98.979376583944031, 20.741408202258008 ], [ -98.979306932838597, 20.741842308969407 ], [ -98.979475544233509, 20.742342621600482 ], [ -98.979677401622681, 20.74268949414137 ], [ -98.979868921202282, 20.742994547136085 ], [ -98.979944423387906, 20.743200462825957 ], [ -98.979958350472231, 20.743420283438656 ], [ -98.979902329443163, 20.743721159872585 ], [ -98.9798745742726, 20.743901588768082 ], [ -98.979725894297346, 20.744018050171839 ], [ -98.979524255679991, 20.744065698954454 ], [ -98.979297314554003, 20.744184205835964 ], [ -98.979122929889982, 20.74429753884592 ], [ -98.978954262779155, 20.744400786841123 ], [ -98.978715994804162, 20.744571501759815 ], [ -98.97851124886941, 20.744761609426678 ], [ -98.978404428031581, 20.744894909687368 ], [ -98.978312802403124, 20.745097778637753 ], [ -98.978213680765421, 20.745329469339499 ], [ -98.978198175530821, 20.745722805106766 ], [ -98.978255068793757, 20.746168726555162 ], [ -98.978293803435221, 20.746532263788861 ], [ -98.978129765588008, 20.746976635108226 ], [ -98.977884392553847, 20.747154945851385 ], [ -98.977499148823469, 20.747292954932913 ], [ -98.977205664898776, 20.747551493230294 ], [ -98.976870992572998, 20.747696292204797 ], [ -98.976523682097778, 20.747880333226121 ], [ -98.976320946401941, 20.747985131362608 ], [ -98.976270253634056, 20.748089949142862 ], [ -98.976097935273927, 20.748156633570193 ], [ -98.975852848147113, 20.748199960895345 ], [ -98.975366184861784, 20.74824383537625 ], [ -98.975026521214247, 20.748454391305508 ], [ -98.974539217304638, 20.748511032665295 ], [ -98.97429210787368, 20.748795565997792 ], [ -98.974029921949665, 20.749023232503962 ], [ -98.973523005404871, 20.74941169720373 ], [ -98.973186707371283, 20.749770318703266 ], [ -98.972920086508097, 20.749859497698328 ], [ -98.972456702120496, 20.749795352512294 ], [ -98.972004063948532, 20.749753438015347 ], [ -98.971506519865642, 20.749809993479687 ], [ -98.971145748202531, 20.750041639692252 ], [ -98.970652807627417, 20.750402351602865 ], [ -98.970318152357251, 20.750859842574624 ], [ -98.969840766237525, 20.750961761617226 ], [ -98.969691174011345, 20.750954333227842 ], [ -98.969439539993388, 20.750897875550255 ], [ -98.968744079318682, 20.7506746098531 ], [ -98.968300235106256, 20.750655478550019 ], [ -98.967649273764479, 20.750716557446388 ], [ -98.967236971982032, 20.750859283710707 ], [ -98.967106717355179, 20.751144866119194 ], [ -98.96699809064279, 20.751756860420763 ], [ -98.967063082523509, 20.75226688825515 ], [ -98.967236585523025, 20.752654527846495 ], [ -98.967538889326818, 20.753104777358313 ], [ -98.967928541869881, 20.753514375721359 ], [ -98.968409163661448, 20.754124647601845 ], [ -98.968433038983008, 20.754915630396354 ], [ -98.968168376628668, 20.756113343764465 ], [ -98.96780425833694, 20.756898248116205 ], [ -98.967395147838275, 20.757278066972724 ], [ -98.96721852483131, 20.757430278274978 ], [ -98.967199531101059, 20.757582250006362 ], [ -98.96686575660226, 20.757638505088011 ], [ -98.966135871965747, 20.757638361184679 ], [ -98.965242576281241, 20.757679152856451 ], [ -98.96416014847189, 20.75777062684233 ], [ -98.96377349921508, 20.757906849473898 ], [ -98.963309521185067, 20.758115740498678 ], [ -98.9629228270135, 20.758470043370714 ], [ -98.962710106591359, 20.758806204577436 ], [ -98.962351175041093, 20.759423652209602 ], [ -98.961654466797299, 20.759236490726312 ], [ -98.960387099833, 20.75909665308874 ], [ -98.958945250607513, 20.75916999622013 ], [ -98.957277436520727, 20.759545319861903 ], [ -98.955801665062353, 20.760266703683953 ], [ -98.954107787984142, 20.760555673006078 ], [ -98.95207445166686, 20.761060703189845 ], [ -98.950758806643194, 20.76122885979521 ], [ -98.949084155602335, 20.762014836287161 ], [ -98.948426431650347, 20.761789938051031 ], [ -98.948067594365952, 20.761902182555865 ], [ -98.947529261375294, 20.762295249470512 ], [ -98.946632162761418, 20.762575854915866 ], [ -98.945854681743867, 20.762800314570296 ], [ -98.944658837999199, 20.762350530446835 ], [ -98.943702282654328, 20.761676113597442 ], [ -98.942386286719739, 20.762743017769818 ], [ -98.941728676613621, 20.762237215814277 ], [ -98.941310055822811, 20.762293250579312 ], [ -98.939575787383035, 20.762461179724951 ], [ -98.938020893081841, 20.76268533310067 ], [ -98.937900488680626, 20.762730525843885 ], [ -98.937123752305808, 20.763022062072547 ], [ -98.936525585766901, 20.76341507409931 ], [ -98.935113976644317, 20.763122215783874 ], [ -98.935001094828522, 20.763122173059315 ], [ -98.934784607090194, 20.763508620578612 ], [ -98.934542920013143, 20.763879831712259 ], [ -98.934576721730608, 20.764587975797021 ], [ -98.934426616762906, 20.765712856327205 ], [ -98.933498397304376, 20.766724963483213 ], [ -98.932270658145697, 20.768327559837228 ], [ -98.931582039511682, 20.768861611998428 ], [ -98.931012993719719, 20.76978946899872 ], [ -98.930174598428351, 20.770632833207358 ], [ -98.928737638103968, 20.771588469139203 ], [ -98.92712127097171, 20.771925261600895 ], [ -98.926073506230921, 20.772515425931662 ], [ -98.925085565699064, 20.773105559664984 ], [ -98.923864623139352, 20.773524185990254 ], [ -98.924059829207025, 20.773907201255735 ], [ -98.925255919775481, 20.773907723155673 ], [ -98.926152744716376, 20.774413688828588 ], [ -98.92669071991989, 20.7749756758693 ], [ -98.928066128801603, 20.77520095634814 ], [ -98.929979841962421, 20.775314094827749 ], [ -98.932282257377665, 20.77695417748301 ], [ -98.934069079696641, 20.778600906657235 ], [ -98.936251754317269, 20.780465805839132 ], [ -98.938628795966693, 20.782614576624354 ], [ -98.940452507451567, 20.783765702624937 ], [ -98.941928732482182, 20.786036476643865 ], [ -98.941885478847212, 20.787280206075891 ], [ -98.941840084827874, 20.788064341609349 ], [ -98.942381215632238, 20.788594346785356 ], [ -98.942358802737758, 20.789254491128354 ], [ -98.942705573040982, 20.789644307997897 ], [ -98.942824778560322, 20.789793852542118 ], [ -98.942926933369009, 20.789980769760525 ], [ -98.942887098458456, 20.790194336225294 ], [ -98.942682606087359, 20.790306397974639 ], [ -98.942404288534689, 20.79036058057472 ], [ -98.941954442722761, 20.790361825508722 ], [ -98.941810989055739, 20.790210913787877 ], [ -98.941032030448284, 20.790094908335949 ], [ -98.939486643505944, 20.791333379496447 ], [ -98.937779374665212, 20.791331327611733 ], [ -98.937065130999869, 20.791557650279682 ], [ -98.936067880361449, 20.79266383380023 ], [ -98.935517100287981, 20.794461741094104 ], [ -98.936104222642584, 20.796015701467994 ], [ -98.935934128809947, 20.796399398108345 ], [ -98.933424936114108, 20.795541640301561 ], [ -98.931631503414835, 20.795509144761979 ], [ -98.930645931213704, 20.795501200304702 ], [ -98.930137815064711, 20.795300432779975 ], [ -98.929841531231915, 20.795598022874039 ], [ -98.929706063739786, 20.795818561048602 ], [ -98.929471291573719, 20.796106932759535 ], [ -98.92931053494415, 20.79657246270915 ], [ -98.928369180526502, 20.797993018783071 ], [ -98.926795502980596, 20.799232417682695 ], [ -98.92643895754756, 20.800146094980857 ], [ -98.92528927869769, 20.801225939125377 ], [ -98.923955136494328, 20.802320149549896 ], [ -98.923779447880051, 20.803929997881283 ], [ -98.923029876314871, 20.805638773180657 ], [ -98.922609514854699, 20.806607425872102 ], [ -98.922036641452721, 20.807235118799081 ], [ -98.920719406713687, 20.807934233246939 ], [ -98.919574020769645, 20.808454002875774 ], [ -98.918850393208388, 20.808944370989067 ], [ -98.916622728416129, 20.8108236253439 ], [ -98.915169956233072, 20.811914714271932 ], [ -98.913781668777006, 20.813066482395961 ], [ -98.914380645141264, 20.813785494674612 ], [ -98.915148662484697, 20.814780960206093 ], [ -98.916205257961693, 20.816023832025696 ], [ -98.917073156010787, 20.817106872779526 ], [ -98.918062705941423, 20.818378874272497 ], [ -98.917666545235491, 20.819354322389891 ], [ -98.917271873177313, 20.820030838055551 ], [ -98.916533091412632, 20.821050672412859 ], [ -98.91525309908549, 20.822700343222994 ], [ -98.914268690218393, 20.823925982656931 ], [ -98.913514282153756, 20.825612614756068 ], [ -98.913120147566929, 20.826174157889191 ], [ -98.91270148595261, 20.826747081304109 ], [ -98.912355916910116, 20.827377840317769 ], [ -98.911911233240488, 20.828261082532027 ], [ -98.91141560702863, 20.829546501348311 ], [ -98.910946334207253, 20.830452627431843 ], [ -98.910502584839691, 20.830839408548439 ], [ -98.910115498510251, 20.830700170863842 ], [ -98.910101268264157, 20.830701606597803 ], [ -98.90951491105784, 20.830572367498089 ], [ -98.90889289852889, 20.830514013414529 ], [ -98.907945355578434, 20.830419731662214 ], [ -98.907801201197131, 20.830405004362444 ], [ -98.907475172036044, 20.830660080800246 ], [ -98.907091587039289, 20.830951872364881 ], [ -98.906575221494094, 20.831489844656836 ], [ -98.905895000227915, 20.832562490311332 ], [ -98.905850637780858, 20.832620845591123 ], [ -98.905745725890952, 20.83297737536709 ], [ -98.905731802542078, 20.83394856503504 ], [ -98.904854625911369, 20.835301304989486 ], [ -98.904756671803526, 20.835564779378082 ], [ -98.904553646730719, 20.83570174739695 ], [ -98.903951920051682, 20.836481718715525 ], [ -98.90370797176584, 20.836507608748306 ], [ -98.902795725805618, 20.836351965423248 ], [ -98.902257926212286, 20.836800785426618 ], [ -98.902063709820695, 20.837353100019872 ], [ -98.902162678606359, 20.837578343189904 ], [ -98.902161588668008, 20.837781601013425 ], [ -98.902214350234729, 20.837847468429111 ], [ -98.900928869646265, 20.83817144871977 ], [ -98.899925462277523, 20.839015455766152 ], [ -98.899233470040556, 20.839567281470327 ], [ -98.898960972493242, 20.84033354495357 ], [ -98.897958793660564, 20.841033742364271 ], [ -98.897256971034281, 20.841989965406114 ], [ -98.896374998285125, 20.842817380052001 ], [ -98.895291122886448, 20.844003345745922 ], [ -98.894762457258935, 20.844003021506197 ], [ -98.893549703089789, 20.843914612565928 ], [ -98.892305915945443, 20.843738520063646 ], [ -98.891497390561241, 20.843708785467445 ] ] ] } },
{ "type": "Feature", "properties": { "CVEGEO": "13036", "NOM_ENT": "Hidalgo", "NOMBRE": "San Agustín Metzquititlán", "POB1": 9364, "POB2": 471, "POB2_R": 5.0, "POB3": 813, "POB3_R": 8.7, "POB4": 531, "POB4_R": 5.7, "POB5": 1046, "POB5_R": 11.2, "POB6": 1158, "POB6_R": 12.4, "POB7": 471, "POB7_R": 5.0, "POB8": 2519, "POB8_R": 26.9, "POB9": 512, "POB9_R": 5.5, "POB10": 1549, "POB10_R": 16.5, "POB11": 2193, "POB11_R": 23.4, "POB12": 5868, "POB12_R": 62.7, "POB13": 1037, "POB13_R": 11.1, "POB14": 2461, "POB14_R": 26.3, "POB15": 886, "POB15_R": 9.5, "POB16": 328, "POB16_R": 3.5, "POB17": 8880, "POB17_R": 94.8, "POB18": 8538, "POB18_R": 91.2, "POB19": 7303, "POB19_R": 78.0, "POB20": 6832, "POB20_R": 73.0, "POB21": 6320, "POB21_R": 67.5, "POB22": 5283, "POB22_R": 56.4, "POB23": 1292, "POB23_R": 13.8, "POB24": 964, "POB24_R": 10.3, "POB25": 667, "POB25_R": 7.1, "POB26_R": 91.7, "POB27_R": 59.4, "POB28_R": 42.9, "POB29_R": 16.4, "POB30_R": 29.0, "POB31": 4884, "POB31_R": 52.2, "POB32": 232, "POB32_R": 4.8, "POB33": 395, "POB33_R": 8.1, "POB34": 265, "POB34_R": 5.4, "POB35": 505, "POB35_R": 10.3, "POB36": 581, "POB36_R": 11.9, "POB37": 236, "POB37_R": 4.8, "POB38": 1238, "POB38_R": 25.3, "POB39": 274, "POB39_R": 5.6, "POB40": 839, "POB40_R": 17.2, "POB41": 1191, "POB41_R": 24.4, "POB42": 2478, "POB42_R": 50.7, "POB43": 3114, "POB43_R": 63.8, "POB44": 565, "POB44_R": 11.6, "POB45": 1287, "POB45_R": 26.4, "POB46": 458, "POB46_R": 9.4, "POB47": 178, "POB47_R": 3.6, "POB48": 4645, "POB48_R": 95.1, "POB49": 4482, "POB49_R": 91.8, "POB50": 3875, "POB50_R": 79.3, "POB51": 3639, "POB51_R": 74.5, "POB52": 3365, "POB52_R": 68.9, "POB53": 2800, "POB53_R": 57.3, "POB54": 703, "POB54_R": 14.4, "POB55": 525, "POB55_R": 10.7, "POB56": 369, "POB56_R": 7.6, "POB57": 4480, "POB57_R": 47.8, "POB58": 239, "POB58_R": 5.3, "POB59": 418, "POB59_R": 9.3, "POB60": 266, "POB60_R": 5.9, "POB61": 541, "POB61_R": 12.1, "POB62": 577, "POB62_R": 12.9, "POB63": 235, "POB63_R": 5.2, "POB64": 1281, "POB64_R": 28.6, "POB65": 238, "POB65_R": 5.3, "POB66": 710, "POB66_R": 15.8, "POB67": 1002, "POB67_R": 22.4, "POB68": 2754, "POB68_R": 61.5, "POB69": 472, "POB69_R": 10.5, "POB70": 1174, "POB70_R": 26.2, "POB71": 428, "POB71_R": 9.6, "POB72": 150, "POB72_R": 3.3, "POB73": 4235, "POB73_R": 94.5, "POB74": 4056, "POB74_R": 90.5, "POB75": 3428, "POB75_R": 76.5, "POB76": 3193, "POB76_R": 71.3, "POB77": 2955, "POB77_R": 66.0, "POB78": 2483, "POB78_R": 55.4, "POB79": 589, "POB79_R": 13.1, "POB80": 439, "POB80_R": 9.8, "POB81": 298, "POB81_R": 6.7, "OID": 36 }, "geometry": { "type": "Polygon", "coordinates": [ [ [ -98.527965983489025, 20.627815378826906 ], [ -98.526830152349518, 20.626614568756843 ], [ -98.52668065667801, 20.626550476373282 ], [ -98.526343740939893, 20.6265212938541 ], [ -98.526109197727436, 20.626503302475964 ], [ -98.526012300288599, 20.62622836011149 ], [ -98.525842441052589, 20.625965887354614 ], [ -98.525642296320839, 20.625680856044969 ], [ -98.525240186050127, 20.625643125167507 ], [ -98.524876310494164, 20.625825262514603 ], [ -98.52420798398623, 20.626053550200492 ], [ -98.523831001272114, 20.626067928724645 ], [ -98.523174984475403, 20.626220332886039 ], [ -98.522814580949486, 20.626173070209923 ], [ -98.522617592255145, 20.626280476785446 ], [ -98.522388242944075, 20.6262489997216 ], [ -98.522158564421019, 20.626325470050521 ], [ -98.521863479634746, 20.626355493699094 ], [ -98.521519569027106, 20.626277439028318 ], [ -98.521339342155272, 20.6262615190725 ], [ -98.521142488232883, 20.626322656677303 ], [ -98.520732824838504, 20.626306099085685 ], [ -98.520438126655435, 20.62621275678158 ], [ -98.520290676641039, 20.626196925661247 ], [ -98.520278459861444, 20.62613225771997 ], [ -98.520034840502731, 20.626270866311668 ], [ -98.519801792119665, 20.626409507397611 ], [ -98.519716898219102, 20.626508761801666 ], [ -98.519600159775862, 20.626647721186242 ], [ -98.519462584018143, 20.626687133231695 ], [ -98.519333635119523, 20.626530933637099 ], [ -98.519500431132855, 20.625979446651211 ], [ -98.519504335665431, 20.625333780430477 ], [ -98.519553874849066, 20.624892438166956 ], [ -98.519141381324005, 20.624596956796356 ], [ -98.518936148877415, 20.624293079249323 ], [ -98.518596933461865, 20.623951912350186 ], [ -98.51844190295904, 20.623560778752761 ], [ -98.518281683316417, 20.623365793756868 ], [ -98.518056997913234, 20.623205209218895 ], [ -98.517640834462497, 20.62307607738499 ], [ -98.517494782511861, 20.623057598963012 ], [ -98.517342446254943, 20.623064406294677 ], [ -98.517290944172828, 20.622964765675551 ], [ -98.517263857046501, 20.622805435493628 ], [ -98.517187206152215, 20.622627337847973 ], [ -98.517167501684767, 20.622421151563039 ], [ -98.517192338060241, 20.622186591191188 ], [ -98.517135492603586, 20.621948555334811 ], [ -98.517054274236727, 20.621705692433071 ], [ -98.516976716753774, 20.621562842306094 ], [ -98.516849205972832, 20.62141880985439 ], [ -98.51674716010001, 20.621257765493567 ], [ -98.516555005139253, 20.621180618790035 ], [ -98.516444079869373, 20.621119300199116 ], [ -98.516344247312077, 20.621089564006581 ], [ -98.515998876731373, 20.620833086368023 ], [ -98.515671701509774, 20.620775125746825 ], [ -98.515465838328751, 20.62069468452238 ], [ -98.515175172502921, 20.620591188269518 ], [ -98.514812132738541, 20.620373389770535 ], [ -98.514679051768226, 20.620281745712571 ], [ -98.514475815280065, 20.620110445468057 ], [ -98.514439348451731, 20.620006468308517 ], [ -98.514562798078572, 20.619752907628119 ], [ -98.514501727433895, 20.619671944315062 ], [ -98.514438081919877, 20.619498338521812 ], [ -98.514410309599228, 20.619243652616507 ], [ -98.514250965823678, 20.618948956318111 ], [ -98.514024722964081, 20.618772868416858 ], [ -98.513695512933637, 20.618642491499241 ], [ -98.513397697251079, 20.618668813821106 ], [ -98.512975999901613, 20.618645310809995 ], [ -98.512629558066877, 20.618507857581111 ], [ -98.512420969299541, 20.618327281228815 ], [ -98.512281707073981, 20.618189900470551 ], [ -98.512028544628535, 20.618087805041153 ], [ -98.51187667296864, 20.618015813846817 ], [ -98.51182295377231, 20.617819156999467 ], [ -98.511640197435497, 20.61772877334473 ], [ -98.511481100726513, 20.61770585669494 ], [ -98.510758926389357, 20.617153365112856 ], [ -98.510580392626082, 20.616882751404553 ], [ -98.510634718755384, 20.616722524017682 ], [ -98.510483247360284, 20.61654535862689 ], [ -98.510124248829015, 20.616467850578598 ], [ -98.509945547217441, 20.616300732240401 ], [ -98.509666445278199, 20.616121652049511 ], [ -98.509288048703851, 20.615959274262625 ], [ -98.50890957266077, 20.615822363118475 ], [ -98.508817352712768, 20.615689184129881 ], [ -98.508793777240996, 20.615076267660552 ], [ -98.508782355174262, 20.614655655697984 ], [ -98.508809167796784, 20.614259179547432 ], [ -98.508682437887643, 20.613958408376909 ], [ -98.50836953112514, 20.613770844542156 ], [ -98.508263020879795, 20.613364679849482 ], [ -98.508103293262124, 20.61273852101592 ], [ -98.507871476263887, 20.612179804616812 ], [ -98.507621632841847, 20.611637943973445 ], [ -98.507139719746718, 20.608486516356162 ], [ -98.506725324984842, 20.608069641356213 ], [ -98.506128616637852, 20.607786731268028 ], [ -98.505713201772593, 20.607687736849815 ], [ -98.505487797428358, 20.607645101392787 ], [ -98.504541201685868, 20.606985135085203 ], [ -98.504897386548322, 20.606264622019932 ], [ -98.505086651145461, 20.606098654057778 ], [ -98.505181982586663, 20.605799213934493 ], [ -98.505206147096686, 20.605621676234204 ], [ -98.504581180659272, 20.605564384341868 ], [ -98.504141070109213, 20.605295866548339 ], [ -98.504455912380166, 20.60461026949525 ], [ -98.504583893751061, 20.604546235111496 ], [ -98.504707240001892, 20.604534983305005 ], [ -98.504836859972627, 20.604488937793658 ], [ -98.504966778541132, 20.604350058750605 ], [ -98.505016461274849, 20.604239957199258 ], [ -98.504998509345839, 20.604071640143523 ], [ -98.505102975579319, 20.603492374380167 ], [ -98.50526575203375, 20.602194014038407 ], [ -98.505464055225048, 20.600619673919518 ], [ -98.504145386129139, 20.601229860561649 ], [ -98.503546772211465, 20.600301332079098 ], [ -98.504788714847379, 20.599990165626849 ], [ -98.504616695646703, 20.598372696633685 ], [ -98.504930193143664, 20.597832582646156 ], [ -98.504725344433467, 20.597290896714679 ], [ -98.5058639592948, 20.596237752803368 ], [ -98.508635344968525, 20.595767523751231 ], [ -98.512248011300201, 20.594224355826231 ], [ -98.514075550731945, 20.592195412165562 ], [ -98.517680257954552, 20.588193214288729 ], [ -98.518713012187362, 20.587046520579982 ], [ -98.52109838532057, 20.584397883328155 ], [ -98.521267420613526, 20.584100646670596 ], [ -98.521358649449908, 20.583925247207631 ], [ -98.52140622907261, 20.583667763820355 ], [ -98.521495282202864, 20.583576803616175 ], [ -98.521521063772852, 20.583417487272285 ], [ -98.521542439675088, 20.583242193182841 ], [ -98.521506435720099, 20.583143839832648 ], [ -98.521492651201442, 20.58302444655537 ], [ -98.521536480001359, 20.582819045293238 ], [ -98.521553289616719, 20.582634007298083 ], [ -98.521566246767065, 20.582505018246316 ], [ -98.52160928704356, 20.582472750246925 ], [ -98.521693959717282, 20.582409270771009 ], [ -98.521883018097981, 20.582363122820013 ], [ -98.522050207486529, 20.58232441368806 ], [ -98.522176591697175, 20.582280236075711 ], [ -98.522338966565215, 20.58224141666982 ], [ -98.522522655569901, 20.582216692808188 ], [ -98.522701340457203, 20.582199225962398 ], [ -98.522886708184643, 20.582015768987656 ], [ -98.522978648541255, 20.581812600243797 ], [ -98.523000256359694, 20.581534677434686 ], [ -98.522931603592482, 20.581207629360847 ], [ -98.522913223897419, 20.580892503080612 ], [ -98.522937238841408, 20.58061463544616 ], [ -98.522947951819489, 20.580485564419718 ], [ -98.522958189895263, 20.580362214640921 ], [ -98.523095762347467, 20.580164057393731 ], [ -98.523191902092847, 20.580078361686091 ], [ -98.523314126161836, 20.580008571544411 ], [ -98.52356579529615, 20.579869155851089 ], [ -98.523622924663854, 20.579708287233519 ], [ -98.523552111823861, 20.579558673529863 ], [ -98.523430983132187, 20.579398838384925 ], [ -98.523373850284926, 20.579287050392203 ], [ -98.523316332303821, 20.579174508730731 ], [ -98.523209399282791, 20.578931075957559 ], [ -98.52306812515593, 20.578711808646606 ], [ -98.522779931552023, 20.578399027159755 ], [ -98.522723968195052, 20.578333222058475 ], [ -98.522457325824178, 20.57801968288382 ], [ -98.522298081520972, 20.577750105245276 ], [ -98.522262736351166, 20.577532689659492 ], [ -98.522316585631486, 20.577218646825784 ], [ -98.522881216136213, 20.576803995867461 ], [ -98.523533708378054, 20.576344285058621 ], [ -98.524042079393936, 20.575962934945153 ], [ -98.524279238667688, 20.575544772590664 ], [ -98.52433793962544, 20.575042017366567 ], [ -98.524330045862627, 20.574600116129872 ], [ -98.524261728015489, 20.573979353555647 ], [ -98.524162178242463, 20.573449170965613 ], [ -98.523970142170697, 20.573050130390428 ], [ -98.523793453638504, 20.572709844685111 ], [ -98.523710113575575, 20.57229854263959 ], [ -98.52370394326006, 20.571976892983844 ], [ -98.52377517558439, 20.571642267713095 ], [ -98.523921548908262, 20.571382505457791 ], [ -98.52415487931529, 20.571299941906901 ], [ -98.524376539217513, 20.571202935745465 ], [ -98.524735410641043, 20.571108494138539 ], [ -98.524892460847369, 20.570995269643841 ], [ -98.524915317890901, 20.570762173232445 ], [ -98.524813027563269, 20.570525653459413 ], [ -98.524673086779998, 20.570254819266637 ], [ -98.524531308887717, 20.570055389322668 ], [ -98.524464147201485, 20.569951223119968 ], [ -98.524376534048145, 20.569893086814115 ], [ -98.524227069923043, 20.56989874740318 ], [ -98.524079035269565, 20.569848871162385 ], [ -98.523974092267309, 20.569715490531088 ], [ -98.523857581561842, 20.569563700656669 ], [ -98.5238043809115, 20.56938500448215 ], [ -98.523721334457008, 20.569149490555326 ], [ -98.523609989317876, 20.568516407120995 ], [ -98.523635386800535, 20.567997584617888 ], [ -98.523604695543284, 20.567692954165942 ], [ -98.523397206656128, 20.567333253890006 ], [ -98.523418169379383, 20.567080268922471 ], [ -98.523667130373823, 20.56685800641797 ], [ -98.523783026023793, 20.566659356025358 ], [ -98.523751678233694, 20.566473787725648 ], [ -98.52360690067313, 20.566297537221782 ], [ -98.523516037468013, 20.56617865386005 ], [ -98.523414598922713, 20.566002825749315 ], [ -98.52335652849213, 20.565732726499039 ], [ -98.523348492249823, 20.565390055654099 ], [ -98.523415098507328, 20.564860834799557 ], [ -98.5234349100038, 20.564091258364048 ], [ -98.523712164407243, 20.563518083174031 ], [ -98.523924330058023, 20.562853830868686 ], [ -98.524121715655056, 20.562279745642144 ], [ -98.524135180926706, 20.562240581384369 ], [ -98.524150670669215, 20.561638748793005 ], [ -98.524089974489257, 20.561216034295157 ], [ -98.524056731489836, 20.560984519534625 ], [ -98.523826627945638, 20.560661729166707 ], [ -98.523581997675223, 20.560154889197367 ], [ -98.523407776917324, 20.560000081051744 ], [ -98.523231135625721, 20.559752224604562 ], [ -98.522903524246132, 20.55966252349041 ], [ -98.522705383193937, 20.559501497964906 ], [ -98.522635998173882, 20.559203356851143 ], [ -98.522696068126237, 20.558834458803304 ], [ -98.522929786765545, 20.558642470679079 ], [ -98.522961264141841, 20.55863581819867 ], [ -98.523120373023872, 20.558442125839292 ], [ -98.523573161870232, 20.558346431292286 ], [ -98.523754207262527, 20.558236025442859 ], [ -98.523854663098348, 20.557982022182077 ], [ -98.523868654870654, 20.557919245429044 ], [ -98.523917281818456, 20.557701071700652 ], [ -98.52400234831471, 20.557296454580495 ], [ -98.524014658943457, 20.557143449314111 ], [ -98.524016511289247, 20.557120432155934 ], [ -98.52411827864259, 20.556908986025171 ], [ -98.524229671724683, 20.556417080790599 ], [ -98.524214007533431, 20.556162490568845 ], [ -98.524195713833407, 20.555865154518965 ], [ -98.523850491286836, 20.555337308170404 ], [ -98.523817202383427, 20.555020340949525 ], [ -98.523811809332329, 20.554968991200759 ], [ -98.524198233521901, 20.554457283163298 ], [ -98.524361944875068, 20.554271633747245 ], [ -98.52437899536001, 20.55417052519066 ], [ -98.524291618954763, 20.554075106127904 ], [ -98.52421035312021, 20.553986360492743 ], [ -98.524009016198491, 20.553840603012539 ], [ -98.523933761657133, 20.553786122242137 ], [ -98.523777387167087, 20.55359316477465 ], [ -98.523771042412619, 20.553465438901892 ], [ -98.523830362819695, 20.553312562172867 ], [ -98.523926322434662, 20.553045982682399 ], [ -98.523991812185471, 20.552840513363201 ], [ -98.524117292343973, 20.552456099422109 ], [ -98.524348780530289, 20.552163128818346 ], [ -98.524619328942578, 20.552036621201641 ], [ -98.524944909260427, 20.552017403152202 ], [ -98.5252127303865, 20.551996866088263 ], [ -98.525520700227062, 20.551538933990226 ], [ -98.525640633942047, 20.551276303199018 ], [ -98.525715892455366, 20.551065386189961 ], [ -98.525751594088604, 20.550800833101512 ], [ -98.52571681764141, 20.550467762696318 ], [ -98.525577497383694, 20.550199459446773 ], [ -98.525556213192672, 20.550158470864368 ], [ -98.525521438554705, 20.549918959711519 ], [ -98.52533162084633, 20.549622042584467 ], [ -98.525311834186397, 20.549592563836562 ], [ -98.525141454054904, 20.549338725894703 ], [ -98.525068624602142, 20.549200513995785 ], [ -98.524978445689641, 20.549029378795353 ], [ -98.524827836815916, 20.548893257091322 ], [ -98.524733600091267, 20.54871873042368 ], [ -98.524728287211076, 20.548714908511521 ], [ -98.524485357885411, 20.548540120836222 ], [ -98.524492343367811, 20.548362234673245 ], [ -98.524672047115246, 20.548209838495247 ], [ -98.52484294075866, 20.548025487668294 ], [ -98.525068907680222, 20.547853167266386 ], [ -98.5252619705538, 20.547743035192184 ], [ -98.525387940176344, 20.547526472145421 ], [ -98.525366147083659, 20.547384277753693 ], [ -98.525359074061512, 20.547338128421099 ], [ -98.525131267756706, 20.547207616468086 ], [ -98.524939349619729, 20.547140536431275 ], [ -98.524844888370453, 20.547107520422205 ], [ -98.524857358505145, 20.54709079437621 ], [ -98.524957308245405, 20.546856060087254 ], [ -98.525199564822145, 20.546685590339344 ], [ -98.525406087274078, 20.546540265243767 ], [ -98.525537432238821, 20.546314781655173 ], [ -98.525582431076757, 20.54623753043073 ], [ -98.525695431943248, 20.545963402105475 ], [ -98.52574676536382, 20.54555915218851 ], [ -98.525778341288941, 20.545264341406316 ], [ -98.525787962261759, 20.545174516851514 ], [ -98.525888681510395, 20.544909747735225 ], [ -98.526005237131329, 20.544497347148344 ], [ -98.526137298135055, 20.544231025174359 ], [ -98.526443401662718, 20.544125739657726 ], [ -98.52673379396424, 20.543882308706578 ], [ -98.527086959966496, 20.543725929693803 ], [ -98.527234233882766, 20.543617019118635 ], [ -98.527456202885091, 20.543225167377333 ], [ -98.527629563115909, 20.542944476966834 ], [ -98.528136739469232, 20.542791608631905 ], [ -98.528707906657885, 20.542491071247586 ], [ -98.528749247598199, 20.541913085351748 ], [ -98.528992033751791, 20.541460468503885 ], [ -98.529383948282032, 20.541107644996632 ], [ -98.529953242051249, 20.540879639466439 ], [ -98.530419683390022, 20.540624905829823 ], [ -98.530843554497665, 20.540152599041043 ], [ -98.531115342886096, 20.539507853888882 ], [ -98.534655492035412, 20.530682325489952 ], [ -98.534665176772734, 20.530658180636571 ], [ -98.534972921444805, 20.53039358600568 ], [ -98.535228331391238, 20.530198109475236 ], [ -98.535342156836776, 20.529890543082765 ], [ -98.535514256243403, 20.529751572433113 ], [ -98.535627042390416, 20.529578364818121 ], [ -98.535903721896176, 20.529492238257035 ], [ -98.536077151089572, 20.529395256391794 ], [ -98.536096784810212, 20.529286836364669 ], [ -98.536127336723695, 20.529128200502551 ], [ -98.536228360586364, 20.529038076026708 ], [ -98.536232225881832, 20.528887338121312 ], [ -98.536422279649486, 20.528799239451633 ], [ -98.536542500437221, 20.528617695289348 ], [ -98.536617656662514, 20.528409610067076 ], [ -98.536977001509086, 20.528291908750386 ], [ -98.537184957902838, 20.52816282447192 ], [ -98.537338059851209, 20.528107337932507 ], [ -98.537616366633557, 20.528145421535662 ], [ -98.537842806922555, 20.528234490212981 ], [ -98.538039636951709, 20.528257678487574 ], [ -98.538169794820021, 20.528158009196289 ], [ -98.538192152392256, 20.528037176689558 ], [ -98.538255400894784, 20.527917841174958 ], [ -98.538240682315021, 20.527740598123714 ], [ -98.538166534941126, 20.527533652821781 ], [ -98.538071932802595, 20.527373304424827 ], [ -98.537887836986087, 20.527229064906113 ], [ -98.537801436761853, 20.527124470246871 ], [ -98.537843029480626, 20.527004642414848 ], [ -98.538032861698483, 20.526925042112016 ], [ -98.53827466132293, 20.526790489140666 ], [ -98.538492408778566, 20.526748946031507 ], [ -98.538925768902018, 20.526749161299069 ], [ -98.539219613848118, 20.526744502287475 ], [ -98.53944072962905, 20.526567440245742 ], [ -98.539448208853571, 20.526561451161815 ], [ -98.539457020911641, 20.526217474574235 ], [ -98.539499004218897, 20.526095075159734 ], [ -98.539532476170379, 20.525997487967938 ], [ -98.539794331417554, 20.525925760114475 ], [ -98.539931001121545, 20.525978412961745 ], [ -98.540039888166717, 20.526020363103054 ], [ -98.540260123947888, 20.526069596145199 ], [ -98.540266176094732, 20.526064163374102 ], [ -98.540350904128147, 20.52598810632503 ], [ -98.540380871085404, 20.525961206126276 ], [ -98.54042236259852, 20.525751220439599 ], [ -98.54063229124489, 20.525356814829877 ], [ -98.540837400870089, 20.525150547658932 ], [ -98.541128132738763, 20.524891225784884 ], [ -98.541239460543579, 20.524799956329066 ], [ -98.541391264153063, 20.524675503231208 ], [ -98.541682298600904, 20.524404280067738 ], [ -98.54214661562149, 20.524229416010058 ], [ -98.542468084500925, 20.524085893513263 ], [ -98.542624897501966, 20.523936199957102 ], [ -98.542808644997208, 20.523760793277383 ], [ -98.543528964309857, 20.523648440751153 ], [ -98.544079549031764, 20.523489138277217 ], [ -98.544156672598334, 20.523422476934464 ], [ -98.544394680259259, 20.523216756444764 ], [ -98.544690343893876, 20.522858313454179 ], [ -98.545006907133128, 20.522435705199403 ], [ -98.545272722491802, 20.521926326051585 ], [ -98.54531016068843, 20.5215920726306 ], [ -98.545411983449853, 20.521281961019156 ], [ -98.545639705260385, 20.521038211890193 ], [ -98.54620093185892, 20.521027133493867 ], [ -98.546421060332634, 20.521080324198021 ], [ -98.54656604849805, 20.521059232465639 ], [ -98.546653478871434, 20.521029463584878 ], [ -98.546924555438821, 20.521067366188543 ], [ -98.547081786189239, 20.521049169027251 ], [ -98.547153944845419, 20.521040817522696 ], [ -98.547636085102482, 20.52082721825613 ], [ -98.548033605595464, 20.520627574704299 ], [ -98.548485381336036, 20.520565809801358 ], [ -98.548887656911148, 20.520462663547125 ], [ -98.549137523989955, 20.520388380438089 ], [ -98.549415818197687, 20.520426442239078 ], [ -98.549449447254204, 20.520422575097992 ], [ -98.549765929570782, 20.520386183171645 ], [ -98.549990761984432, 20.520255197269584 ], [ -98.55011612091333, 20.52006883721123 ], [ -98.550293560766349, 20.519805050976579 ], [ -98.550594943533412, 20.519504562540877 ], [ -98.55085493431362, 20.519316537386338 ], [ -98.551216667581926, 20.51929241470156 ], [ -98.55145809788165, 20.519265565496159 ], [ -98.551649892972904, 20.519108313417711 ], [ -98.551978360247915, 20.519066992021532 ], [ -98.552006310343359, 20.519065873361583 ], [ -98.552494080051829, 20.519046354609095 ], [ -98.552738806738361, 20.518890300128302 ], [ -98.553083762686938, 20.518768834632322 ], [ -98.553462336428851, 20.518745088040351 ], [ -98.553805172560615, 20.51880104652847 ], [ -98.554076990359832, 20.518904159122243 ], [ -98.554352927994614, 20.518845767130582 ], [ -98.554614089821783, 20.518705958005356 ], [ -98.554685982856299, 20.518530111844733 ], [ -98.554639994108555, 20.518351030310608 ], [ -98.554643708482743, 20.518205393340132 ], [ -98.555080220535743, 20.517892079259081 ], [ -98.555360273850837, 20.517672181510168 ], [ -98.555729428281509, 20.517356774336729 ], [ -98.55592615667419, 20.517005712413798 ], [ -98.555885931332099, 20.516600526057328 ], [ -98.55589540881401, 20.516228783911401 ], [ -98.55595499323428, 20.515874618900853 ], [ -98.555932852529935, 20.515421079568128 ], [ -98.55584340900657, 20.514869059332938 ], [ -98.555958944924015, 20.514586469592661 ], [ -98.556055333721503, 20.514299477544668 ], [ -98.556726360049339, 20.514229608876747 ], [ -98.55709332113328, 20.513999767797518 ], [ -98.557496818039738, 20.513753175106718 ], [ -98.557724184094454, 20.513333063380035 ], [ -98.557875053182542, 20.513080756045156 ], [ -98.557846327744357, 20.512790933705674 ], [ -98.557783260468909, 20.512431727123488 ], [ -98.557864101805166, 20.512093352471741 ], [ -98.558216393666797, 20.511777559774742 ], [ -98.558418443589659, 20.511595017213835 ], [ -98.558521388310822, 20.511428377652258 ], [ -98.55829599258584, 20.511204417143848 ], [ -98.558051730884429, 20.510870597833872 ], [ -98.557850233326917, 20.510464601830009 ], [ -98.557650041990982, 20.509912915189165 ], [ -98.557606234675518, 20.50936476568528 ], [ -98.55798568562264, 20.509399996856338 ], [ -98.558239944156554, 20.509435798055438 ], [ -98.558492446547731, 20.509446043953499 ], [ -98.558699727947499, 20.50943598882689 ], [ -98.55901059225512, 20.509423172316879 ], [ -98.559233203709965, 20.509378308840802 ], [ -98.559475057889216, 20.509428569630494 ], [ -98.559695634473982, 20.509463606976528 ], [ -98.559934957094683, 20.50942422325264 ], [ -98.560190489599194, 20.509315464097575 ], [ -98.56045209956514, 20.509251635144512 ], [ -98.560693066207563, 20.50914764902581 ], [ -98.560854923777995, 20.509125224426572 ], [ -98.560933743970267, 20.509054996079502 ], [ -98.561157822465532, 20.509047018187584 ], [ -98.561324030033262, 20.509042835485108 ], [ -98.561610012313167, 20.5090617706967 ], [ -98.561790770534671, 20.509053380184969 ], [ -98.561907435283445, 20.509009521419401 ], [ -98.561993905122108, 20.508922455256357 ], [ -98.562087074963202, 20.508916543812465 ], [ -98.562290476872917, 20.508903639196653 ], [ -98.562421244944161, 20.508873139675167 ], [ -98.562534969965199, 20.508850193155009 ], [ -98.562572889257225, 20.508779040211813 ], [ -98.562794072991665, 20.508695583159049 ], [ -98.562934911165627, 20.508647733544134 ], [ -98.563142681158723, 20.508618405347086 ], [ -98.563305590016398, 20.508554610711599 ], [ -98.563467432028091, 20.508532750022425 ], [ -98.56361799417148, 20.508481150336312 ], [ -98.563754696335636, 20.508501246920204 ], [ -98.563843367611284, 20.508516856966072 ], [ -98.563918122547008, 20.508511740677239 ], [ -98.56399377105538, 20.508471490358993 ], [ -98.564104080756209, 20.508488155768738 ], [ -98.56423774302209, 20.508533131407432 ], [ -98.564309746211649, 20.508541560870714 ], [ -98.564416310664242, 20.50851618330972 ], [ -98.564513799190351, 20.508469054706246 ], [ -98.564597025354942, 20.508414800078484 ], [ -98.564679703885588, 20.508382079145488 ], [ -98.564790561147646, 20.508377210318336 ], [ -98.56485952484762, 20.508315829604822 ], [ -98.564962977137412, 20.508318164551476 ], [ -98.565075159604206, 20.508355850616834 ], [ -98.565154236279255, 20.508370109348345 ], [ -98.565224208162562, 20.508363750469403 ], [ -98.56549366540888, 20.508369831398653 ], [ -98.565584123215444, 20.508409861849074 ], [ -98.565653951043288, 20.508409169546525 ], [ -98.565698783659769, 20.508350078942826 ], [ -98.565772068895001, 20.508308073425223 ], [ -98.565840888066063, 20.508252359044128 ], [ -98.565873085936204, 20.508122108011698 ], [ -98.565960662131474, 20.508086094898495 ], [ -98.566028659685671, 20.507967991658472 ], [ -98.566197775750553, 20.507944024217689 ], [ -98.566398340773844, 20.507913962073793 ], [ -98.566730940000085, 20.507898218246318 ], [ -98.566939846665335, 20.507918806758052 ], [ -98.567225972581255, 20.508026754015408 ], [ -98.567490633341407, 20.508126845595765 ], [ -98.567718817776381, 20.50824142317127 ], [ -98.56792956244513, 20.508346188545485 ], [ -98.567949408467456, 20.508356054668283 ], [ -98.568071922486112, 20.508460877753766 ], [ -98.568227915448134, 20.508479704295116 ], [ -98.568344997069758, 20.508514096386627 ], [ -98.568450684814451, 20.50861797277398 ], [ -98.568663612989297, 20.508669834701013 ], [ -98.568837054245591, 20.508759929285837 ], [ -98.568926692965647, 20.50883225840305 ], [ -98.569115562870962, 20.508883577328398 ], [ -98.569198372732131, 20.50894044328281 ], [ -98.569253336478724, 20.509051113731754 ], [ -98.569334143543657, 20.509092058401297 ], [ -98.569442811184118, 20.509078631781065 ], [ -98.569476609674126, 20.509055174893188 ], [ -98.569518774931765, 20.509025911781688 ], [ -98.569593961607822, 20.509003792361646 ], [ -98.569702226268859, 20.509006232542863 ], [ -98.56994121738775, 20.50907455616283 ], [ -98.570089187994398, 20.509124952116984 ], [ -98.570294878305447, 20.509156071440323 ], [ -98.570331391022577, 20.509161595371499 ], [ -98.570425752785383, 20.509142742651676 ], [ -98.570494915711109, 20.509073425853298 ], [ -98.570618752143815, 20.509031423083773 ], [ -98.5707716748406, 20.508981570547014 ], [ -98.570958873326276, 20.509003932395654 ], [ -98.57105738221756, 20.509027755050042 ], [ -98.571119175686562, 20.509042698130489 ], [ -98.57125983868842, 20.509001640938674 ], [ -98.57137561889175, 20.508897652830115 ], [ -98.57139824559529, 20.508764917053735 ], [ -98.571532610973307, 20.508687429624736 ], [ -98.571697414146925, 20.508548824501311 ], [ -98.571784093080637, 20.508453252638869 ], [ -98.57193724476079, 20.508394332106221 ], [ -98.572093099478209, 20.508228875963059 ], [ -98.572142189892872, 20.508096736207694 ], [ -98.572213393083075, 20.507946950432089 ], [ -98.572189023073577, 20.507768930052606 ], [ -98.572250224024927, 20.507538971817414 ], [ -98.572376085703937, 20.507417066125495 ], [ -98.572495371684809, 20.5074313710982 ], [ -98.572649677414304, 20.507449876597274 ], [ -98.572847173149924, 20.507445818961333 ], [ -98.57291611833972, 20.507385001321097 ], [ -98.573029653456814, 20.507369413797004 ], [ -98.57308137848355, 20.507228261160392 ], [ -98.573112341962812, 20.507051486974241 ], [ -98.57333308516273, 20.506985015047665 ], [ -98.573542919958911, 20.506874071137887 ], [ -98.57365960200768, 20.506734380790654 ], [ -98.573698031316567, 20.506640734597486 ], [ -98.573739141293004, 20.506540556118715 ], [ -98.573818154476911, 20.506462387762639 ], [ -98.574061969225909, 20.506530246417796 ], [ -98.574330569225197, 20.506475056384538 ], [ -98.574576288803954, 20.506372856855602 ], [ -98.574752921916129, 20.506147196973124 ], [ -98.574759085425583, 20.505904092450841 ], [ -98.574765593722674, 20.505647387726388 ], [ -98.574884837301568, 20.505501517274904 ], [ -98.575145679148775, 20.505372441272534 ], [ -98.575375393760055, 20.505282484167594 ], [ -98.575405831009022, 20.505270565328814 ], [ -98.575638843429005, 20.505194727320475 ], [ -98.575927189325157, 20.50512013388753 ], [ -98.576143015829416, 20.505057516472796 ], [ -98.576221006408502, 20.504829636031019 ], [ -98.57624125739008, 20.504600456677032 ], [ -98.576307254855351, 20.504465861429015 ], [ -98.576508178073894, 20.504326363341121 ], [ -98.576665588975942, 20.504289080190311 ], [ -98.57684576554901, 20.504303338897856 ], [ -98.576994971939243, 20.504379220888943 ], [ -98.577100056359839, 20.504432664212011 ], [ -98.577353960042615, 20.504577289388173 ], [ -98.577459752123133, 20.504677192457017 ], [ -98.577620863618435, 20.504778906448649 ], [ -98.577830441764036, 20.50477284614821 ], [ -98.577960938372712, 20.504847789386062 ], [ -98.578254447288899, 20.504854388655041 ], [ -98.578693596452354, 20.504813231480405 ], [ -98.578978529587218, 20.504778245597489 ], [ -98.579248822159656, 20.504846124039119 ], [ -98.579552279889228, 20.504935159359569 ], [ -98.579847678441268, 20.504962210004845 ], [ -98.580174080152403, 20.505000729724753 ], [ -98.580499449356253, 20.505080049512564 ], [ -98.580814353095761, 20.50509733052839 ], [ -98.581164297332975, 20.505156789009153 ], [ -98.581564505976985, 20.505227581684036 ], [ -98.581815038036652, 20.505315423680827 ], [ -98.582029626455082, 20.50539678804347 ], [ -98.582176465000273, 20.505491939634311 ], [ -98.582281962862069, 20.505508483775525 ], [ -98.582395581332207, 20.505489489223166 ], [ -98.582472484100606, 20.505399362185223 ], [ -98.582549931473352, 20.505287701365532 ], [ -98.582731973370571, 20.505228285029215 ], [ -98.582749088660535, 20.505122640437243 ], [ -98.582691451635654, 20.505022121382794 ], [ -98.582665262283228, 20.504915504452789 ], [ -98.582683280613949, 20.504774159218531 ], [ -98.582711932158418, 20.504754160156246 ], [ -98.582791099976404, 20.504698901262248 ], [ -98.583031425017637, 20.504619247285913 ], [ -98.58316089632865, 20.504544475206302 ], [ -98.583357925606094, 20.504502737577699 ], [ -98.583402910146944, 20.50449320853085 ], [ -98.583629414214229, 20.504484118243457 ], [ -98.58383979405113, 20.504446315739759 ], [ -98.584082351895105, 20.50437351424981 ], [ -98.584175907268033, 20.504291131220832 ], [ -98.584219662467504, 20.504084390296597 ], [ -98.584225114558109, 20.504058632117275 ], [ -98.584354358700608, 20.503707158636175 ], [ -98.584580248159241, 20.503436666860427 ], [ -98.584813368388609, 20.503165770090085 ], [ -98.585073580590887, 20.503104726877428 ], [ -98.585234710416088, 20.503066927848373 ], [ -98.585661178451886, 20.502955725503348 ], [ -98.585978497881996, 20.50278197174735 ], [ -98.586230674056338, 20.502675836466402 ], [ -98.586302088805908, 20.502645779908615 ], [ -98.586532870035882, 20.502371993329646 ], [ -98.586651512652878, 20.502089256701659 ], [ -98.58668655075175, 20.502005757664161 ], [ -98.586755950677698, 20.50169729713884 ], [ -98.586776033956482, 20.501608031326125 ], [ -98.586854119140668, 20.501375612653643 ], [ -98.586986763239054, 20.50117503539995 ], [ -98.587038458304477, 20.501150568257604 ], [ -98.587230387089591, 20.501059728374013 ], [ -98.587621178473952, 20.501121788959029 ], [ -98.588068461631195, 20.501139188276806 ], [ -98.588396215847496, 20.501123856004135 ], [ -98.588457001668004, 20.501004448260577 ], [ -98.588461766613406, 20.500815745089749 ], [ -98.588423757673539, 20.500605104214657 ], [ -98.588459081764213, 20.500445435978168 ], [ -98.58869748897142, 20.500250630258282 ], [ -98.588946164377305, 20.500125794931147 ], [ -98.58910747485011, 20.500029051995877 ], [ -98.589405270319375, 20.500056137906252 ], [ -98.589468643097007, 20.50007258306157 ], [ -98.589532015867178, 20.500089029097357 ], [ -98.589712960602412, 20.500072672027269 ], [ -98.589922891318892, 20.500147683669365 ], [ -98.590037740059529, 20.500270460306226 ], [ -98.590174108900868, 20.500303566582478 ], [ -98.590244624483987, 20.500284330013699 ], [ -98.590377706528031, 20.50024802650676 ], [ -98.59057293947464, 20.500142403088191 ], [ -98.590787932731573, 20.500016810227148 ], [ -98.590958996925607, 20.500010436277456 ], [ -98.591066107270606, 20.499962939869349 ], [ -98.59113218778937, 20.499824371960511 ], [ -98.59108280771801, 20.499682650826493 ], [ -98.590957577818685, 20.499589693298347 ], [ -98.59083310594086, 20.499466701858452 ], [ -98.590888548371439, 20.499368152520969 ], [ -98.591061384700254, 20.499291510672546 ], [ -98.591264980437913, 20.499235969454904 ], [ -98.591414635218513, 20.499219476551268 ], [ -98.591674975328147, 20.499395406051079 ], [ -98.591949102934706, 20.499501903362695 ], [ -98.592372643075336, 20.499601539830334 ], [ -98.592680832881967, 20.499598234287195 ], [ -98.592924568308888, 20.499573640308387 ], [ -98.593150315328884, 20.499498747617398 ], [ -98.59328059059446, 20.499391666706806 ], [ -98.593341014107224, 20.499286424075638 ], [ -98.593377894746553, 20.499160242592193 ], [ -98.593418629437622, 20.499072136092398 ], [ -98.593532701654581, 20.498843922266406 ], [ -98.593681185316115, 20.49839648442223 ], [ -98.593928692840549, 20.498031209219196 ], [ -98.594180618874461, 20.497586086349479 ], [ -98.594274959879442, 20.497185631307261 ], [ -98.594591414007809, 20.496854217091759 ], [ -98.595089425135257, 20.49676840415686 ], [ -98.595532432893677, 20.49685939540305 ], [ -98.596039573624594, 20.497079960602761 ], [ -98.596383621259093, 20.496990699588306 ], [ -98.596698063763228, 20.496643360341338 ], [ -98.596996443549045, 20.496360298721793 ], [ -98.597285689124703, 20.495770855688324 ], [ -98.597167218842529, 20.495696198514814 ], [ -98.597035621429214, 20.495664906235021 ], [ -98.59695565610609, 20.495590542908836 ], [ -98.596831168179421, 20.495468123441231 ], [ -98.596767072021137, 20.495432670464268 ], [ -98.596635118100139, 20.495415544706788 ], [ -98.596545402077766, 20.495346066052917 ], [ -98.596438960814766, 20.495271677340234 ], [ -98.596305222235102, 20.495134308731966 ], [ -98.596184832797377, 20.495040330102146 ], [ -98.596004745070132, 20.494927439268782 ], [ -98.59588631906712, 20.494851081126168 ], [ -98.595726911676408, 20.494777208117217 ], [ -98.595640016254904, 20.494691349230877 ], [ -98.595490146055454, 20.494621091286493 ], [ -98.595381428825149, 20.494541547994455 ], [ -98.595192397630328, 20.49449706233241 ], [ -98.595132050360448, 20.494408395170591 ], [ -98.595066493398647, 20.494144410495661 ], [ -98.595001444388203, 20.493764770609918 ], [ -98.594972844851725, 20.493275949736937 ], [ -98.594981202840515, 20.492944302619133 ], [ -98.594982113211103, 20.492908178790152 ], [ -98.595012289304819, 20.492570359371626 ], [ -98.594971147918343, 20.492101670062905 ], [ -98.594999324553939, 20.491843185039688 ], [ -98.59499682189913, 20.491464945283592 ], [ -98.594984197142296, 20.491106323874664 ], [ -98.594948913142574, 20.490956160605958 ], [ -98.594927678824405, 20.490865788699463 ], [ -98.594856862170985, 20.490715085287192 ], [ -98.594727014350212, 20.490423580988679 ], [ -98.59458149731806, 20.490276308829532 ], [ -98.594340252359359, 20.490011794954629 ], [ -98.594157232987399, 20.489824560721811 ], [ -98.593960737932107, 20.489599036254109 ], [ -98.59379056719952, 20.489475025226394 ], [ -98.593611088914102, 20.489338331862772 ], [ -98.593465951063408, 20.489271579948078 ], [ -98.592994269578881, 20.489077882279361 ], [ -98.592668388540659, 20.48902012371823 ], [ -98.592294239899132, 20.488967520502868 ], [ -98.591944965855873, 20.488978409466515 ], [ -98.591475729563712, 20.488974136892239 ], [ -98.591239186702708, 20.489000590008448 ], [ -98.591044495733627, 20.488989991886513 ], [ -98.590711728007335, 20.488919034045274 ], [ -98.590391445877088, 20.488830211499899 ], [ -98.590122581228343, 20.48870681997111 ], [ -98.589941863432145, 20.488619422721545 ], [ -98.589681074348533, 20.488462191905604 ], [ -98.589387266561687, 20.488278139033156 ], [ -98.589050258184272, 20.487993893849062 ], [ -98.588631850179496, 20.487692514449236 ], [ -98.588238201856768, 20.487459160957386 ], [ -98.588060119874683, 20.487267494279369 ], [ -98.587827370213404, 20.48704852004537 ], [ -98.587672299597997, 20.486898759247872 ], [ -98.58740154995435, 20.486659654607553 ], [ -98.587027866336115, 20.48639839625892 ], [ -98.586859924712556, 20.486186544043864 ], [ -98.586723254832123, 20.48597539310267 ], [ -98.586554197600364, 20.485807740817318 ], [ -98.586403840192077, 20.485566799113517 ], [ -98.586184798980568, 20.485472300892713 ], [ -98.586044751920568, 20.485394883326176 ], [ -98.586032423716219, 20.485216004863698 ], [ -98.585878688782628, 20.485108796584207 ], [ -98.585774051379275, 20.484868313122892 ], [ -98.58575065576629, 20.484555943781285 ], [ -98.585790188485333, 20.484229677702753 ], [ -98.586157748100263, 20.483589855100547 ], [ -98.586303949099303, 20.483328350971902 ], [ -98.586299397205835, 20.483124222582131 ], [ -98.586299279095059, 20.483118951923537 ], [ -98.586298307034625, 20.483075347254605 ], [ -98.58625264637692, 20.482882113644312 ], [ -98.586064164114717, 20.482721396208696 ], [ -98.585850726087088, 20.482595838932706 ], [ -98.585533540567823, 20.482480427207886 ], [ -98.585319788366135, 20.482367335896612 ], [ -98.585030882196747, 20.482180550132796 ], [ -98.584756438712432, 20.48189770035038 ], [ -98.584506636666873, 20.481687410751064 ], [ -98.584308867135618, 20.481418187947884 ], [ -98.58413695603889, 20.48117335891126 ], [ -98.58393827113332, 20.480940402407359 ], [ -98.58379342076482, 20.480767621056948 ], [ -98.583590039282981, 20.480625276816824 ], [ -98.583435423169732, 20.480553199786865 ], [ -98.583268164189988, 20.480505219212461 ], [ -98.582997101476195, 20.480469649214125 ], [ -98.582732882433348, 20.480448974114292 ], [ -98.582524488776002, 20.480409707739337 ], [ -98.582271124061748, 20.480340514622071 ], [ -98.582032091518442, 20.480275611926736 ], [ -98.581857359235087, 20.480237667716239 ], [ -98.58165502409166, 20.480149208265708 ], [ -98.581495355098383, 20.480086654545524 ], [ -98.581252616597126, 20.479978009278298 ], [ -98.58104571524909, 20.47987980763153 ], [ -98.580856383039233, 20.47975308408736 ], [ -98.580625016551721, 20.479575520810897 ], [ -98.580389624814075, 20.479461936374776 ], [ -98.58022546201191, 20.479386806601831 ], [ -98.580031287733348, 20.479356361177178 ], [ -98.579863185212204, 20.479341810177345 ], [ -98.579702499608572, 20.479319487872392 ], [ -98.579572796810083, 20.479309201597662 ], [ -98.57950426074089, 20.479259467036506 ], [ -98.57949985617968, 20.479148238392124 ], [ -98.57945522049566, 20.479010023964982 ], [ -98.579379501851449, 20.478863739969125 ], [ -98.579308221088965, 20.478732297394082 ], [ -98.579291976472447, 20.478613431781373 ], [ -98.579274120198747, 20.478368091711044 ], [ -98.579254217287655, 20.478108530989601 ], [ -98.579259649164428, 20.477703824120031 ], [ -98.579257090403885, 20.47732955505219 ], [ -98.579239578649862, 20.477070615283239 ], [ -98.579233118044655, 20.476850479111739 ], [ -98.579144475281666, 20.476644371059368 ], [ -98.579020609131604, 20.476498705653359 ], [ -98.578861510151839, 20.476318795796054 ], [ -98.578728477467152, 20.476250034265895 ], [ -98.57855596091602, 20.476124820126429 ], [ -98.5784539248356, 20.47606752807182 ], [ -98.578320203852698, 20.476025966067773 ], [ -98.578051642822757, 20.475987041494054 ], [ -98.577812958737297, 20.476003786090274 ], [ -98.577581814725178, 20.476102912972866 ], [ -98.57743386555309, 20.476243032909082 ], [ -98.577247695672867, 20.476276833443222 ], [ -98.576986832136271, 20.4763140563701 ], [ -98.576898082136523, 20.476283867454118 ], [ -98.576760151580487, 20.476236949543004 ], [ -98.576617433604142, 20.476075549405472 ], [ -98.576540261907439, 20.4758918104224 ], [ -98.576551274472166, 20.47564711995782 ], [ -98.576701514348798, 20.475511588368537 ], [ -98.576949523708805, 20.475411708309785 ], [ -98.577258396841515, 20.475284280641329 ], [ -98.577508437494572, 20.475199187044328 ], [ -98.577742969794016, 20.475156268222449 ], [ -98.578044232770722, 20.475139230163979 ], [ -98.578325555655809, 20.475054271764801 ], [ -98.578548310137649, 20.474906194443076 ], [ -98.578711907859898, 20.474718231676601 ], [ -98.578834744634335, 20.474524249445935 ], [ -98.578869776909642, 20.474281233203179 ], [ -98.578856043864775, 20.474063201925393 ], [ -98.578904847603326, 20.47384657673658 ], [ -98.578909610581377, 20.473658444637032 ], [ -98.578847614684236, 20.473445565184466 ], [ -98.578732560051421, 20.473237162594707 ], [ -98.578414719125888, 20.47305368330662 ], [ -98.578096615274688, 20.472975656697155 ], [ -98.577833048745433, 20.472834786678323 ], [ -98.577491481790759, 20.472732984704866 ], [ -98.577185427983281, 20.472749346762772 ], [ -98.576736554154976, 20.472893468735617 ], [ -98.576423937899307, 20.472978853848797 ], [ -98.57609923014077, 20.472971547626695 ], [ -98.575765856307157, 20.472831371102419 ], [ -98.575601854983233, 20.472655316748128 ], [ -98.575424097642625, 20.472452304326829 ], [ -98.575507649778771, 20.47190931208171 ], [ -98.575743146186085, 20.471543236893567 ], [ -98.576071504342082, 20.471311358539271 ], [ -98.576386816007769, 20.471119441896477 ], [ -98.576615590232549, 20.471018563128005 ], [ -98.576758795898073, 20.470875503045733 ], [ -98.576722271378117, 20.470702318070057 ], [ -98.576692928016016, 20.470662400807232 ], [ -98.576612930616349, 20.470553576110376 ], [ -98.576389871081489, 20.470428923661217 ], [ -98.575996754044368, 20.470367348307843 ], [ -98.575687503279767, 20.470320133028022 ], [ -98.575357166055895, 20.470250330134213 ], [ -98.575083225747562, 20.470139272155862 ], [ -98.574845069898828, 20.469945672548089 ], [ -98.574672371809626, 20.469733134744793 ], [ -98.57457876591431, 20.469438463726704 ], [ -98.574497738472829, 20.469217216806317 ], [ -98.574458130690971, 20.468975923979261 ], [ -98.574456985045387, 20.468641377825406 ], [ -98.574462012590175, 20.468443046773142 ], [ -98.57445449721294, 20.468264844771074 ], [ -98.574271922695871, 20.468062290086117 ], [ -98.574034268475245, 20.467754170103664 ], [ -98.573851709644629, 20.467551048338457 ], [ -98.573688139644744, 20.467453245851534 ], [ -98.573400312736069, 20.467415580031869 ], [ -98.573014938581721, 20.467333759879075 ], [ -98.572750353607375, 20.467233681176463 ], [ -98.572574759102181, 20.46713560664049 ], [ -98.572379890173352, 20.466943545504584 ], [ -98.572375314554861, 20.466744431408891 ], [ -98.572359230744738, 20.466524646712617 ], [ -98.572379975888182, 20.466086269427802 ], [ -98.572392384288236, 20.465407303974391 ], [ -98.572355938581367, 20.464946660377318 ], [ -98.57230169052508, 20.464630551884067 ], [ -98.572297234062901, 20.464604581689247 ], [ -98.572187088759406, 20.464298197983045 ], [ -98.572098053202211, 20.463918582241732 ], [ -98.571862845046709, 20.463609380770553 ], [ -98.571536537140986, 20.46338147249817 ], [ -98.571169894567674, 20.463225795173095 ], [ -98.570957279741762, 20.463178143403809 ], [ -98.570849254794226, 20.463153933065581 ], [ -98.57048958435017, 20.463008049919384 ], [ -98.570325804226712, 20.462865850520409 ], [ -98.570195265060093, 20.462752510764297 ], [ -98.569972454439394, 20.462618783182485 ], [ -98.569819405191524, 20.46248606107201 ], [ -98.569707255225666, 20.462332735592941 ], [ -98.569593810548625, 20.462177639994753 ], [ -98.569386306475607, 20.461914985017714 ], [ -98.569281977986108, 20.461758980768728 ], [ -98.569172995304427, 20.461501948925271 ], [ -98.569043032041165, 20.461313048602307 ], [ -98.569007311119478, 20.461279312846422 ], [ -98.568819776572866, 20.461102200005417 ], [ -98.568567975870636, 20.460783547987916 ], [ -98.568455584100818, 20.460654981080854 ], [ -98.568437021315304, 20.460633746518528 ], [ -98.568347700580105, 20.460455401014613 ], [ -98.568187726218895, 20.460216495885671 ], [ -98.568035861460018, 20.460037306474675 ], [ -98.567977477505011, 20.459967384892487 ], [ -98.567967697417657, 20.459878715368028 ], [ -98.56791917823189, 20.459799377630759 ], [ -98.56775521894096, 20.459717435733939 ], [ -98.567672036868743, 20.459676437593689 ], [ -98.567582962444277, 20.459488458638091 ], [ -98.567430869018722, 20.459318335213322 ], [ -98.56715810771027, 20.45906724586429 ], [ -98.566893470272731, 20.458875305266965 ], [ -98.566645827667543, 20.458772196578622 ], [ -98.566389328555061, 20.458638837686671 ], [ -98.566019291882853, 20.458522760109648 ], [ -98.565853119014449, 20.458496593318483 ], [ -98.565729282746659, 20.458477092606152 ], [ -98.565543436764855, 20.458404292968201 ], [ -98.565453660483399, 20.458338764642775 ], [ -98.565419299561569, 20.458270518385909 ], [ -98.565405705012495, 20.458142641073952 ], [ -98.565256337512707, 20.458054789141197 ], [ -98.565104133160688, 20.457983882404907 ], [ -98.564944944508781, 20.457903746155544 ], [ -98.564876885992945, 20.457741187358621 ], [ -98.56469101267362, 20.457669520031505 ], [ -98.564674365718659, 20.457567087852613 ], [ -98.564594743235133, 20.457480810071214 ], [ -98.564431524878884, 20.457180594327493 ], [ -98.564243442957917, 20.456938878983763 ], [ -98.564049372206156, 20.456689465142887 ], [ -98.563752343716828, 20.456352208092863 ], [ -98.563381223352991, 20.456089819089254 ], [ -98.563062838331206, 20.455930109724068 ], [ -98.5629886868292, 20.455909574622634 ], [ -98.562697247073075, 20.455828865964076 ], [ -98.562386294466407, 20.455660818421343 ], [ -98.562159041669389, 20.455418686426682 ], [ -98.56204767272412, 20.455161596459224 ], [ -98.56152697227887, 20.454631043962923 ], [ -98.561336656426548, 20.454501072078003 ], [ -98.561141445946063, 20.454367757097007 ], [ -98.560983204297173, 20.454156099241846 ], [ -98.560673749699916, 20.453740312720786 ], [ -98.560414470986871, 20.453499384811558 ], [ -98.560274133577337, 20.453368979425129 ], [ -98.559873942694111, 20.453020311257607 ], [ -98.559644741130128, 20.452760555451313 ], [ -98.55953675052136, 20.452465552940549 ], [ -98.55913440017811, 20.452201880766779 ], [ -98.558896353007754, 20.452087516429465 ], [ -98.558780201666721, 20.4520317140231 ], [ -98.558602342792909, 20.451740233396613 ], [ -98.558368898908995, 20.451458267760387 ], [ -98.558019388335737, 20.451198622942041 ], [ -98.557709581529522, 20.451175171189764 ], [ -98.557568128542783, 20.451154961274501 ], [ -98.557543811381535, 20.451070498430095 ], [ -98.557530331594521, 20.45084396956933 ], [ -98.55757152804604, 20.450643624908267 ], [ -98.55751284158859, 20.45049148113873 ], [ -98.557400830366575, 20.450354573050532 ], [ -98.557058792943764, 20.450179574790162 ], [ -98.556866787962278, 20.450065802976038 ], [ -98.556666853135255, 20.449885515175051 ], [ -98.556471794377472, 20.449797187704231 ], [ -98.556261671648087, 20.44973346596969 ], [ -98.556103320997693, 20.449621021972568 ], [ -98.555991730678883, 20.449467680103947 ], [ -98.555961217808587, 20.449248703415709 ], [ -98.556039123572106, 20.449024243448665 ], [ -98.556168404241447, 20.448861045930666 ], [ -98.556241782152156, 20.448719828940391 ], [ -98.556285254719327, 20.448524639252167 ], [ -98.556284531208362, 20.448364168659243 ], [ -98.55623110387026, 20.448290491578085 ], [ -98.556189226603337, 20.448232740800563 ], [ -98.556080287592494, 20.448069820572975 ], [ -98.555894395614246, 20.44790515819815 ], [ -98.555661686768488, 20.44778365978609 ], [ -98.555559732042354, 20.447629968959248 ], [ -98.555309359949646, 20.447446269758235 ], [ -98.555065899554933, 20.447274633154233 ], [ -98.554898265895602, 20.44714893739641 ], [ -98.554883106583816, 20.447145709338034 ], [ -98.554606299060069, 20.447086761855719 ], [ -98.554323662650887, 20.447036136588327 ], [ -98.554050653528847, 20.446891043943655 ], [ -98.553867748347074, 20.446703767793316 ], [ -98.55371100086127, 20.44643430559303 ], [ -98.553703369571977, 20.446261772227551 ], [ -98.553772820508783, 20.446085882255272 ], [ -98.553871653449505, 20.445941951245754 ], [ -98.553878921371606, 20.445931366031822 ], [ -98.553907763050063, 20.445889363777251 ], [ -98.554086843064454, 20.445660393451721 ], [ -98.554231360361456, 20.445465792575018 ], [ -98.554352804397809, 20.445326799515776 ], [ -98.554479823284623, 20.445157882983331 ], [ -98.554539653700559, 20.444981774966152 ], [ -98.554538233095869, 20.444945117141298 ], [ -98.554532946678307, 20.444808700362465 ], [ -98.554532397016629, 20.444794509015125 ], [ -98.554525391022651, 20.444579590396756 ], [ -98.554524295730531, 20.444545990727139 ], [ -98.554493678463714, 20.444236863268646 ], [ -98.554496305469456, 20.444193163240097 ], [ -98.554510390071528, 20.443958857430697 ], [ -98.554512167745884, 20.44370035751826 ], [ -98.554561302879961, 20.443471845887466 ], [ -98.554641261423271, 20.443307042656002 ], [ -98.554652725849721, 20.443283413194905 ], [ -98.554771502792633, 20.443154565227072 ], [ -98.554898154624937, 20.443090944181474 ], [ -98.554951862915232, 20.443063965066631 ], [ -98.555093762033323, 20.442971926803278 ], [ -98.555160938276742, 20.442869890466614 ], [ -98.555183869657597, 20.442835058698545 ], [ -98.555181132736237, 20.442659234938326 ], [ -98.555184290903128, 20.442619984801972 ], [ -98.555191697464082, 20.442527936330428 ], [ -98.555174406081306, 20.442391670749757 ], [ -98.555165650213226, 20.44232266913399 ], [ -98.555101315835174, 20.442109164320549 ], [ -98.555061527465952, 20.441983825860969 ], [ -98.555007771728185, 20.441814487871689 ], [ -98.554899799982522, 20.441519484698503 ], [ -98.554792399492484, 20.441107698047858 ], [ -98.554777536862446, 20.441048267471793 ], [ -98.554741104081842, 20.440902579485282 ], [ -98.554687592092748, 20.440688599528343 ], [ -98.554639586279634, 20.440495308609254 ], [ -98.554614594714167, 20.44024867655418 ], [ -98.554578886852497, 20.440044891730821 ], [ -98.554561571644456, 20.439780290500291 ], [ -98.554525083962204, 20.439607104569379 ], [ -98.554543102609216, 20.439183417604372 ], [ -98.554478186152608, 20.43889846138746 ], [ -98.55437034122096, 20.438504241297128 ], [ -98.554122169059369, 20.438234978216521 ], [ -98.553809449036692, 20.437949511273594 ], [ -98.553697004063565, 20.437830167823929 ], [ -98.553550886463569, 20.437804745647142 ], [ -98.55345821934776, 20.437758989405957 ], [ -98.553353190951867, 20.437631876142415 ], [ -98.553253685910377, 20.437571223599544 ], [ -98.553073716371856, 20.43755240458546 ], [ -98.552888374068161, 20.43755557549278 ], [ -98.552817109328132, 20.437553960626303 ], [ -98.552686387415307, 20.437550998367147 ], [ -98.552555637362062, 20.437489070339407 ], [ -98.552543150740419, 20.437459847336125 ], [ -98.552530963794723, 20.437431326910911 ], [ -98.552482982715532, 20.43731903334578 ], [ -98.55241716624856, 20.437163892561617 ], [ -98.552244819927409, 20.436940568741605 ], [ -98.552098351549532, 20.436834627317438 ], [ -98.55210930909351, 20.436688030176597 ], [ -98.552184072257674, 20.436492418788347 ], [ -98.552323796984894, 20.436202461627911 ], [ -98.55239098450771, 20.436020852801882 ], [ -98.552420811597202, 20.435794740541962 ], [ -98.552396273003467, 20.435530543140352 ], [ -98.552235002839765, 20.435439007708229 ], [ -98.551982359483318, 20.435345401055297 ], [ -98.551756706388105, 20.435325544968741 ], [ -98.551528938165688, 20.435313039335295 ], [ -98.551317032844196, 20.43530140370833 ], [ -98.550936669464122, 20.435342718040602 ], [ -98.550803140360543, 20.435357222106639 ], [ -98.550486089089958, 20.435430542800592 ], [ -98.5502267325856, 20.435505738211088 ], [ -98.549971501522293, 20.435513557243997 ], [ -98.549689133524467, 20.435359173720538 ], [ -98.549622146180909, 20.435155812829692 ], [ -98.549743061516239, 20.434943106574714 ], [ -98.54998775837268, 20.43472380406385 ], [ -98.55000652479589, 20.434706985612578 ], [ -98.549985234539989, 20.434409977347265 ], [ -98.549978357158366, 20.43411386299676 ], [ -98.549941931134413, 20.433844293116209 ], [ -98.549847810974171, 20.43357284779475 ], [ -98.549758496775524, 20.433207394514099 ], [ -98.549839556707852, 20.432859412832514 ], [ -98.550017133009987, 20.432594696796212 ], [ -98.550219455470454, 20.432491561075022 ], [ -98.550436162199645, 20.432521831204408 ], [ -98.550441213902545, 20.432522537222777 ], [ -98.550137812754727, 20.432872188862131 ], [ -98.550455866705164, 20.43389627291301 ], [ -98.550685692838854, 20.433469671151361 ], [ -98.551362541595253, 20.433312168565685 ], [ -98.555535326678608, 20.434396339727577 ], [ -98.555656135589302, 20.43429126928655 ], [ -98.55615631448606, 20.434370031213962 ], [ -98.556453584122622, 20.435123555084957 ], [ -98.558066676356361, 20.435499944267409 ], [ -98.55816212844816, 20.435566339367764 ], [ -98.558661482794349, 20.43585235129601 ], [ -98.558668021216889, 20.435923942871536 ], [ -98.559008520511568, 20.435435157497963 ], [ -98.559032652373162, 20.435384835739391 ], [ -98.55981306048524, 20.435580841463398 ], [ -98.560109084730769, 20.435710492794779 ], [ -98.560897954061815, 20.435807911774756 ], [ -98.56194082953121, 20.435738583583912 ], [ -98.562133233964758, 20.435758823397482 ], [ -98.562180961458878, 20.435821896725852 ], [ -98.562434275309201, 20.436102097982321 ], [ -98.563080785598046, 20.436350484406955 ], [ -98.563426777577831, 20.436665540610154 ], [ -98.563492754381571, 20.436493797726584 ], [ -98.563832464686783, 20.435632471316477 ], [ -98.563846495286612, 20.435595257590258 ], [ -98.564429364482777, 20.435542361838476 ], [ -98.565077107748934, 20.435490808994285 ], [ -98.566165579105174, 20.435366484932004 ], [ -98.567595787336401, 20.43545527577572 ], [ -98.568293404531545, 20.435759891416179 ], [ -98.568959410480772, 20.436102798368196 ], [ -98.569667139127006, 20.436468004850575 ], [ -98.570854314585574, 20.437055952286993 ], [ -98.571582067592644, 20.437505215242084 ], [ -98.571764631766882, 20.437727410556242 ], [ -98.57159702801647, 20.437216290938345 ], [ -98.571346438363676, 20.436483703382844 ], [ -98.570992735775633, 20.435398564562036 ], [ -98.570693181864158, 20.434125362568892 ], [ -98.570392565379905, 20.432888571919751 ], [ -98.570321576633802, 20.432626995540279 ], [ -98.570645586856941, 20.432321377920619 ], [ -98.570653977691819, 20.432340379507931 ], [ -98.571338708231849, 20.433611542982934 ], [ -98.57188848375867, 20.434413125518304 ], [ -98.572393665218186, 20.434483945532637 ], [ -98.57245385105989, 20.434491951032712 ], [ -98.573094037299484, 20.434566463680252 ], [ -98.574138926543483, 20.434837069808925 ], [ -98.574491440638653, 20.435169023663278 ], [ -98.576984322654212, 20.435084363376081 ], [ -98.578988784980382, 20.435615558741436 ], [ -98.579170487731943, 20.435681882517596 ], [ -98.580126531809981, 20.43606593306987 ], [ -98.580605909758717, 20.436261007376515 ], [ -98.581153375800227, 20.436983040303645 ], [ -98.581512237390712, 20.437568026690194 ], [ -98.582089824767138, 20.438320286801005 ], [ -98.582946746348284, 20.439158124622363 ], [ -98.583720170410814, 20.439941047202108 ], [ -98.584327877064155, 20.440205221065042 ], [ -98.585228517671297, 20.440425428990732 ], [ -98.586675894086156, 20.440721884786594 ], [ -98.586689683502073, 20.440716704102179 ], [ -98.587616102267077, 20.440671459545104 ], [ -98.58855228835354, 20.44055790221087 ], [ -98.589030734958911, 20.440437605338275 ], [ -98.589981692963818, 20.439949987717615 ], [ -98.590269847052056, 20.439737975802775 ], [ -98.590810704613006, 20.439124802767708 ], [ -98.591877609555979, 20.438282856621843 ], [ -98.592236453034133, 20.438073194345463 ], [ -98.593377831790605, 20.437386868194817 ], [ -98.593664518224173, 20.437274587588501 ], [ -98.594609525786638, 20.436985819910912 ], [ -98.595340790040552, 20.436867349571369 ], [ -98.596510234065846, 20.436900004268725 ], [ -98.596972599930609, 20.436966005222722 ], [ -98.597920671675681, 20.437111812758012 ], [ -98.598397940567338, 20.437206489176234 ], [ -98.599343957662384, 20.437221251659341 ], [ -98.599559873894819, 20.437134614207867 ], [ -98.600158074996941, 20.436571239058402 ], [ -98.600650329025271, 20.435872080552453 ], [ -98.60126835368834, 20.43512234732556 ], [ -98.602016843276061, 20.434154108903805 ], [ -98.602106956843215, 20.433704770464701 ], [ -98.602157549996264, 20.433095242323251 ], [ -98.602137024815093, 20.432900386681624 ], [ -98.602144509229049, 20.432493783649559 ], [ -98.602380124134129, 20.431495846492929 ], [ -98.603016033656488, 20.430699871019566 ], [ -98.603063892754719, 20.430670807247729 ], [ -98.604002593582763, 20.430100750384955 ], [ -98.604505376864637, 20.429925779844876 ], [ -98.605261515173055, 20.42958431935104 ], [ -98.605570077302957, 20.429448892951491 ], [ -98.605994282353834, 20.429270297324141 ], [ -98.606272193763971, 20.429119885537858 ], [ -98.606235868712275, 20.428978493859052 ], [ -98.605981896381337, 20.428860782993461 ], [ -98.605103103984888, 20.428688493966884 ], [ -98.604922125128112, 20.428621983729229 ], [ -98.604844261439226, 20.428377703969016 ], [ -98.604783046213498, 20.42757146482996 ], [ -98.604777495740436, 20.427498358901921 ], [ -98.604875281134738, 20.427103256451854 ], [ -98.604920503755835, 20.426051798720692 ], [ -98.604803262700202, 20.42527105031612 ], [ -98.614124699622622, 20.419872999386666 ], [ -98.614442006836072, 20.419628120952538 ], [ -98.614597183917766, 20.419538856855187 ], [ -98.615251438822554, 20.419134739686189 ], [ -98.615672181010382, 20.418853565785099 ], [ -98.616145723310879, 20.41857672590249 ], [ -98.617085062319887, 20.41797441814586 ], [ -98.617225354023489, 20.417894980363592 ], [ -98.617306151372787, 20.417856627684355 ], [ -98.617636087942572, 20.417633517620899 ], [ -98.618644748939261, 20.417032356061014 ], [ -98.619719881643121, 20.416334302007385 ], [ -98.620758510347613, 20.415686717187818 ], [ -98.621714541756916, 20.41507383585278 ], [ -98.622266366839568, 20.414717697921365 ], [ -98.622738203606133, 20.414424177209831 ], [ -98.623660207697426, 20.413841752406221 ], [ -98.623762522133177, 20.413779185819191 ], [ -98.62499508435738, 20.415644428961318 ], [ -98.625941762286885, 20.416973772410056 ], [ -98.627428018559073, 20.41900829456274 ], [ -98.628442517306581, 20.420546761789403 ], [ -98.629075785223918, 20.421363427892381 ], [ -98.629150269699267, 20.421443962621112 ], [ -98.629404712710908, 20.421600972131934 ], [ -98.630110133500324, 20.421857160302551 ], [ -98.630548135434907, 20.421994349668967 ], [ -98.630764774637754, 20.422037953629577 ], [ -98.630992042259237, 20.422126153198775 ], [ -98.631954602972286, 20.421935166379004 ], [ -98.632418370708308, 20.421649250978287 ], [ -98.633349014159705, 20.421540516835929 ], [ -98.633582611554687, 20.421811744542797 ], [ -98.633982750528745, 20.421833259607222 ], [ -98.634210909733753, 20.421619133005212 ], [ -98.634585041704142, 20.421491152941705 ], [ -98.635244662611413, 20.421481238583688 ], [ -98.635641893217581, 20.421463995876358 ], [ -98.636554344567102, 20.421608685557143 ], [ -98.63675783877305, 20.421635563973869 ], [ -98.636827952853693, 20.421668780309108 ], [ -98.637180755165701, 20.421847978956929 ], [ -98.638004105382578, 20.422227233215597 ], [ -98.638351338310429, 20.422330312160195 ], [ -98.639447433159376, 20.422948611450277 ], [ -98.640381868121992, 20.423529521943255 ], [ -98.641326148486911, 20.423939831459638 ], [ -98.641368403318779, 20.424091382630923 ], [ -98.641391966932616, 20.424531150250623 ], [ -98.641834804136565, 20.424370058330506 ], [ -98.642374736089721, 20.424741455263227 ], [ -98.642841832999068, 20.424719269650598 ], [ -98.643381824123125, 20.425067521597008 ], [ -98.644364015798828, 20.425532389185179 ], [ -98.645210621225374, 20.425470983264191 ], [ -98.64592512233736, 20.425572205832708 ], [ -98.646361248727459, 20.425859928205124 ], [ -98.6466232915201, 20.426508992144015 ], [ -98.64704501690251, 20.427207229915247 ], [ -98.647505913524682, 20.427529077254359 ], [ -98.648300111358949, 20.427883444065898 ], [ -98.648815804136959, 20.428115915836621 ], [ -98.649086046540518, 20.428185889133331 ], [ -98.649577369927528, 20.428325734821119 ], [ -98.650019582048344, 20.428442337933561 ], [ -98.650288679150975, 20.429021457606318 ], [ -98.650607723483148, 20.429253528056115 ], [ -98.650927133634852, 20.429323597334928 ], [ -98.651248045771212, 20.429686761155246 ], [ -98.651818900268267, 20.430264493028133 ], [ -98.652009687583387, 20.430480134237776 ], [ -98.65215828661286, 20.430555521845797 ], [ -98.652439792476244, 20.430596133654401 ], [ -98.652886555435785, 20.430391775740102 ], [ -98.653328811944021, 20.42996289623283 ], [ -98.653919848801564, 20.430033700712073 ], [ -98.654837644638548, 20.430173410191944 ], [ -98.655567683154558, 20.43039895755285 ], [ -98.656017471301297, 20.4305919343421 ], [ -98.656322958741654, 20.430736602709036 ], [ -98.656364673406031, 20.431015245845074 ], [ -98.656540836153553, 20.431181922979334 ], [ -98.656809443794941, 20.431196915996814 ], [ -98.65709746294452, 20.431164001216047 ], [ -98.657577277815506, 20.431677378021035 ], [ -98.657459021313585, 20.431812979680938 ], [ -98.656751140521152, 20.431873329107116 ], [ -98.656199687016979, 20.432316795003565 ], [ -98.655923299607807, 20.432687198547129 ], [ -98.655700077484809, 20.433019682089455 ], [ -98.655397198161666, 20.433661215102408 ], [ -98.655395712560548, 20.434328041781164 ], [ -98.65564344593308, 20.434908919485725 ], [ -98.655954957071529, 20.435541312903119 ], [ -98.656251588038771, 20.43612153959057 ], [ -98.656481744799521, 20.436670866471854 ], [ -98.656811793685392, 20.437518494828691 ], [ -98.656944631697826, 20.438649267153895 ], [ -98.65741899502153, 20.439493723957668 ], [ -98.662302775057498, 20.437778373594124 ], [ -98.661913061890687, 20.438210943966929 ], [ -98.661385166433433, 20.438825315991778 ], [ -98.66116347958851, 20.439474630363538 ], [ -98.661431964343336, 20.439949889373871 ], [ -98.661368849335588, 20.44050622290672 ], [ -98.661156457076871, 20.440624580668786 ], [ -98.661075512615326, 20.440768753915457 ], [ -98.661002612303861, 20.440920540433652 ], [ -98.660784797072026, 20.440973290424566 ], [ -98.660623354661851, 20.441056534652041 ], [ -98.660606861410386, 20.441223623514169 ], [ -98.660582321822133, 20.441383100846018 ], [ -98.66054180815155, 20.441474177460574 ], [ -98.660428826779125, 20.441519534491714 ], [ -98.660186887940583, 20.441541851116568 ], [ -98.660065925706107, 20.441549212150964 ], [ -98.658842540948896, 20.441962429914412 ], [ -98.658500161548503, 20.441948318737939 ], [ -98.658328717757541, 20.442055512671729 ], [ -98.658171067079763, 20.442377798834556 ], [ -98.657491030137479, 20.443606252012806 ], [ -98.657432531257996, 20.443838302041609 ], [ -98.657199962804356, 20.444124637156541 ], [ -98.657025132667926, 20.44452033962461 ], [ -98.657010152568645, 20.444738818965327 ], [ -98.656907619563142, 20.445216604701709 ], [ -98.65675975775018, 20.445732875194924 ], [ -98.656616304296762, 20.446379265581268 ], [ -98.656579858412442, 20.44680287616368 ], [ -98.656555123870163, 20.44728225795788 ], [ -98.656649084631042, 20.447605780910017 ], [ -98.656790855006889, 20.447717556166705 ], [ -98.657039363093503, 20.447729196441792 ], [ -98.657347242155609, 20.447651756394368 ], [ -98.657548360423561, 20.447685599314006 ], [ -98.65777287748449, 20.447842135870253 ], [ -98.658044414632315, 20.448143707186823 ], [ -98.658611207191242, 20.448724596427969 ], [ -98.6590921429773, 20.449403143215289 ], [ -98.659165907865543, 20.449882615509235 ], [ -98.659314654125552, 20.450291746808134 ], [ -98.659448030751975, 20.450884120132443 ], [ -98.660038700927515, 20.451667594744613 ], [ -98.660339880393209, 20.452340256651791 ], [ -98.660597332157167, 20.453236857163358 ], [ -98.660877298866296, 20.453726184390327 ], [ -98.66130837496587, 20.454317632334554 ], [ -98.661588301548477, 20.454827325041581 ], [ -98.661998030772196, 20.455296536141709 ], [ -98.662256432816591, 20.45576545276527 ], [ -98.662320443660647, 20.456152528780049 ], [ -98.662364018844841, 20.456581536897005 ], [ -98.662255512756857, 20.456742641628981 ], [ -98.662228047023703, 20.456937865984592 ], [ -98.662263170760113, 20.457362450780685 ], [ -98.662353297300285, 20.457976520057503 ], [ -98.662609641700385, 20.458471721034549 ], [ -98.662691445642935, 20.458733783107967 ], [ -98.66277291141347, 20.459151044482994 ], [ -98.662916394112159, 20.459461725761283 ], [ -98.663080534953693, 20.459743346696282 ], [ -98.663478221221936, 20.460139435742068 ], [ -98.663896233793139, 20.460357064151871 ], [ -98.664775137997864, 20.460702168304785 ], [ -98.665210645738583, 20.460751284418038 ], [ -98.665629315377373, 20.460687719119854 ], [ -98.665945642212108, 20.460551543933967 ], [ -98.666197937881918, 20.460477654588924 ], [ -98.666408749787024, 20.460419992068665 ], [ -98.66659370501938, 20.460439701814671 ], [ -98.666662004100559, 20.460439741263954 ], [ -98.666891046114102, 20.460476061288798 ], [ -98.667005237037642, 20.460598425071151 ], [ -98.667310342519102, 20.460649301356046 ], [ -98.667714531105275, 20.460750667587671 ], [ -98.66801186942628, 20.460866193948021 ], [ -98.668278745223731, 20.460952921821836 ], [ -98.668560886616859, 20.461039678676013 ], [ -98.668865824232711, 20.461169590306532 ], [ -98.669163100989266, 20.461313855342112 ], [ -98.669437301783475, 20.461544296895447 ], [ -98.66965049217383, 20.461760248819559 ], [ -98.669887620867442, 20.462113741049805 ], [ -98.669953041177266, 20.46246696935302 ], [ -98.669908257322675, 20.462778449689935 ], [ -98.669940860396181, 20.463006993499164 ], [ -98.670061471769657, 20.463339554772592 ], [ -98.670281327340035, 20.463682690009634 ], [ -98.670364444579548, 20.46392804219543 ], [ -98.670475926876307, 20.464229895907536 ], [ -98.670539125225744, 20.464637236754761 ], [ -98.670546522614231, 20.464923811549003 ], [ -98.670682938539613, 20.465547700115305 ], [ -98.670669434513172, 20.465873358932782 ], [ -98.670591824150023, 20.466223015506269 ], [ -98.670414468715734, 20.466572815427963 ], [ -98.670473865796978, 20.466883967719419 ], [ -98.670524778675826, 20.467242168331307 ], [ -98.670034774962417, 20.467229560196927 ], [ -98.66950752755335, 20.467228559714357 ], [ -98.668650681602259, 20.467388044223625 ], [ -98.668403244229566, 20.467578638185127 ], [ -98.668288067079843, 20.467802710050325 ], [ -98.668190432315171, 20.468076660621698 ], [ -98.668163266921283, 20.468400589375118 ], [ -98.668189058088657, 20.468716312300629 ], [ -98.668120654341706, 20.468971228633841 ], [ -98.668030338811676, 20.46927497477089 ], [ -98.668011702183136, 20.469604185200943 ], [ -98.668190259504911, 20.469959099204271 ], [ -98.668287088891347, 20.470340376397122 ], [ -98.668390780480223, 20.470564767023557 ], [ -98.668546326773864, 20.47089434073046 ], [ -98.668731924270148, 20.471090860289042 ], [ -98.668921453115331, 20.471189305381532 ], [ -98.669471359440479, 20.471476722706157 ], [ -98.669897115074392, 20.47162288108261 ], [ -98.670075789689378, 20.471809272390843 ], [ -98.670353202308206, 20.472024915652426 ], [ -98.67064329455026, 20.472083610176895 ], [ -98.670760434677561, 20.472171041849489 ], [ -98.670896072222021, 20.47227013964747 ], [ -98.671050211286484, 20.472380896355041 ], [ -98.671117837566044, 20.472520562048281 ], [ -98.671389323187327, 20.472619915311597 ], [ -98.671783076608634, 20.472898271260465 ], [ -98.6718330002724, 20.473028356279013 ], [ -98.671945602985957, 20.473194006795321 ], [ -98.672108763441656, 20.473194314981299 ], [ -98.672284674767411, 20.47310010881451 ], [ -98.67236658987153, 20.472940733778 ], [ -98.672473609002836, 20.472781405141383 ], [ -98.672505299743122, 20.472633749943888 ], [ -98.672499502538713, 20.472409211253805 ], [ -98.672568915563545, 20.47222617618187 ], [ -98.672663369215272, 20.472072732367682 ], [ -98.67282038052177, 20.472013945295139 ], [ -98.673002275393458, 20.472055645948409 ], [ -98.673121340225805, 20.472132680051267 ], [ -98.673114853417118, 20.472233115232786 ], [ -98.673158556513755, 20.472339550083223 ], [ -98.673359189761783, 20.472422647385688 ], [ -98.673497182093627, 20.472452450871799 ], [ -98.673533382359707, 20.472503845566855 ], [ -98.673558373343411, 20.472750082190217 ], [ -98.673519587440751, 20.472996194638544 ], [ -98.673531920854842, 20.473194370780252 ], [ -98.673627402104941, 20.473278616166954 ], [ -98.673920635922826, 20.473339211001857 ], [ -98.674207486040018, 20.473399796372394 ], [ -98.674339841295065, 20.473414231926462 ], [ -98.674390600455183, 20.473537855408562 ], [ -98.674382919973908, 20.473723127892313 ], [ -98.67436529250314, 20.474013190722161 ], [ -98.674409146491271, 20.474292236334506 ], [ -98.674557097613061, 20.474383176136328 ], [ -98.674757031508022, 20.474411447386764 ], [ -98.674979240983717, 20.474411863547648 ], [ -98.675157056329894, 20.474391271939833 ], [ -98.675371990663479, 20.47432890710704 ], [ -98.675468519480589, 20.474217504677199 ], [ -98.675750077777337, 20.474176184220049 ], [ -98.676164855626595, 20.474183929780704 ], [ -98.676424031229416, 20.474219286036657 ], [ -98.676890552308947, 20.474277710829988 ], [ -98.677034164699705, 20.474421450088251 ], [ -98.677041203049313, 20.474621272133408 ], [ -98.677014451134497, 20.474811447952625 ], [ -98.676926423353308, 20.474902259387516 ], [ -98.676711213084161, 20.474901859248661 ], [ -98.67645207396329, 20.474905512303774 ], [ -98.676245605672349, 20.474925806150313 ], [ -98.676052242809249, 20.474979205353058 ], [ -98.675915906843358, 20.475065789511007 ], [ -98.675805978655276, 20.475127615207835 ], [ -98.675714343425469, 20.475283554090506 ], [ -98.675539124200995, 20.475389525472714 ], [ -98.675363925521808, 20.475484868786882 ], [ -98.675183140846144, 20.475553626074522 ], [ -98.675036189930495, 20.475638395476501 ], [ -98.674956897598591, 20.475760490705056 ], [ -98.674934073297408, 20.47587738079439 ], [ -98.674973356347209, 20.475989067433037 ], [ -98.675046562858597, 20.476074247751754 ], [ -98.675232803009095, 20.476095856286385 ], [ -98.675379663058493, 20.476053608895093 ], [ -98.675504014387201, 20.47597942910377 ], [ -98.675628371123807, 20.475899936984106 ], [ -98.675775255517578, 20.475847059609979 ], [ -98.675984233560882, 20.475794301169117 ], [ -98.67621573743844, 20.475768155363344 ], [ -98.676435851402474, 20.475789827410214 ], [ -98.676599501160965, 20.475816706785011 ], [ -98.676847872958803, 20.475822483211189 ], [ -98.677028470304236, 20.475844076984838 ], [ -98.677197742228358, 20.47588159977543 ], [ -98.677395209732651, 20.475935118100892 ], [ -98.677485431286271, 20.475983117604546 ], [ -98.677485811934446, 20.476169188848932 ], [ -98.677429915153397, 20.476451756455397 ], [ -98.677413602703496, 20.476697203669453 ], [ -98.677444785479224, 20.476898110246044 ], [ -98.677368995013239, 20.477387741228565 ], [ -98.677289272800934, 20.4778954461575 ], [ -98.677277416092224, 20.478191670649231 ], [ -98.677310595750029, 20.47844565762416 ], [ -98.677436089516888, 20.479307126507937 ], [ -98.677482872019624, 20.479864005132693 ], [ -98.677625969260561, 20.480225434969292 ], [ -98.677832935970656, 20.480617076244336 ], [ -98.67835191634876, 20.481221134330344 ], [ -98.678972033339875, 20.481686641964956 ], [ -98.679427820399923, 20.482117450924914 ], [ -98.679738078985451, 20.482255613262293 ], [ -98.680121871534027, 20.482170327209765 ], [ -98.68056053449223, 20.482050741493051 ], [ -98.680889595085233, 20.481930957490725 ], [ -98.681145696397635, 20.48175944060948 ], [ -98.681584392363121, 20.481622658301113 ], [ -98.681949987364391, 20.481502935809555 ], [ -98.681985954781865, 20.481778178076333 ], [ -98.681656186357486, 20.482241939668214 ], [ -98.681548865067327, 20.482478786809047 ], [ -98.681548472426044, 20.482669448628751 ], [ -98.681610798910981, 20.482957200776095 ], [ -98.681837780857961, 20.483157434678464 ], [ -98.682080129764017, 20.483257786605062 ], [ -98.682246736961787, 20.483329456805169 ], [ -98.682261457663969, 20.483543571972348 ], [ -98.682230813921109, 20.483700517154674 ], [ -98.682245679084346, 20.483843272192747 ], [ -98.682336315615586, 20.484000435836911 ], [ -98.682396663014316, 20.484143273501854 ], [ -98.682456827609997, 20.484371747566069 ], [ -98.68261678825003, 20.484789805725743 ], [ -98.682677989486692, 20.485127915713445 ], [ -98.682727150898515, 20.485302833782196 ], [ -98.682701888772826, 20.485547543724849 ], [ -98.682515955380609, 20.485663755736834 ], [ -98.682391605856537, 20.485931593801187 ], [ -98.68221776564215, 20.486187688127004 ], [ -98.681883673930955, 20.486700312384574 ], [ -98.681739956923025, 20.486969600289065 ], [ -98.681637504306423, 20.487065681816755 ], [ -98.681412589280939, 20.487046015638882 ], [ -98.681044553065234, 20.48700683150652 ], [ -98.680492220587382, 20.48708283236698 ], [ -98.680123786097113, 20.487236186285269 ], [ -98.679407525830683, 20.487465910505819 ], [ -98.678691305075233, 20.487676378492218 ], [ -98.67828180557585, 20.487906669039734 ], [ -98.677810950403966, 20.488136840162987 ], [ -98.677401285217599, 20.488444142032399 ], [ -98.676971091948531, 20.488789906940561 ], [ -98.67670470319986, 20.489039711182009 ], [ -98.676458361470438, 20.489482092241484 ], [ -98.676321851122182, 20.49010503729922 ], [ -98.676456895844126, 20.490474693785764 ], [ -98.677540439996378, 20.491736789279923 ], [ -98.678428022305255, 20.492149358057564 ], [ -98.6786794229035, 20.492598544593424 ], [ -98.67895919222002, 20.492889410891067 ], [ -98.679014500791538, 20.493259049260256 ], [ -98.678957324688156, 20.493786852246956 ], [ -98.678636160423522, 20.493955380081534 ], [ -98.678624889025457, 20.494217756321504 ], [ -98.678931372559745, 20.494409935441318 ], [ -98.679297193643436, 20.494717270348222 ], [ -98.680232828303559, 20.495140655108184 ], [ -98.680659770380615, 20.495428935823437 ], [ -98.681066198135099, 20.495793841792494 ], [ -98.681432067196042, 20.496082007728337 ], [ -98.681797823471911, 20.496427674557008 ], [ -98.682153468319612, 20.497050146977077 ], [ -98.682363040781468, 20.497418260315854 ], [ -98.682392447785801, 20.497729466773759 ], [ -98.682316804721239, 20.497983907134316 ], [ -98.682256391346556, 20.498139374248147 ], [ -98.682331072372804, 20.498351660219654 ], [ -98.682278983453926, 20.498800795967018 ], [ -98.682299180677688, 20.498929977771013 ], [ -98.682304917210942, 20.499120530759743 ], [ -98.682491389797264, 20.499780915153607 ], [ -98.68289728219554, 20.500304280819325 ], [ -98.68330327634672, 20.500775386889075 ], [ -98.68387555181279, 20.501351322198552 ], [ -98.684448074982214, 20.501805306678119 ], [ -98.685026334955865, 20.502014727184214 ], [ -98.685563177922845, 20.502515893092834 ], [ -98.686388181812447, 20.503360819626824 ], [ -98.68730505368886, 20.504205907371759 ], [ -98.687831703367465, 20.504963779971938 ], [ -98.688428131416757, 20.505289248946941 ], [ -98.688816879543808, 20.506111752131687 ], [ -98.689206147493138, 20.506674738741285 ], [ -98.689779054689879, 20.50728130646992 ], [ -98.690754812223076, 20.507744671267378 ], [ -98.691683559023275, 20.508084880903112 ], [ -98.692187970865433, 20.508496676964207 ], [ -98.693259295807479, 20.509012758199773 ], [ -98.693566798071259, 20.509412502394955 ], [ -98.69293645942011, 20.509858971933124 ], [ -98.691755171349982, 20.510616270587963 ], [ -98.691210274652036, 20.510813784414477 ], [ -98.690612753850175, 20.510978124785261 ], [ -98.690158984563666, 20.511397781732359 ], [ -98.690053244620074, 20.511874502774614 ], [ -98.689912604378137, 20.512334714325924 ], [ -98.689667158333719, 20.51281118035072 ], [ -98.689595745058384, 20.513583970991714 ], [ -98.689477620482307, 20.514108698367291 ], [ -98.68938741473481, 20.514482902562342 ], [ -98.689089198102948, 20.514744071243555 ], [ -98.688783401024494, 20.514878858924266 ], [ -98.688226038727322, 20.514996277392637 ], [ -98.687722652393106, 20.515079957980511 ], [ -98.687374188138023, 20.51493551912656 ], [ -98.687398505855384, 20.515400791313805 ], [ -98.687362086664848, 20.515637555710398 ], [ -98.687469300703029, 20.515942248679696 ], [ -98.687539343811736, 20.516209168261991 ], [ -98.68775869947774, 20.516448238693027 ], [ -98.687769013626223, 20.516823657691049 ], [ -98.687469345253902, 20.517156806998237 ], [ -98.687457928564697, 20.517323630679343 ], [ -98.687667870551209, 20.517553419174483 ], [ -98.687679903565453, 20.517799582822512 ], [ -98.687751172768643, 20.518104212326399 ], [ -98.687822375512667, 20.518442671459368 ], [ -98.687839769244846, 20.518730287266308 ], [ -98.687839222773135, 20.519000952835004 ], [ -98.687820836250552, 20.519203920112059 ], [ -98.687802557684535, 20.51935613772504 ], [ -98.687730568008078, 20.519406756556695 ], [ -98.687640295600318, 20.519609594709983 ], [ -98.687586002183011, 20.519795579985718 ], [ -98.687603458705894, 20.520049360971143 ], [ -98.687656725473332, 20.520370872250243 ], [ -98.687656007542515, 20.520726119463198 ], [ -98.687619614964788, 20.520945971780151 ], [ -98.687511199951828, 20.521233361427718 ], [ -98.687474500005024, 20.521605459890004 ], [ -98.687456349219019, 20.52211153037414 ], [ -98.68749181150568, 20.522348428866628 ], [ -98.687634497779555, 20.522890018382125 ], [ -98.687579724928653, 20.523312835519153 ], [ -98.687489038416643, 20.52371867050147 ], [ -98.687398111160419, 20.524242922228442 ], [ -98.687343439434898, 20.524614989701767 ], [ -98.687216774494516, 20.525037677892584 ], [ -98.687097576304879, 20.525872021106775 ], [ -98.687517769344367, 20.527090100874204 ], [ -98.687436673981409, 20.527398768829613 ], [ -98.687136419671077, 20.527690659486428 ], [ -98.686681792771864, 20.527817773208501 ], [ -98.686286946543945, 20.527992341732993 ], [ -98.68585619283364, 20.528457108389254 ], [ -98.685400531039846, 20.528809051059632 ], [ -98.684846524220262, 20.529165547654667 ], [ -98.684522320839889, 20.529721515648223 ], [ -98.685731704750836, 20.529949730174319 ], [ -98.686701150995106, 20.530123261044348 ], [ -98.688073631434335, 20.530424086618972 ], [ -98.688811875178075, 20.530388467573328 ], [ -98.689220091040411, 20.530168198662743 ], [ -98.689941216411569, 20.529627391717462 ], [ -98.69034566385929, 20.529507929654493 ], [ -98.6913445028773, 20.530020493877224 ], [ -98.692152348338908, 20.530302360490047 ], [ -98.69252172007414, 20.530339593200885 ], [ -98.693122057223292, 20.530238973164852 ], [ -98.693800540607199, 20.529944657118001 ], [ -98.694505462109191, 20.529570443650833 ], [ -98.695093751284347, 20.528986350785349 ], [ -98.696036475906809, 20.528376252647252 ], [ -98.697075845044282, 20.527802981061253 ], [ -98.698114910812734, 20.527241201332682 ], [ -98.699135906462743, 20.526909066574092 ], [ -98.700301724575596, 20.526637923873988 ], [ -98.701449182436761, 20.526607921132104 ], [ -98.702879383433554, 20.526492656173151 ], [ -98.704212343847431, 20.526363545992119 ], [ -98.70492794406573, 20.526047070084765 ], [ -98.705829342807718, 20.525620000583185 ], [ -98.707109248573786, 20.525178981060801 ], [ -98.708100541966544, 20.525053165007556 ], [ -98.708313704474932, 20.525783035580389 ], [ -98.708121920650584, 20.526606747658146 ], [ -98.707822467034646, 20.527347351005922 ], [ -98.707798133456976, 20.528301613112717 ], [ -98.708103887627132, 20.529326556761958 ], [ -98.707314971220029, 20.530027165372072 ], [ -98.70672953196825, 20.530979488002956 ], [ -98.706007634852739, 20.532020570758821 ], [ -98.706126527611929, 20.532976440601072 ], [ -98.705973943165461, 20.533846223727323 ], [ -98.705536325259033, 20.534479041219573 ], [ -98.705310840798532, 20.535041866416123 ], [ -98.705250167265689, 20.535478247590657 ], [ -98.70508368688067, 20.53608579235074 ], [ -98.706728601465997, 20.536849741112341 ], [ -98.709007461136409, 20.538095341678634 ], [ -98.70723335494452, 20.540400202580603 ], [ -98.705928594200543, 20.539878806696464 ], [ -98.705041992188811, 20.539852954711399 ], [ -98.704290641054399, 20.539873112589788 ], [ -98.703425572893011, 20.539828764033974 ], [ -98.702752999818316, 20.539777965758329 ], [ -98.702014024221, 20.53959467274548 ], [ -98.70056841850257, 20.539168912262273 ], [ -98.699942575182405, 20.539055827633145 ], [ -98.699095336692608, 20.539065211811998 ], [ -98.697325418420704, 20.539843127364566 ], [ -98.696028274532196, 20.53997172339341 ], [ -98.694894086573541, 20.53972989201025 ], [ -98.69403767220426, 20.539510338341426 ], [ -98.692904099082767, 20.538919633488419 ], [ -98.692058133423672, 20.538694783447781 ], [ -98.691506444014379, 20.538710483903891 ], [ -98.691007136460613, 20.538729596277555 ], [ -98.690295786479581, 20.538548301729591 ], [ -98.689913330351914, 20.538567621310886 ], [ -98.689477570505005, 20.538676853459926 ], [ -98.688774266263039, 20.538645642739468 ], [ -98.688157690819494, 20.538817356456892 ], [ -98.687790120271316, 20.5390388972843 ], [ -98.687369803661539, 20.539408474417137 ], [ -98.687132747321314, 20.539926511788298 ], [ -98.687027346254993, 20.540173214079356 ], [ -98.686974424620516, 20.540407664458936 ], [ -98.686881846490579, 20.540802520912983 ], [ -98.686946921721514, 20.541037182502318 ], [ -98.687169640906347, 20.541123994023692 ], [ -98.687418734995617, 20.541136790208217 ], [ -98.687523400655692, 20.541248078007644 ], [ -98.687575527647624, 20.541408650694031 ], [ -98.687758561251499, 20.54166821052516 ], [ -98.687967991358008, 20.541841415632614 ], [ -98.688085222252852, 20.542224302988981 ], [ -98.687522086389734, 20.542711700162851 ], [ -98.686988160781326, 20.543055196217587 ], [ -98.686410466050859, 20.543537190719842 ], [ -98.686321246243949, 20.543877682853704 ], [ -98.686543362954154, 20.544161505037852 ], [ -98.686456630557956, 20.544400601688768 ], [ -98.686264352072968, 20.544548590305716 ], [ -98.685857562874872, 20.544653867726808 ], [ -98.685556727133871, 20.544804082659095 ], [ -98.685054107432805, 20.544970676603544 ], [ -98.68483486241071, 20.545118116243394 ], [ -98.684719362940271, 20.545432633725628 ], [ -98.684874103230484, 20.545715031327692 ], [ -98.684947772906284, 20.546008304568115 ], [ -98.684781831669781, 20.546182228968291 ], [ -98.684588927495909, 20.54635560593703 ], [ -98.684436435348758, 20.546529822923109 ], [ -98.684179018139034, 20.546587621541494 ], [ -98.683944370519683, 20.546712624953553 ], [ -98.683924387680719, 20.546978496878744 ], [ -98.683811928074576, 20.547166306315589 ], [ -98.683539816378868, 20.547274509799177 ], [ -98.683201262529963, 20.547343222117334 ], [ -98.682900629922528, 20.547514210137283 ], [ -98.682748134290222, 20.547688425590678 ], [ -98.682765381578847, 20.5480819610951 ], [ -98.682704743291083, 20.548313935573681 ], [ -98.682349932362555, 20.548496423184208 ], [ -98.681978248152021, 20.548818075642849 ], [ -98.681603381711895, 20.549266432302826 ], [ -98.681577164777011, 20.549785835410081 ], [ -98.681568132981624, 20.55015343679921 ], [ -98.681277617098246, 20.550454635973832 ], [ -98.681110354428469, 20.550679252712577 ], [ -98.681158612434913, 20.550908609566029 ], [ -98.681809835766131, 20.551277882445724 ], [ -98.682700776572972, 20.551730636370074 ], [ -98.682641511890765, 20.552417036052162 ], [ -98.682576887760789, 20.552894016748031 ], [ -98.682577736705525, 20.553241556189771 ], [ -98.682367633611719, 20.553366880650533 ], [ -98.682252697957949, 20.553600129481374 ], [ -98.682309368402983, 20.553869610985451 ], [ -98.68206097436007, 20.554066699984283 ], [ -98.681564443049737, 20.55433516182168 ], [ -98.681468728521764, 20.554496610925288 ], [ -98.681544325566506, 20.554837961748142 ], [ -98.68142968482428, 20.554927542085363 ], [ -98.680823165727546, 20.555426052270793 ], [ -98.680450359980043, 20.555648428842208 ], [ -98.680145444963202, 20.555775333944464 ], [ -98.679840431186932, 20.555950037779422 ], [ -98.679636764151567, 20.556220525798832 ], [ -98.679624381880018, 20.556469277104931 ], [ -98.679253610875136, 20.556737898391244 ], [ -98.678966679991461, 20.557149248372074 ], [ -98.678898114472247, 20.557751106246634 ], [ -98.678998348722274, 20.558099808161149 ], [ -98.679132377729118, 20.558385206378727 ], [ -98.679307997557927, 20.558661693709471 ], [ -98.679273818282837, 20.559008146125976 ], [ -98.67932361124187, 20.559197245117698 ], [ -98.679574416825517, 20.559276463394987 ], [ -98.679959138487121, 20.559324424668041 ], [ -98.680159517603272, 20.559513802396921 ], [ -98.680008187735382, 20.559875787025867 ], [ -98.679789721660029, 20.560332146700976 ], [ -98.679832898999706, 20.560465421446427 ], [ -98.680601044379856, 20.56064281836721 ], [ -98.680246969033647, 20.561111436463403 ], [ -98.680516177097019, 20.561502990984376 ], [ -98.680889075807244, 20.561972949029641 ], [ -98.681013209540538, 20.562207814037169 ], [ -98.681126891833969, 20.562588274937202 ], [ -98.681538501245882, 20.562705985108746 ], [ -98.68123832218447, 20.563831123051344 ], [ -98.681206059862191, 20.564186034436972 ], [ -98.681170020978371, 20.564582508938191 ], [ -98.681128435612877, 20.565171350871772 ], [ -98.681564623944709, 20.565976065065083 ], [ -98.681997179266233, 20.566627352250052 ], [ -98.682654874014787, 20.567203412049455 ], [ -98.683078593784728, 20.567783772883999 ], [ -98.683125226763977, 20.568415568824896 ], [ -98.68336375830819, 20.568972512882272 ], [ -98.684063919838664, 20.569599019812429 ], [ -98.684999972038057, 20.570213850524343 ], [ -98.685618377709574, 20.57078323679103 ], [ -98.685497066829043, 20.570783836689415 ], [ -98.685218369923888, 20.57078333089461 ], [ -98.685036184193876, 20.570762832951697 ], [ -98.684875448981487, 20.570742369986821 ], [ -98.684543153234685, 20.57074176466751 ], [ -98.684125099234222, 20.57075109047344 ], [ -98.682927196385748, 20.57081258045622 ], [ -98.682816082724102, 20.570820415082078 ], [ -98.682721997943062, 20.570860439042832 ], [ -98.68234599197082, 20.570859749374968 ], [ -98.682286196152944, 20.570851602298198 ], [ -98.68218367978956, 20.570835335404777 ], [ -98.68203838690097, 20.570843105103769 ], [ -98.681935854101681, 20.570834879381859 ], [ -98.681884657664085, 20.570802631151857 ], [ -98.681807790729209, 20.570778373218435 ], [ -98.681688271910758, 20.570721877162431 ], [ -98.6816113817912, 20.570713698389028 ], [ -98.681517313224703, 20.570745680264626 ], [ -98.681380484331356, 20.570793662661067 ], [ -98.681287735435518, 20.570860138878771 ], [ -98.681233432519818, 20.570911026713926 ], [ -98.68110335263728, 20.570910787845783 ], [ -98.68101664964783, 20.570900427998232 ], [ -98.680940841688454, 20.570869695115903 ], [ -98.680865066741035, 20.570818571983974 ], [ -98.68061575952801, 20.570818112361952 ], [ -98.680453143783211, 20.570828006856505 ], [ -98.679921993479496, 20.570827025982815 ], [ -98.6798136381272, 20.570806431499335 ], [ -98.67966140762401, 20.570757842846167 ], [ -98.679514545600711, 20.570734534087791 ], [ -98.679453477076422, 20.570665323236614 ], [ -98.679343485555904, 20.570572983350218 ], [ -98.679209011375647, 20.570480601141274 ], [ -98.679086490493432, 20.570361102917449 ], [ -98.678927626577632, 20.570222605578795 ], [ -98.67875657760041, 20.570061050829207 ], [ -98.678744625542762, 20.569922827491233 ], [ -98.678781617639174, 20.569796206555992 ], [ -98.678794173149782, 20.569646515167559 ], [ -98.678757902585403, 20.569427623915406 ], [ -98.678709319392226, 20.569243265470924 ], [ -98.678709824807768, 20.56900141067333 ], [ -98.678484788815425, 20.568861904983883 ], [ -98.678250035856024, 20.56871838568156 ], [ -98.678029137105895, 20.568561890074474 ], [ -98.677932601863304, 20.568444643627839 ], [ -98.677794658473147, 20.568288297424036 ], [ -98.677629048317641, 20.568144908672846 ], [ -98.677504986542317, 20.567962575430222 ], [ -98.677297943771833, 20.567793095695944 ], [ -98.677201435028948, 20.567662839735231 ], [ -98.677104945886455, 20.567519579921832 ], [ -98.676941969524805, 20.567359654726307 ], [ -98.676890236412035, 20.567302652989738 ], [ -98.676890595767617, 20.567131929337894 ], [ -98.676856202337163, 20.567050571349554 ], [ -98.676795796916309, 20.567009810230523 ], [ -98.676752670402692, 20.566969081483101 ], [ -98.676666320994784, 20.56693640356357 ], [ -98.676649146295389, 20.566887591719635 ], [ -98.676649284468667, 20.566822555477899 ], [ -98.676729565710943, 20.566669812120374 ], [ -98.676730433688533, 20.566257334061593 ], [ -98.676713379200336, 20.566026311633927 ], [ -98.676643964936119, 20.565679701323976 ], [ -98.676607370670496, 20.565360944468967 ], [ -98.67641547114799, 20.565103274262423 ], [ -98.676287164488485, 20.564891008976712 ], [ -98.675958088877451, 20.564695333797143 ], [ -98.675575567260694, 20.564414672184238 ], [ -98.675293814247752, 20.56410480916654 ], [ -98.674937594073711, 20.563657204474701 ], [ -98.674207159331004, 20.562999890186585 ], [ -98.67343536419645, 20.562710761318488 ], [ -98.672769008455589, 20.562541244450472 ], [ -98.672081134442465, 20.562419203050641 ], [ -98.671757719518695, 20.562058260683386 ], [ -98.671336968179105, 20.561744546394969 ], [ -98.670809492880693, 20.561427410475485 ], [ -98.670501979856567, 20.561132636187573 ], [ -98.670158012593262, 20.560894672877179 ], [ -98.669589592214095, 20.56056641286213 ], [ -98.669344453152078, 20.560750546218184 ], [ -98.669151458156477, 20.560819473716695 ], [ -98.66900059971924, 20.560878011574623 ], [ -98.668789275791681, 20.560963406581163 ], [ -98.668690474403178, 20.561182638833419 ], [ -98.668577666038772, 20.561504761593671 ], [ -98.668606201052029, 20.561878261580812 ], [ -98.66876390170178, 20.562370048826256 ], [ -98.668972434538858, 20.562711978309139 ], [ -98.669197894487667, 20.563134231855134 ], [ -98.669378151521656, 20.563475542348769 ], [ -98.669286091048221, 20.563766532219702 ], [ -98.668965655099413, 20.564083402429617 ], [ -98.668665248336879, 20.564405340814755 ], [ -98.668231948343518, 20.564759877800423 ], [ -98.667963319179677, 20.564940478263015 ], [ -98.66743306971766, 20.565017641721298 ], [ -98.667100841645137, 20.565099140055597 ], [ -98.667062926882593, 20.565488981230377 ], [ -98.666997224350396, 20.565948626148188 ], [ -98.666823233184701, 20.566571807620875 ], [ -98.666591258558114, 20.566974750564299 ], [ -98.666486541962271, 20.567360553139075 ], [ -98.666345460114201, 20.567506743645907 ], [ -98.666104392642737, 20.568049226171706 ], [ -98.665763019683325, 20.567929107236935 ], [ -98.665439198643085, 20.567827875831767 ], [ -98.664988587195808, 20.567475452118664 ], [ -98.664632038881464, 20.566815598568255 ], [ -98.664229087072442, 20.56602381988635 ], [ -98.663935058131827, 20.565246897968517 ], [ -98.663671328874457, 20.564850888755899 ], [ -98.663516581526181, 20.564440443782946 ], [ -98.663460551275691, 20.564334309366995 ], [ -98.663076577654195, 20.564309257560101 ], [ -98.662612606888842, 20.564051281981136 ], [ -98.662012457010107, 20.563587379589048 ], [ -98.661795215600748, 20.562969977718385 ], [ -98.661523315168196, 20.56235247138725 ], [ -98.661087074376127, 20.56191459004344 ], [ -98.660678047382859, 20.561528179938328 ], [ -98.660350251244722, 20.56147612033341 ], [ -98.660131826498485, 20.561398571124641 ], [ -98.660050303938561, 20.561192749080849 ], [ -98.659691556941183, 20.561132760319396 ], [ -98.658890026270385, 20.561131183679151 ], [ -98.658565533876825, 20.560926736730988 ], [ -98.658303291232627, 20.560839733374127 ], [ -98.657898357619587, 20.560784492957922 ], [ -98.657281125992014, 20.560783273609907 ], [ -98.656992002307746, 20.560691969043663 ], [ -98.656219982111153, 20.560908194842973 ], [ -98.655757142240518, 20.560870982751364 ], [ -98.655409987696288, 20.560852145402695 ], [ -98.655043629753351, 20.560796980901593 ], [ -98.654754793044987, 20.560578648297252 ], [ -98.654562563870826, 20.560287920116306 ], [ -98.65448585723837, 20.560088155935464 ], [ -98.654274259810279, 20.559833684709368 ], [ -98.653966345020251, 20.55952458249433 ], [ -98.653793200212974, 20.559324623689484 ], [ -98.653677922920409, 20.559124784435337 ], [ -98.653678821818076, 20.558725562654597 ], [ -98.653560409452851, 20.558579658057749 ], [ -98.65331345217659, 20.558424054620343 ], [ -98.653231543760441, 20.558191223408496 ], [ -98.653204534430898, 20.557984359050078 ], [ -98.653122801086042, 20.557673972934843 ], [ -98.652875787134931, 20.557544218103494 ], [ -98.652628667312229, 20.557466166986622 ], [ -98.652299338763015, 20.557284546096685 ], [ -98.651914939371792, 20.557154517607788 ], [ -98.651695111541784, 20.557154075936868 ], [ -98.651338024926787, 20.557101652003684 ], [ -98.651255757744693, 20.557023931281346 ], [ -98.651201390578521, 20.556765304651577 ], [ -98.65106429832754, 20.556635772844729 ], [ -98.650652600453668, 20.55642812811217 ], [ -98.650378418086419, 20.556169058027827 ], [ -98.649445110860412, 20.555753545854646 ], [ -98.648923036987881, 20.555752488387274 ], [ -98.648620967784467, 20.555674320799962 ], [ -98.648319006834939, 20.555544452221532 ], [ -98.64793461631713, 20.555414410234544 ], [ -98.647138239958579, 20.555205979043034 ], [ -98.647012077629256, 20.555576258865525 ], [ -98.646972235883467, 20.55708917883079 ], [ -98.647159530187892, 20.557832849573128 ], [ -98.647012398901111, 20.558905018661381 ], [ -98.647080171511547, 20.559455326145955 ], [ -98.646862152857878, 20.559741349389601 ], [ -98.64649151082962, 20.560231673586443 ], [ -98.646098998684877, 20.560783339403216 ], [ -98.646076509142489, 20.561110680423798 ], [ -98.646031338918249, 20.561847206986684 ], [ -98.645965233726756, 20.5622358452223 ], [ -98.645768615876378, 20.562665140860283 ], [ -98.645485296838046, 20.562991946917638 ], [ -98.645071499509243, 20.563338950186633 ], [ -98.644135228412495, 20.564032724899228 ], [ -98.643503973803689, 20.564420200202761 ], [ -98.643155283997501, 20.564808254833729 ], [ -98.642982933720702, 20.565156421204655 ], [ -98.642871219715943, 20.565617441612979 ], [ -98.642728243602704, 20.56592960340118 ], [ -98.642301268272888, 20.566017996685055 ], [ -98.642064008251367, 20.56609190215692 ], [ -98.64187398927578, 20.566240297058176 ], [ -98.641952155397988, 20.566612430176622 ], [ -98.641888336686833, 20.566865240523807 ], [ -98.641618937241617, 20.567162263966051 ], [ -98.641365513939121, 20.567384923221859 ], [ -98.641191376860547, 20.567503591167725 ], [ -98.64050741504326, 20.567935702834841 ], [ -98.640141280090802, 20.56812857274592 ], [ -98.639878122258438, 20.568267866832741 ], [ -98.639808748629861, 20.56861195270881 ], [ -98.639716723294484, 20.568869931944576 ], [ -98.639544672996365, 20.569138503359508 ], [ -98.6393611995166, 20.569407051142818 ], [ -98.639315083461668, 20.569579072297064 ], [ -98.639439858697315, 20.569977345229844 ], [ -98.639635245430057, 20.570379929140728 ], [ -98.639768446400254, 20.570822465190886 ], [ -98.639767410365863, 20.571264726070495 ], [ -98.63969880376149, 20.571896378764883 ], [ -98.639522958833354, 20.572470274443532 ], [ -98.639114220211269, 20.573426010759533 ], [ -98.638939101931157, 20.573808277273919 ], [ -98.638734926235145, 20.574204153195076 ], [ -98.638632201853099, 20.574668566153743 ], [ -98.638613567024521, 20.57525016223083 ], [ -98.63880873607819, 20.575758849389526 ], [ -98.638988220497723, 20.575974858984434 ], [ -98.639624506081446, 20.576777115767626 ], [ -98.640115793167595, 20.577264190223119 ], [ -98.640221268404929, 20.577513987789576 ], [ -98.639927996742387, 20.578199720526907 ], [ -98.640086233739268, 20.578561937818886 ], [ -98.640430231776307, 20.578862151974157 ], [ -98.640707656481254, 20.57928701073682 ], [ -98.640839789271453, 20.579474469917379 ], [ -98.640825949419394, 20.579724019430788 ], [ -98.640785681538972, 20.579936082920433 ], [ -98.64075846357477, 20.580235520669856 ], [ -98.640771162100876, 20.580472647731547 ], [ -98.640956516950212, 20.581212441079231 ], [ -98.64114856880326, 20.581768910161209 ], [ -98.641147790111148, 20.582102552289811 ], [ -98.641382774502318, 20.582669222331578 ], [ -98.641597157466279, 20.58286176148507 ], [ -98.641844522461923, 20.582730838045709 ], [ -98.642349658019199, 20.582610557402134 ], [ -98.642747355241028, 20.582500165065522 ], [ -98.642972879444585, 20.582520852519174 ], [ -98.643877567952586, 20.582619050238424 ], [ -98.644395490600672, 20.58276126753751 ], [ -98.644470871457557, 20.583083474741628 ], [ -98.644344300230514, 20.583420877148864 ], [ -98.643793995421689, 20.583581896811587 ], [ -98.643454482965808, 20.583889797387254 ], [ -98.643398827526624, 20.584321720737773 ], [ -98.643331823428781, 20.584938786290401 ], [ -98.643242976292427, 20.585545517907075 ], [ -98.643037480796323, 20.586200219213101 ], [ -98.64286399011236, 20.58668654056402 ], [ -98.642742891530872, 20.586880957680833 ], [ -98.642380413485867, 20.587107326008393 ], [ -98.642003579604889, 20.587296470090632 ], [ -98.641475773938069, 20.587342440286751 ], [ -98.640929791602403, 20.587134495183932 ], [ -98.640587888124216, 20.587103611022435 ], [ -98.640380905897345, 20.587168071688211 ], [ -98.639932810500355, 20.587150915956432 ], [ -98.639587825533283, 20.587263756873114 ], [ -98.6390004778752, 20.587830326880955 ], [ -98.638723784779614, 20.588219089058718 ], [ -98.638550776263244, 20.588494510693089 ], [ -98.638498535900396, 20.588721518191228 ], [ -98.638462917310179, 20.58920811766842 ], [ -98.638240390254481, 20.5894693127109 ], [ -98.637953413308622, 20.589621185223304 ], [ -98.637765943489782, 20.589855364591308 ], [ -98.637565781778591, 20.590183345495397 ], [ -98.637349598159133, 20.590340260372336 ], [ -98.637040984564266, 20.590553947256073 ], [ -98.636760575840739, 20.590742370796526 ], [ -98.636396119675069, 20.590980790502751 ], [ -98.635856287316074, 20.591141502940904 ], [ -98.635432485645893, 20.59118752572963 ], [ -98.635033718834151, 20.59118668572561 ], [ -98.63464268695914, 20.590959079143026 ], [ -98.634203343563485, 20.590590173423831 ], [ -98.63372449901577, 20.590427607817709 ], [ -98.633060618108573, 20.590261049395082 ], [ -98.632354393825509, 20.589881265579812 ], [ -98.630391153763881, 20.590340936229978 ], [ -98.629890736581928, 20.590565700750474 ], [ -98.629449798454218, 20.590997596009572 ], [ -98.629308924287997, 20.591373677030155 ], [ -98.62918854130946, 20.591542791692415 ], [ -98.628908930196459, 20.591410457554979 ], [ -98.628629637398149, 20.591146391323338 ], [ -98.628130219162003, 20.590957127402898 ], [ -98.627390077143147, 20.591087269226573 ], [ -98.626889696560241, 20.59129320129939 ], [ -98.626429032764435, 20.591612131927803 ], [ -98.626148405660345, 20.591893811866026 ], [ -98.625967623696624, 20.592232166124717 ], [ -98.625805193076559, 20.593164057509039 ], [ -98.625780175999239, 20.593926795303094 ], [ -98.625928320336897, 20.594896949533567 ], [ -98.626007692873557, 20.595583636020915 ], [ -98.626052944233663, 20.596019615677953 ], [ -98.626168126164245, 20.596633584565893 ], [ -98.62616621651182, 20.597245990206002 ], [ -98.623121429802083, 20.592958835718481 ], [ -98.622844371763833, 20.593116687140448 ], [ -98.622609245233946, 20.593309865770358 ], [ -98.622579107828017, 20.593337877531436 ], [ -98.621550044907977, 20.594315986600392 ], [ -98.620975295047259, 20.594812368868766 ], [ -98.620232010858189, 20.594089264534006 ], [ -98.620477285837552, 20.592847337845946 ], [ -98.618680863962155, 20.592469768428209 ], [ -98.618099540160145, 20.592888597023897 ], [ -98.617831124534163, 20.593126068921428 ], [ -98.617727473605612, 20.593151532475275 ], [ -98.614682553553536, 20.591356574658896 ], [ -98.615066949128575, 20.59056560099425 ], [ -98.615747053606029, 20.589386881059614 ], [ -98.61512630655352, 20.589250105900547 ], [ -98.613556034725733, 20.588905574718162 ], [ -98.612201697227476, 20.588538577528649 ], [ -98.611881888599115, 20.588826800629999 ], [ -98.611687143538333, 20.589021912825931 ], [ -98.611171104862308, 20.589182604735448 ], [ -98.61059830442575, 20.589275459013386 ], [ -98.610293640875668, 20.589303904380373 ], [ -98.609759836800706, 20.589331595398832 ], [ -98.609301453104933, 20.589289524856138 ], [ -98.608728028619538, 20.589383826189842 ], [ -98.608354759287707, 20.589349142630304 ], [ -98.608025054074432, 20.589318306360276 ], [ -98.607783731701687, 20.589176568473679 ], [ -98.607472913112133, 20.589195192493847 ], [ -98.607133066349391, 20.58912388976529 ], [ -98.607121514939507, 20.589131842141263 ], [ -98.606894927712176, 20.589287835735924 ], [ -98.606635006103488, 20.589425874660414 ], [ -98.606500885195047, 20.589497102965847 ], [ -98.60646147339547, 20.589510368784204 ], [ -98.605912832307197, 20.589695039281658 ], [ -98.605076389255416, 20.589957770042091 ], [ -98.604486288554369, 20.590155976525946 ], [ -98.604016684199394, 20.590103271753208 ], [ -98.603692475359779, 20.590104616561291 ], [ -98.603355870397792, 20.590160195769677 ], [ -98.602933347629502, 20.590300578611483 ], [ -98.602214963963704, 20.590544750451954 ], [ -98.60157872142949, 20.590783666501942 ], [ -98.60075946227019, 20.59104136305368 ], [ -98.600134401724006, 20.591169808418659 ], [ -98.599742365437663, 20.591097968048558 ], [ -98.599406862989582, 20.590977691394023 ], [ -98.599076935806607, 20.590815949829786 ], [ -98.59894462686708, 20.590766595887604 ], [ -98.598859805942624, 20.590738667687944 ], [ -98.598847146742287, 20.590734499161176 ], [ -98.596288486408866, 20.591597080972484 ], [ -98.596053119978407, 20.591708748334426 ], [ -98.595608207087309, 20.591919831526827 ], [ -98.595472574629682, 20.591984180454972 ], [ -98.595386966613958, 20.592024796065623 ], [ -98.594203285751817, 20.592640129701422 ], [ -98.593134309038888, 20.593359220319083 ], [ -98.592829391676815, 20.593770679844717 ], [ -98.592765884402695, 20.593588202391874 ], [ -98.592654456645562, 20.59330698795754 ], [ -98.592525923969461, 20.593086990077055 ], [ -98.592289375780354, 20.592906548480233 ], [ -98.591880405152637, 20.59295366978526 ], [ -98.591454233433751, 20.593064851304369 ], [ -98.590975992634881, 20.593425108415648 ], [ -98.590733505149529, 20.593721187937735 ], [ -98.590426964241004, 20.594015833031719 ], [ -98.590134888274534, 20.594515120384301 ], [ -98.589798483347408, 20.594701793922223 ], [ -98.589028346645236, 20.594879766581059 ], [ -98.588196942605506, 20.594908616966137 ], [ -98.587748747835704, 20.595134374023939 ], [ -98.587541471929342, 20.595393111274632 ], [ -98.587162915760345, 20.595327401401974 ], [ -98.586681600633881, 20.595067020507553 ], [ -98.586234276594936, 20.594968738541795 ], [ -98.585579586700106, 20.595161597074334 ], [ -98.584855863898028, 20.595419093180904 ], [ -98.584528956221249, 20.595645035157272 ], [ -98.584379165469244, 20.595808670002558 ], [ -98.583782580095075, 20.595502679130711 ], [ -98.583111453466714, 20.595149650268311 ], [ -98.582707767732543, 20.595090785014708 ], [ -98.582306892211506, 20.595033202931642 ], [ -98.581946479111892, 20.594843613971872 ], [ -98.581867049533543, 20.59456034921039 ], [ -98.581646642068961, 20.594503201516922 ], [ -98.580550536713062, 20.594828707373573 ], [ -98.580413096112494, 20.595213454391931 ], [ -98.579980095631882, 20.595618879843382 ], [ -98.579389214328089, 20.595574656328747 ], [ -98.57863816288102, 20.595915121070984 ], [ -98.578250798119811, 20.596256471060546 ], [ -98.577977089729771, 20.596598095193425 ], [ -98.577112904138644, 20.596745735343202 ], [ -98.576567357707248, 20.59674440108115 ], [ -98.57617951496276, 20.597256891058425 ], [ -98.575655456296261, 20.597704868265161 ], [ -98.574995249918629, 20.598066930367278 ], [ -98.574753798002376, 20.598290450232888 ], [ -98.574296128021331, 20.598439941508644 ], [ -98.573655853658266, 20.598481399308156 ], [ -98.573267017769609, 20.598544990258645 ], [ -98.572579993649299, 20.598952116182065 ], [ -98.572235315980961, 20.599575255786426 ], [ -98.571890379995182, 20.600315005786964 ], [ -98.571591364977991, 20.600843183598968 ], [ -98.57119313603863, 20.601386666636319 ], [ -98.570878292016985, 20.601665900837578 ], [ -98.570422439759454, 20.601969815830046 ], [ -98.570254271111367, 20.602144731657628 ], [ -98.569304058699686, 20.602159900854417 ], [ -98.568875058897149, 20.602334172292203 ], [ -98.568464501614301, 20.602578619960067 ], [ -98.568210672567119, 20.603389774062105 ], [ -98.567891224526463, 20.603706407417917 ], [ -98.567534602122052, 20.603917136696975 ], [ -98.567064145875605, 20.60439635933874 ], [ -98.567115144105315, 20.605120357945925 ], [ -98.566980633292104, 20.605793969685049 ], [ -98.566715254902689, 20.606776704501726 ], [ -98.566458661900725, 20.607613140193532 ], [ -98.566117662750202, 20.609074623528944 ], [ -98.565947487068399, 20.609963418511867 ], [ -98.565930909383283, 20.610050001659108 ], [ -98.565830867657212, 20.611054283553337 ], [ -98.565690425352344, 20.612464104582244 ], [ -98.565439835110951, 20.612913005279648 ], [ -98.565189837151166, 20.61314690869396 ], [ -98.564691021699204, 20.613204286541485 ], [ -98.564157518841284, 20.612802347273618 ], [ -98.563681983761683, 20.61248355965256 ], [ -98.56326563318018, 20.61229569804831 ], [ -98.562749974189288, 20.612126258210655 ], [ -98.562333306239921, 20.612050482875947 ], [ -98.562119866111914, 20.611983456607391 ], [ -98.561899678783519, 20.611914311652459 ], [ -98.56145134334173, 20.611773519324963 ], [ -98.560832980366797, 20.611565263418541 ], [ -98.560394212221198, 20.611395042342565 ], [ -98.560115111942238, 20.611244018878558 ], [ -98.559756265021065, 20.611055212736169 ], [ -98.559198240357091, 20.610696790549653 ], [ -98.558839286327341, 20.610545561084059 ], [ -98.558579787381532, 20.610526106500153 ], [ -98.558180623531925, 20.610468719278476 ], [ -98.557801271499955, 20.61046774872985 ], [ -98.557267579926332, 20.610326011916396 ], [ -98.556705188643988, 20.610142945667874 ], [ -98.556319935618589, 20.609884652094671 ], [ -98.556224625493627, 20.609475748305012 ], [ -98.556306003955129, 20.609142975664845 ], [ -98.556483622053051, 20.608901263205507 ], [ -98.556516395081545, 20.608689451125567 ], [ -98.556291886922367, 20.608461839816119 ], [ -98.555955291087628, 20.608067454725596 ], [ -98.555731485717871, 20.607597677600889 ], [ -98.555313186477079, 20.607213230780332 ], [ -98.554991034189101, 20.606740487952845 ], [ -98.55450704057003, 20.606297775718968 ], [ -98.55415192605129, 20.606038068569255 ], [ -98.553828895208184, 20.605869779623248 ], [ -98.553505906745755, 20.605686272328327 ], [ -98.553004731616539, 20.605593635951809 ], [ -98.552451300371288, 20.605487984110262 ], [ -98.552002139100892, 20.605484482168087 ], [ -98.551254553431832, 20.605356164810956 ], [ -98.550571068219142, 20.605415631778129 ], [ -98.55003391552566, 20.605506102557879 ], [ -98.549821915162269, 20.605673970670672 ], [ -98.549939783971183, 20.606010334997034 ], [ -98.550106564605528, 20.606397048789848 ], [ -98.549880921964998, 20.606993435743437 ], [ -98.549637505971504, 20.607291292570075 ], [ -98.549207866594486, 20.607465753420417 ], [ -98.548871992578768, 20.60748243403679 ], [ -98.548368191794552, 20.607498679534938 ], [ -98.547863253968416, 20.607901196181249 ], [ -98.547582411574894, 20.608234068197326 ], [ -98.547488030764157, 20.608602540623604 ], [ -98.547393242964432, 20.609111479546868 ], [ -98.547335919630072, 20.609567838347147 ], [ -98.547185621641844, 20.609918608870533 ], [ -98.547109440222982, 20.61044515205862 ], [ -98.547183287883954, 20.610708717864675 ], [ -98.547369035218139, 20.610990133567107 ], [ -98.547629204033143, 20.611341977061649 ], [ -98.547777324099499, 20.611728643962529 ], [ -98.547631323177541, 20.612762217774872 ], [ -98.54767145618159, 20.613415389795019 ], [ -98.547900852440677, 20.614069057867731 ], [ -98.548193808424841, 20.61456457192287 ], [ -98.548509082255194, 20.61462476397174 ], [ -98.548761785230042, 20.614506681083753 ], [ -98.549098488034346, 20.614428403702846 ], [ -98.549392323591434, 20.614627069211171 ], [ -98.549391275101968, 20.61498328416674 ], [ -98.549158669829424, 20.615418053045261 ], [ -98.549031268341736, 20.615833307374526 ], [ -98.549030218890479, 20.616189522655581 ], [ -98.549365237515531, 20.616685144354342 ], [ -98.549498109782959, 20.616890672953112 ], [ -98.549687163912722, 20.617159131369082 ], [ -98.549648197391576, 20.617498450856043 ], [ -98.549324782917182, 20.617729846469615 ], [ -98.549114955869229, 20.618068718927635 ], [ -98.549151821078624, 20.618443968579481 ], [ -98.549208194528291, 20.618640627700405 ], [ -98.549131626663694, 20.618854797555493 ], [ -98.548960196912432, 20.619050860691615 ], [ -98.548656236501401, 20.619121522360224 ], [ -98.548390728014766, 20.619031505523527 ], [ -98.547973228910593, 20.618976822597549 ], [ -98.547650080117677, 20.61911889162004 ], [ -98.547478588082015, 20.619332816216577 ], [ -98.547562194984167, 20.619817238377014 ], [ -98.547284362826147, 20.62034943434351 ], [ -98.547040526411919, 20.620702876066446 ], [ -98.546719186821107, 20.62064035147419 ], [ -98.546253393817707, 20.62049173355927 ], [ -98.545843680298034, 20.620441013821097 ], [ -98.545454194486922, 20.620583138181679 ], [ -98.545235003618274, 20.62087929485369 ], [ -98.544700341835608, 20.621220271451218 ], [ -98.544311565103754, 20.621447499960251 ], [ -98.543850409713485, 20.621537587266605 ], [ -98.543389061673892, 20.621696145429919 ], [ -98.543194261203027, 20.621946710257792 ], [ -98.543168707615777, 20.622380330979009 ], [ -98.543410191606384, 20.622746173593303 ], [ -98.543481731250864, 20.623157225451251 ], [ -98.543481118403818, 20.623362652492393 ], [ -98.543302063832883, 20.623546642659377 ], [ -98.543737108887697, 20.623861375268429 ], [ -98.541839188110998, 20.62471993808181 ], [ -98.541219129015829, 20.625631657554528 ], [ -98.540124511066495, 20.626094478124525 ], [ -98.53953391848475, 20.625776313274866 ], [ -98.53823422389722, 20.626500774738833 ], [ -98.53791578649485, 20.627275038238011 ], [ -98.536153327615111, 20.626746178588061 ], [ -98.535044772485691, 20.626803907231608 ], [ -98.534121358937611, 20.627705814140466 ], [ -98.53304834515896, 20.627195357492731 ], [ -98.53168421568833, 20.627052435785718 ], [ -98.529794550086905, 20.627733309792568 ], [ -98.529051565563762, 20.627496029738232 ], [ -98.527965983489025, 20.627815378826906 ] ] ] } },
{ "type": "Feature", "properties": { "CVEGEO": "13037", "NOM_ENT": "Hidalgo", "NOMBRE": "Metztitlán", "POB1": 21623, "POB2": 1068, "POB2_R": 4.9, "POB3": 1861, "POB3_R": 8.6, "POB4": 1191, "POB4_R": 5.5, "POB5": 2421, "POB5_R": 11.2, "POB6": 2878, "POB6_R": 13.3, "POB7": 1259, "POB7_R": 5.8, "POB8": 5939, "POB8_R": 27.5, "POB9": 1396, "POB9_R": 6.5, "POB10": 3640, "POB10_R": 16.8, "POB11": 4959, "POB11_R": 22.9, "POB12": 13236, "POB12_R": 61.2, "POB13": 2244, "POB13_R": 10.4, "POB14": 5577, "POB14_R": 25.8, "POB15": 1923, "POB15_R": 8.9, "POB16": 777, "POB16_R": 3.6, "POB17": 20518, "POB17_R": 94.9, "POB18": 19725, "POB18_R": 91.2, "POB19": 16906, "POB19_R": 78.2, "POB20": 15647, "POB20_R": 72.4, "POB21": 14251, "POB21_R": 65.9, "POB22": 12007, "POB22_R": 55.5, "POB23": 3188, "POB23_R": 14.7, "POB24": 2411, "POB24_R": 11.2, "POB25": 1712, "POB25_R": 7.9, "POB26_R": 90.2, "POB27_R": 63.1, "POB28_R": 44.9, "POB29_R": 18.2, "POB30_R": 29.0, "POB31": 11368, "POB31_R": 52.6, "POB32": 520, "POB32_R": 4.6, "POB33": 910, "POB33_R": 8.0, "POB34": 583, "POB34_R": 5.1, "POB35": 1244, "POB35_R": 10.9, "POB36": 1489, "POB36_R": 13.1, "POB37": 656, "POB37_R": 5.8, "POB38": 3003, "POB38_R": 26.4, "POB39": 695, "POB39_R": 6.1, "POB40": 1913, "POB40_R": 16.8, "POB41": 2660, "POB41_R": 23.4, "POB42": 5615, "POB42_R": 49.4, "POB43": 6978, "POB43_R": 61.4, "POB44": 1218, "POB44_R": 10.7, "POB45": 2955, "POB45_R": 26.0, "POB46": 954, "POB46_R": 8.4, "POB47": 409, "POB47_R": 3.6, "POB48": 10828, "POB48_R": 95.2, "POB49": 10438, "POB49_R": 91.8, "POB50": 9001, "POB50_R": 79.2, "POB51": 8345, "POB51_R": 73.4, "POB52": 7650, "POB52_R": 67.3, "POB53": 6432, "POB53_R": 56.6, "POB54": 1776, "POB54_R": 15.6, "POB55": 1367, "POB55_R": 12.0, "POB56": 989, "POB56_R": 8.7, "POB57": 10255, "POB57_R": 47.4, "POB58": 548, "POB58_R": 5.3, "POB59": 951, "POB59_R": 9.3, "POB60": 608, "POB60_R": 5.9, "POB61": 1177, "POB61_R": 11.5, "POB62": 1389, "POB62_R": 13.5, "POB63": 603, "POB63_R": 5.9, "POB64": 2936, "POB64_R": 28.6, "POB65": 701, "POB65_R": 6.8, "POB66": 1727, "POB66_R": 16.8, "POB67": 2299, "POB67_R": 22.4, "POB68": 6258, "POB68_R": 61.0, "POB69": 1026, "POB69_R": 10.0, "POB70": 2622, "POB70_R": 25.6, "POB71": 969, "POB71_R": 9.4, "POB72": 368, "POB72_R": 3.6, "POB73": 9690, "POB73_R": 94.5, "POB74": 9287, "POB74_R": 90.6, "POB75": 7905, "POB75_R": 77.1, "POB76": 7302, "POB76_R": 71.2, "POB77": 6601, "POB77_R": 64.4, "POB78": 5575, "POB78_R": 54.4, "POB79": 1412, "POB79_R": 13.8, "POB80": 1044, "POB80_R": 10.2, "POB81": 723, "POB81_R": 7.1, "OID": 37 }, "geometry": { "type": "Polygon", "coordinates": [ [ [ -98.747291915632374, 20.740735647202062 ], [ -98.746498507027709, 20.740574571690601 ], [ -98.746064495975205, 20.740200804797649 ], [ -98.745762860736647, 20.739773929126439 ], [ -98.745706703821995, 20.73945402631659 ], [ -98.745423695423327, 20.739187090262913 ], [ -98.745405310186513, 20.738885010105648 ], [ -98.745273678219533, 20.738493917635708 ], [ -98.745028562668438, 20.738173734604704 ], [ -98.744789223709148, 20.737650511202105 ], [ -98.744600195065686, 20.737159343931904 ], [ -98.744363795827155, 20.736623478448685 ], [ -98.744151200197024, 20.736043021223896 ], [ -98.744056688954686, 20.735797437508079 ], [ -98.743611717201787, 20.73548548112322 ], [ -98.742777201626751, 20.735264427732918 ], [ -98.742276704697915, 20.735012471576592 ], [ -98.74180970371296, 20.734697767184649 ], [ -98.741777213466847, 20.734163899576995 ], [ -98.741477350684164, 20.733755237575888 ], [ -98.741009987736376, 20.733660333798372 ], [ -98.740543047210622, 20.733314220521457 ], [ -98.74000938028928, 20.732936602471302 ], [ -98.738363303756898, 20.731698469455583 ], [ -98.737256117989205, 20.73100197167755 ], [ -98.736517908240444, 20.730590273370694 ], [ -98.735713522094557, 20.729912400236714 ], [ -98.735471953530421, 20.729341835462346 ], [ -98.73529034305291, 20.72917049943295 ], [ -98.735665751576107, 20.728804261996711 ], [ -98.73666230656643, 20.72819064404943 ], [ -98.737328335529071, 20.727904276503644 ], [ -98.738017989046966, 20.72755821222632 ], [ -98.738584112064174, 20.727489650775507 ], [ -98.738830995375253, 20.727027212028499 ], [ -98.738611867609336, 20.72336540177702 ], [ -98.73761150091326, 20.723234080845391 ], [ -98.737065665479435, 20.723144963366789 ], [ -98.736369977061656, 20.72331069004878 ], [ -98.735740453654387, 20.7232827588509 ], [ -98.735146508915761, 20.722980115261755 ], [ -98.733753617018664, 20.722690148501997 ], [ -98.732145226880235, 20.722388114055537 ], [ -98.730936281011296, 20.722085167145533 ], [ -98.730002879768591, 20.721574459684774 ], [ -98.728753306295033, 20.721219798877222 ], [ -98.727856453479689, 20.721708240395216 ], [ -98.726834817780528, 20.722059318891333 ], [ -98.725721726032972, 20.722451731021653 ], [ -98.725428086438569, 20.722671862750399 ], [ -98.725573833420512, 20.721945266037697 ], [ -98.725779583839667, 20.721389358543281 ], [ -98.725802798399542, 20.721132673397559 ], [ -98.725871814917241, 20.720704908472076 ], [ -98.726168184663578, 20.720363082549135 ], [ -98.726623682968011, 20.720085691603252 ], [ -98.72710212213066, 20.71970136275387 ], [ -98.727687385344609, 20.719155109199683 ], [ -98.72792018305698, 20.71802217212748 ], [ -98.728229516100612, 20.717106368303167 ], [ -98.728309107696177, 20.715611494802431 ], [ -98.728043222601158, 20.714575788066508 ], [ -98.728126950505938, 20.713954361924685 ], [ -98.728355017057339, 20.713469122405918 ], [ -98.728830549405743, 20.71319794019718 ], [ -98.728934413970507, 20.71286789735024 ], [ -98.728831656068564, 20.71257637963318 ], [ -98.728976822582879, 20.71224640681876 ], [ -98.729372101473658, 20.711749612095357 ], [ -98.729554039856183, 20.710578861282769 ], [ -98.72945282750814, 20.70999080564696 ], [ -98.729744324898277, 20.709626731186837 ], [ -98.728359103537102, 20.707336677075517 ], [ -98.727107479980262, 20.705688360586432 ], [ -98.726306441481839, 20.705013283372683 ], [ -98.726041825509768, 20.704727675278622 ], [ -98.726058666766434, 20.704289779617888 ], [ -98.726656708869271, 20.703083689103309 ], [ -98.727942511526152, 20.701749358789161 ], [ -98.728707925257723, 20.700802452352121 ], [ -98.72911587906502, 20.699742243424264 ], [ -98.72782763507395, 20.698898797186374 ], [ -98.726482384709058, 20.698204778500148 ], [ -98.724671540551157, 20.696918062334376 ], [ -98.724470009219289, 20.696888579955026 ], [ -98.724293383654754, 20.697071591582791 ], [ -98.72418771408249, 20.697368059803122 ], [ -98.7239417828239, 20.697713741272867 ], [ -98.723363226189434, 20.69789408994961 ], [ -98.722732194270037, 20.698024910099491 ], [ -98.722311931176122, 20.697875918430633 ], [ -98.721611773896882, 20.697479272582807 ], [ -98.721663361734301, 20.696897163901042 ], [ -98.721216595238545, 20.696194380193614 ], [ -98.720705865977052, 20.695471432221144 ], [ -98.720301228970001, 20.695069600688015 ], [ -98.719577081950348, 20.694386421616461 ], [ -98.718612175813263, 20.694083095883691 ], [ -98.718194031502435, 20.69395764152998 ], [ -98.717755494111216, 20.69382255753516 ], [ -98.71738849330012, 20.693630005452725 ], [ -98.717164518294297, 20.693351303426468 ], [ -98.716981498978811, 20.692995892127691 ], [ -98.715845555354548, 20.692589629549172 ], [ -98.715093645490626, 20.692610286669481 ], [ -98.71483076020013, 20.692649680139301 ], [ -98.714617303290154, 20.69270434913123 ], [ -98.714390139487378, 20.692729864379583 ], [ -98.714218127070851, 20.692706925925183 ], [ -98.713985663897716, 20.692516899992036 ], [ -98.713883191269559, 20.692346119259764 ], [ -98.713701904478299, 20.69228895245816 ], [ -98.713417783191801, 20.692254355271544 ], [ -98.713051315817538, 20.692113945543603 ], [ -98.712710799726267, 20.692193411585023 ], [ -98.712465551707083, 20.69231170369968 ], [ -98.71170317666288, 20.69189668556777 ], [ -98.711300560815147, 20.69159114866719 ], [ -98.710976952686764, 20.691315480766363 ], [ -98.710779717758697, 20.691099511854627 ], [ -98.710551069854716, 20.690771955081335 ], [ -98.710409189493063, 20.690548641071199 ], [ -98.710304153673533, 20.690313657764911 ], [ -98.710224956142355, 20.690148989803571 ], [ -98.710403288374593, 20.688188480543928 ], [ -98.705605978520651, 20.686294465463817 ], [ -98.704475260524916, 20.685431039182888 ], [ -98.704109401369479, 20.684245017677725 ], [ -98.704110947744169, 20.682763003728351 ], [ -98.703693223518968, 20.681901121052601 ], [ -98.703067765985736, 20.681058416384342 ], [ -98.701563022671422, 20.680229275424466 ], [ -98.700650507432627, 20.679632669967003 ], [ -98.69992144019777, 20.679500336445244 ], [ -98.699090653765992, 20.679526544626036 ], [ -98.698583136095095, 20.679527422042565 ], [ -98.698229195594578, 20.679599147314295 ], [ -98.697318028781581, 20.679696981345071 ], [ -98.695723987667861, 20.67942334156314 ], [ -98.694709259128501, 20.679077764728543 ], [ -98.693897666143798, 20.678511909599845 ], [ -98.69325529001577, 20.679735244431519 ], [ -98.692577687296733, 20.681469787765931 ], [ -98.692283378010302, 20.683297980274538 ], [ -98.691422241617758, 20.682340660833717 ], [ -98.690722378249291, 20.681189705601273 ], [ -98.690065592076365, 20.680235019235479 ], [ -98.68928588627368, 20.67960321712404 ], [ -98.688853151838558, 20.679339933728922 ], [ -98.687988187232762, 20.679769886147795 ], [ -98.687084700151914, 20.679938403615814 ], [ -98.68644595705014, 20.679903336092742 ], [ -98.685923694938438, 20.679798877275488 ], [ -98.685576660363694, 20.679526134269267 ], [ -98.685159730119466, 20.678170913849716 ], [ -98.68474115252944, 20.677356051575948 ], [ -98.684496622787776, 20.676418866136441 ], [ -98.684336612388336, 20.675518191826779 ], [ -98.684243026132478, 20.674883558275106 ], [ -98.683964554491823, 20.673842066359622 ], [ -98.683956010166568, 20.673155504791165 ], [ -98.683650714096601, 20.672985113871889 ], [ -98.683982731146031, 20.672279197834584 ], [ -98.683613165498713, 20.67208410501847 ], [ -98.68386304489178, 20.671754631871163 ], [ -98.683702659029549, 20.671065947755633 ], [ -98.684777623121093, 20.670271180405766 ], [ -98.68524606868381, 20.669784747841906 ], [ -98.685900530995937, 20.668598786768897 ], [ -98.686348323915425, 20.668045183353748 ], [ -98.68609385044644, 20.665941339054942 ], [ -98.686079475472255, 20.665913297593438 ], [ -98.686048437794952, 20.665840300990503 ], [ -98.685960694807932, 20.665633937771602 ], [ -98.686384656315724, 20.665457136252005 ], [ -98.686068131056473, 20.664791518725476 ], [ -98.686367371026307, 20.664940082569998 ], [ -98.686864852215805, 20.664645932428346 ], [ -98.686916253881108, 20.665051912671213 ], [ -98.687576219955048, 20.665573758540315 ], [ -98.68782176378437, 20.665189876000817 ], [ -98.687884788180469, 20.665106677105495 ], [ -98.688121134177663, 20.664930270562976 ], [ -98.689029833366376, 20.664947438844742 ], [ -98.689192877560814, 20.664885605949681 ], [ -98.689246839615038, 20.664952746198022 ], [ -98.690105076506768, 20.664969878464547 ], [ -98.6899858556027, 20.664625546631882 ], [ -98.690184224228958, 20.664000880526153 ], [ -98.690213052816461, 20.663910099619347 ], [ -98.690233267138581, 20.663609493079527 ], [ -98.690366164333923, 20.663261524059575 ], [ -98.690690539063525, 20.663013390213283 ], [ -98.691005469900205, 20.662701149957147 ], [ -98.691460843905261, 20.662099937780326 ], [ -98.692272880942596, 20.661907960034785 ], [ -98.692758696382867, 20.661892414884512 ], [ -98.693101996670535, 20.66174983690863 ], [ -98.693435930934612, 20.661508630032799 ], [ -98.693882076478658, 20.661413942823042 ], [ -98.695005613258601, 20.661272708384651 ], [ -98.695750488019939, 20.661536985986874 ], [ -98.696700272369071, 20.661836679679766 ], [ -98.697687371841013, 20.662118905206853 ], [ -98.698406215775123, 20.662372209795706 ], [ -98.698797790621398, 20.661723298527193 ], [ -98.699245479767569, 20.660466298479768 ], [ -98.699618607694575, 20.660005367252584 ], [ -98.700025132655696, 20.6597673250232 ], [ -98.700735574145099, 20.659848143771889 ], [ -98.701022818501556, 20.660039643516804 ], [ -98.701369617204364, 20.660832849781364 ], [ -98.701819247506762, 20.661723300599835 ], [ -98.702269069287922, 20.662512657002921 ], [ -98.702848733269718, 20.66285739504837 ], [ -98.703407499564236, 20.663162964589379 ], [ -98.704206187183189, 20.66365538402 ], [ -98.705049190393666, 20.664200115923595 ], [ -98.705305239726457, 20.663887121068292 ], [ -98.704917106481673, 20.663583468876141 ], [ -98.704506992377276, 20.663164852746402 ], [ -98.704351952500687, 20.662934736027928 ], [ -98.704470956738135, 20.662596769246797 ], [ -98.704497849378114, 20.661989848736535 ], [ -98.704582023342923, 20.660797112557265 ], [ -98.704335673814597, 20.659820575301641 ], [ -98.704094621414086, 20.659254341886367 ], [ -98.703950194054173, 20.658633221044653 ], [ -98.703997795899141, 20.658419831356412 ], [ -98.704118725101623, 20.658206832249306 ], [ -98.70437166957241, 20.65821634161464 ], [ -98.704558867369201, 20.65806318875828 ], [ -98.705171875992519, 20.657479854772394 ], [ -98.705287376737729, 20.65678118813009 ], [ -98.705096735382099, 20.656121227203268 ], [ -98.704073649854763, 20.655556428608779 ], [ -98.703797202236842, 20.655126879024028 ], [ -98.703839223324465, 20.654543994890705 ], [ -98.703808867080355, 20.654036749604387 ], [ -98.703880844037016, 20.653539762607963 ], [ -98.704040520008249, 20.653301984652256 ], [ -98.703960056172946, 20.653009752901145 ], [ -98.703951287886156, 20.652585853934212 ], [ -98.703937803843587, 20.652251097194114 ], [ -98.704073163274018, 20.652140007318327 ], [ -98.704153862078314, 20.651936841247647 ], [ -98.704240485674177, 20.651756612467793 ], [ -98.704414398685003, 20.651271270758834 ], [ -98.704551721179612, 20.650870091919749 ], [ -98.704498435979986, 20.650450647185686 ], [ -98.704215332532911, 20.650347815409738 ], [ -98.703903508846253, 20.650321660413319 ], [ -98.703739129331694, 20.65029314802754 ], [ -98.703736685324415, 20.650151675118309 ], [ -98.703825035817175, 20.650034353457144 ], [ -98.703876324678319, 20.649701760931915 ], [ -98.703829992159172, 20.649562846039881 ], [ -98.703721364941075, 20.649511509641364 ], [ -98.703744934246672, 20.64937272090603 ], [ -98.70385470058514, 20.649067724998289 ], [ -98.703799689929255, 20.64860459204295 ], [ -98.703420349533999, 20.647687131374944 ], [ -98.703070851457085, 20.64703485566605 ], [ -98.702982507908345, 20.646193315263798 ], [ -98.703047455111829, 20.645562410106539 ], [ -98.703304021895747, 20.645214588060583 ], [ -98.703781718795085, 20.644781715479816 ], [ -98.704170516536223, 20.644152675289405 ], [ -98.703839042895751, 20.643770893383795 ], [ -98.70370650685237, 20.643542525089408 ], [ -98.703503461876508, 20.643372906863664 ], [ -98.70331683235699, 20.643125198531902 ], [ -98.703147174071944, 20.642777523230745 ], [ -98.703041607846686, 20.642492980680707 ], [ -98.702943796328725, 20.642274759198802 ], [ -98.702802321164711, 20.641926269255269 ], [ -98.702637510420374, 20.641763933758394 ], [ -98.702517296548862, 20.641695176536135 ], [ -98.702458807964049, 20.64156804203645 ], [ -98.702293397833884, 20.641344192523523 ], [ -98.701990088606451, 20.641184225513815 ], [ -98.701750258079002, 20.64106423335598 ], [ -98.701469658129454, 20.640949924892219 ], [ -98.701357040923881, 20.640719445833238 ], [ -98.701381971836611, 20.640425193313423 ], [ -98.701341349336872, 20.640151773201882 ], [ -98.70128889773973, 20.639854270082569 ], [ -98.701205560523036, 20.63963554289467 ], [ -98.701157535260279, 20.639423145639665 ], [ -98.70111447378406, 20.639249790736734 ], [ -98.701048174752216, 20.63902998814774 ], [ -98.700922789240522, 20.6388381619165 ], [ -98.700842912507483, 20.638719629292979 ], [ -98.700807736223126, 20.638615888029332 ], [ -98.70084403392876, 20.638443769238712 ], [ -98.700896788806901, 20.638304013749543 ], [ -98.700924725756877, 20.63816827528542 ], [ -98.700888216886057, 20.638053441907815 ], [ -98.7007964157484, 20.637922005461355 ], [ -98.700703110896811, 20.637852176664889 ], [ -98.700617182883732, 20.637748602726457 ], [ -98.700587620987505, 20.637617227730782 ], [ -98.70062130849611, 20.63744535561602 ], [ -98.700769781221524, 20.637259961714786 ], [ -98.700120070948799, 20.6362747673037 ], [ -98.699139536595652, 20.634387850712276 ], [ -98.698362243971474, 20.633769544711491 ], [ -98.698459502183894, 20.633102572071611 ], [ -98.698282273151975, 20.632396856000586 ], [ -98.697744556957403, 20.631947025551622 ], [ -98.697333522637678, 20.631316221301109 ], [ -98.696813737399779, 20.631119808966545 ], [ -98.696923816418391, 20.630156450013747 ], [ -98.696728079406583, 20.629220281151877 ], [ -98.696422710494645, 20.628752988714645 ], [ -98.695939521665039, 20.62855744528154 ], [ -98.695567875816536, 20.628295565515522 ], [ -98.695287199165989, 20.627817358757614 ], [ -98.694679098705848, 20.62773382717219 ], [ -98.693984184237237, 20.62750760619997 ], [ -98.693719025033658, 20.627069059950603 ], [ -98.693927045457201, 20.626448093488396 ], [ -98.693695284835556, 20.626222750960711 ], [ -98.693176505922878, 20.626080446857646 ], [ -98.692999231011626, 20.625932324310224 ], [ -98.693015579636068, 20.62559257902074 ], [ -98.693048444232559, 20.625518934706648 ], [ -98.693243283122939, 20.625082354332765 ], [ -98.693450478413951, 20.624714430098368 ], [ -98.693276639856009, 20.624353768221681 ], [ -98.692850623753714, 20.624309081036284 ], [ -98.692296053537817, 20.624170464215858 ], [ -98.691483412403798, 20.624175751999541 ], [ -98.690732319098103, 20.624064438856482 ], [ -98.690075788324677, 20.624258964467369 ], [ -98.689142899631847, 20.624331255790484 ], [ -98.689271541175742, 20.623229167711898 ], [ -98.689420229983668, 20.621961452113776 ], [ -98.689307847667152, 20.621107736707465 ], [ -98.689044562444224, 20.619951393154466 ], [ -98.688806973410522, 20.619221175306446 ], [ -98.688913550907259, 20.618395694018634 ], [ -98.688902574507367, 20.617394885823661 ], [ -98.689045152871714, 20.616593259955867 ], [ -98.688672520824539, 20.615894302589201 ], [ -98.688104279158338, 20.615685182114166 ], [ -98.687768070545744, 20.615470117034413 ], [ -98.687487422011358, 20.614991867345914 ], [ -98.686846886844478, 20.614746507035552 ], [ -98.685834850861923, 20.614710754260141 ], [ -98.685035285199177, 20.614956107322147 ], [ -98.684702142611243, 20.615097628762289 ], [ -98.68420867151697, 20.615304311628336 ], [ -98.683287131358597, 20.615546731700402 ], [ -98.683389374836935, 20.613939082290493 ], [ -98.683549359958008, 20.612459316663557 ], [ -98.683561033945352, 20.611528029259599 ], [ -98.683236915525754, 20.610841704295975 ], [ -98.682545541049095, 20.610675607488115 ], [ -98.681458824840178, 20.610418460204897 ], [ -98.680878036261817, 20.610026045411502 ], [ -98.680533956009242, 20.609166714107459 ], [ -98.680720709972576, 20.608196643555562 ], [ -98.681122433548268, 20.607236055929416 ], [ -98.681973775000074, 20.606129290802706 ], [ -98.682048163957319, 20.604961134395225 ], [ -98.681456809134758, 20.603825616371441 ], [ -98.68088267105594, 20.603062625735046 ], [ -98.680126073447866, 20.602076516037975 ], [ -98.680160408690142, 20.601422480007109 ], [ -98.680505229480005, 20.601319999330482 ], [ -98.680781646004462, 20.6011812973891 ], [ -98.681054571002392, 20.600972707619601 ], [ -98.681262240801857, 20.600921684081897 ], [ -98.68158999595839, 20.600912003944899 ], [ -98.681775943776671, 20.600799254166017 ], [ -98.681776563201367, 20.600501097448767 ], [ -98.681788347585979, 20.600314619997171 ], [ -98.682214049580281, 20.600115272393577 ], [ -98.682575835087235, 20.599975852463881 ], [ -98.682702867244032, 20.599606122187907 ], [ -98.683014006112117, 20.599284782945649 ], [ -98.683534676216581, 20.599037019135459 ], [ -98.683747972595398, 20.598717207654524 ], [ -98.683833523505484, 20.59847721579802 ], [ -98.683727659766646, 20.598256885586213 ], [ -98.68334556669447, 20.597935984206401 ], [ -98.682732186337915, 20.597161913426177 ], [ -98.683541917541959, 20.596295007200183 ], [ -98.683361434699094, 20.595945614407093 ], [ -98.682923366242079, 20.595551426903008 ], [ -98.682413881099166, 20.594653613153923 ], [ -98.682139218201911, 20.594105494327987 ], [ -98.681589068987947, 20.59366550762612 ], [ -98.681510373171065, 20.593164494753196 ], [ -98.680966754040483, 20.591961532490746 ], [ -98.680973655545543, 20.591569995777508 ], [ -98.681060814651374, 20.591284978947787 ], [ -98.681234208504804, 20.591163082655612 ], [ -98.681450828386417, 20.591068421973972 ], [ -98.681523594819126, 20.590769802039187 ], [ -98.681582008971233, 20.590430417147388 ], [ -98.68166916601308, 20.590145402033372 ], [ -98.682002658435309, 20.590008293522139 ], [ -98.6824566178297, 20.589939799988674 ], [ -98.682784600275724, 20.58966698029689 ], [ -98.683008360722994, 20.589279930466905 ], [ -98.683121995264372, 20.589013674576744 ], [ -98.683369619506479, 20.588713579150038 ], [ -98.683639240484311, 20.588394719838476 ], [ -98.683801549580224, 20.588084714977949 ], [ -98.683828255513291, 20.588002603175326 ], [ -98.683851605822184, 20.587904677634345 ], [ -98.683979257649199, 20.58781880713007 ], [ -98.684186778447057, 20.587892251051649 ], [ -98.684558195509027, 20.588107109670418 ], [ -98.684769036209701, 20.588042774965587 ], [ -98.684869181751012, 20.58779881116758 ], [ -98.685226980267061, 20.587717987947322 ], [ -98.685698061426478, 20.587708556369755 ], [ -98.686117716127526, 20.587734437235721 ], [ -98.686308893508794, 20.587620476405377 ], [ -98.686556170322945, 20.587350160785668 ], [ -98.686708133650058, 20.587127008838813 ], [ -98.686891289331271, 20.586914359064547 ], [ -98.687169933791608, 20.586644726933468 ], [ -98.687470234638553, 20.586346054731713 ], [ -98.687700565786344, 20.585963408194619 ], [ -98.688044839316817, 20.58557704144992 ], [ -98.688467296145717, 20.585418870557202 ], [ -98.68497406885885, 20.580390663438227 ], [ -98.684592283453611, 20.579711599852029 ], [ -98.684327075315551, 20.578665837946293 ], [ -98.683692587552059, 20.577653151777195 ], [ -98.682915435850376, 20.577012519264766 ], [ -98.681988940646775, 20.576355740503409 ], [ -98.681497156674979, 20.575880110726768 ], [ -98.680979899073193, 20.575495966773779 ], [ -98.68075800038126, 20.575239029215918 ], [ -98.682000312319218, 20.574752601935874 ], [ -98.683252649767269, 20.57445105247254 ], [ -98.68541337967585, 20.574544804822597 ], [ -98.686593697653024, 20.57456115334362 ], [ -98.687349715196362, 20.574284920696989 ], [ -98.687793336846354, 20.573995810698246 ], [ -98.688278191149863, 20.573240754642843 ], [ -98.688705444985047, 20.572481022880492 ], [ -98.689291039820063, 20.571662776860705 ], [ -98.690003308107961, 20.570553634530974 ], [ -98.693260831155769, 20.572328452661321 ], [ -98.696845911164829, 20.571820082568049 ], [ -98.696434829832825, 20.568125737142569 ], [ -98.696633783510094, 20.56791101285118 ], [ -98.696856251140048, 20.56767272067572 ], [ -98.69715824248685, 20.567315230920922 ], [ -98.697380737845009, 20.567062018489302 ], [ -98.697619059836157, 20.566823753599934 ], [ -98.697968852649254, 20.566347004847263 ], [ -98.698128009255498, 20.566048927341349 ], [ -98.697905985542548, 20.566063459780583 ], [ -98.69755692848355, 20.5661672709873 ], [ -98.697104392086686, 20.566310866619897 ], [ -98.696877663948129, 20.56633828155158 ], [ -98.696611536202994, 20.566356358765937 ], [ -98.696394718035748, 20.566355980114032 ], [ -98.695951465825118, 20.566234673322732 ], [ -98.695271841019874, 20.566038775893485 ], [ -98.694464956831894, 20.565826083270139 ], [ -98.69419950089025, 20.565731896192517 ], [ -98.694066861403513, 20.565637947097787 ], [ -98.693779743355449, 20.565304227722226 ], [ -98.693647331054791, 20.565095738738869 ], [ -98.693227097145495, 20.564349818492691 ], [ -98.693040521885052, 20.564080263192121 ], [ -98.692809923780217, 20.563810629654871 ], [ -98.692546241761917, 20.563572000939413 ], [ -98.6923703614749, 20.563457790857765 ], [ -98.69216146211582, 20.563343516410598 ], [ -98.692117125250519, 20.56349875723631 ], [ -98.692061806675525, 20.563643627590857 ], [ -98.691929640540991, 20.563684809030864 ], [ -98.691753553366595, 20.563674142531404 ], [ -98.691307780764802, 20.563489125621317 ], [ -98.690791083132538, 20.56388987597445 ], [ -98.690491985986398, 20.564100729641321 ], [ -98.689975528982856, 20.564380790915497 ], [ -98.689594466340154, 20.564839905103511 ], [ -98.689286785141007, 20.565222514751568 ], [ -98.688785618503161, 20.565382423386417 ], [ -98.688477744230823, 20.565454244287032 ], [ -98.688112096749222, 20.565562151148722 ], [ -98.68763123627501, 20.565579380962284 ], [ -98.685852833970557, 20.564464708263493 ], [ -98.681206059862191, 20.564186034436972 ], [ -98.68123832218447, 20.563831123051344 ], [ -98.681538501245882, 20.562705985108746 ], [ -98.681126891833969, 20.562588274937202 ], [ -98.681013209540538, 20.562207814037169 ], [ -98.680889075807244, 20.561972949029641 ], [ -98.680516177097019, 20.561502990984376 ], [ -98.680246969033647, 20.561111436463403 ], [ -98.680601044379856, 20.56064281836721 ], [ -98.679832898999706, 20.560465421446427 ], [ -98.679789721660029, 20.560332146700976 ], [ -98.680008187735382, 20.559875787025867 ], [ -98.680159517603272, 20.559513802396921 ], [ -98.679959138487121, 20.559324424668041 ], [ -98.679574416825517, 20.559276463394987 ], [ -98.67932361124187, 20.559197245117698 ], [ -98.679273818282837, 20.559008146125976 ], [ -98.679307997557927, 20.558661693709471 ], [ -98.679132377729118, 20.558385206378727 ], [ -98.678998348722274, 20.558099808161149 ], [ -98.678898114472247, 20.557751106246634 ], [ -98.678966679991461, 20.557149248372074 ], [ -98.679253610875136, 20.556737898391244 ], [ -98.679624381880018, 20.556469277104931 ], [ -98.679636764151567, 20.556220525798832 ], [ -98.679840431186932, 20.555950037779422 ], [ -98.680145444963202, 20.555775333944464 ], [ -98.680450359980043, 20.555648428842208 ], [ -98.680823165727546, 20.555426052270793 ], [ -98.68142968482428, 20.554927542085363 ], [ -98.681544325566506, 20.554837961748142 ], [ -98.681468728521764, 20.554496610925288 ], [ -98.681564443049737, 20.55433516182168 ], [ -98.68206097436007, 20.554066699984283 ], [ -98.682309368402983, 20.553869610985451 ], [ -98.682252697957949, 20.553600129481374 ], [ -98.682367633611719, 20.553366880650533 ], [ -98.682577736705525, 20.553241556189771 ], [ -98.682576887760789, 20.552894016748031 ], [ -98.682641511890765, 20.552417036052162 ], [ -98.682700776572972, 20.551730636370074 ], [ -98.681809835766131, 20.551277882445724 ], [ -98.681158612434913, 20.550908609566029 ], [ -98.681110354428469, 20.550679252712577 ], [ -98.681277617098246, 20.550454635973832 ], [ -98.681568132981624, 20.55015343679921 ], [ -98.681577164777011, 20.549785835410081 ], [ -98.681603381711895, 20.549266432302826 ], [ -98.681978248152021, 20.548818075642849 ], [ -98.682349932362555, 20.548496423184208 ], [ -98.682704743291083, 20.548313935573681 ], [ -98.682765381578847, 20.5480819610951 ], [ -98.682748134290222, 20.547688425590678 ], [ -98.682900629922528, 20.547514210137283 ], [ -98.683201262529963, 20.547343222117334 ], [ -98.683539816378868, 20.547274509799177 ], [ -98.683811928074576, 20.547166306315589 ], [ -98.683924387680719, 20.546978496878744 ], [ -98.683944370519683, 20.546712624953553 ], [ -98.684179018139034, 20.546587621541494 ], [ -98.684436435348758, 20.546529822923109 ], [ -98.684588927495909, 20.54635560593703 ], [ -98.684781831669781, 20.546182228968291 ], [ -98.684947772906284, 20.546008304568115 ], [ -98.684874103230484, 20.545715031327692 ], [ -98.684719362940271, 20.545432633725628 ], [ -98.68483486241071, 20.545118116243394 ], [ -98.685054107432805, 20.544970676603544 ], [ -98.685556727133871, 20.544804082659095 ], [ -98.685857562874872, 20.544653867726808 ], [ -98.686264352072968, 20.544548590305716 ], [ -98.686456630557956, 20.544400601688768 ], [ -98.686543362954154, 20.544161505037852 ], [ -98.686321246243949, 20.543877682853704 ], [ -98.686410466050859, 20.543537190719842 ], [ -98.686988160781326, 20.543055196217587 ], [ -98.687522086389734, 20.542711700162851 ], [ -98.688085222252852, 20.542224302988981 ], [ -98.687967991358008, 20.541841415632614 ], [ -98.687758561251499, 20.54166821052516 ], [ -98.687575527647624, 20.541408650694031 ], [ -98.687523400655692, 20.541248078007644 ], [ -98.687418734995617, 20.541136790208217 ], [ -98.687169640906347, 20.541123994023692 ], [ -98.686946921721514, 20.541037182502318 ], [ -98.686881846490579, 20.540802520912983 ], [ -98.686974424620516, 20.540407664458936 ], [ -98.687027346254993, 20.540173214079356 ], [ -98.687132747321314, 20.539926511788298 ], [ -98.687369803661539, 20.539408474417137 ], [ -98.687790120271316, 20.5390388972843 ], [ -98.688157690819494, 20.538817356456892 ], [ -98.688774266263039, 20.538645642739468 ], [ -98.689477570505005, 20.538676853459926 ], [ -98.689913330351914, 20.538567621310886 ], [ -98.690295786479581, 20.538548301729591 ], [ -98.691007136460613, 20.538729596277555 ], [ -98.691506444014379, 20.538710483903891 ], [ -98.692058133423672, 20.538694783447781 ], [ -98.692904099082767, 20.538919633488419 ], [ -98.69403767220426, 20.539510338341426 ], [ -98.694894086573541, 20.53972989201025 ], [ -98.696028274532196, 20.53997172339341 ], [ -98.697325418420704, 20.539843127364566 ], [ -98.699095336692608, 20.539065211811998 ], [ -98.699942575182405, 20.539055827633145 ], [ -98.70056841850257, 20.539168912262273 ], [ -98.702014024221, 20.53959467274548 ], [ -98.702752999818316, 20.539777965758329 ], [ -98.703425572893011, 20.539828764033974 ], [ -98.704290641054399, 20.539873112589788 ], [ -98.705041992188811, 20.539852954711399 ], [ -98.705928594200543, 20.539878806696464 ], [ -98.70723335494452, 20.540400202580603 ], [ -98.709007461136409, 20.538095341678634 ], [ -98.706728601465997, 20.536849741112341 ], [ -98.70508368688067, 20.53608579235074 ], [ -98.705250167265689, 20.535478247590657 ], [ -98.705310840798532, 20.535041866416123 ], [ -98.705536325259033, 20.534479041219573 ], [ -98.705973943165461, 20.533846223727323 ], [ -98.706126527611929, 20.532976440601072 ], [ -98.706007634852739, 20.532020570758821 ], [ -98.70672953196825, 20.530979488002956 ], [ -98.707314971220029, 20.530027165372072 ], [ -98.708103887627132, 20.529326556761958 ], [ -98.707798133456976, 20.528301613112717 ], [ -98.707822467034646, 20.527347351005922 ], [ -98.708121920650584, 20.526606747658146 ], [ -98.708313704474932, 20.525783035580389 ], [ -98.708100541966544, 20.525053165007556 ], [ -98.707109248573786, 20.525178981060801 ], [ -98.705829342807718, 20.525620000583185 ], [ -98.70492794406573, 20.526047070084765 ], [ -98.704212343847431, 20.526363545992119 ], [ -98.702879383433554, 20.526492656173151 ], [ -98.701449182436761, 20.526607921132104 ], [ -98.700301724575596, 20.526637923873988 ], [ -98.699135906462743, 20.526909066574092 ], [ -98.698114910812734, 20.527241201332682 ], [ -98.697075845044282, 20.527802981061253 ], [ -98.696036475906809, 20.528376252647252 ], [ -98.695093751284347, 20.528986350785349 ], [ -98.694505462109191, 20.529570443650833 ], [ -98.693800540607199, 20.529944657118001 ], [ -98.693122057223292, 20.530238973164852 ], [ -98.69252172007414, 20.530339593200885 ], [ -98.692152348338908, 20.530302360490047 ], [ -98.6913445028773, 20.530020493877224 ], [ -98.69034566385929, 20.529507929654493 ], [ -98.689941216411569, 20.529627391717462 ], [ -98.689220091040411, 20.530168198662743 ], [ -98.688811875178075, 20.530388467573328 ], [ -98.688073631434335, 20.530424086618972 ], [ -98.686701150995106, 20.530123261044348 ], [ -98.685731704750836, 20.529949730174319 ], [ -98.684522320839889, 20.529721515648223 ], [ -98.684846524220262, 20.529165547654667 ], [ -98.685400531039846, 20.528809051059632 ], [ -98.68585619283364, 20.528457108389254 ], [ -98.686286946543945, 20.527992341732993 ], [ -98.686681792771864, 20.527817773208501 ], [ -98.687136419671077, 20.527690659486428 ], [ -98.687436673981409, 20.527398768829613 ], [ -98.687517769344367, 20.527090100874204 ], [ -98.687097576304879, 20.525872021106775 ], [ -98.687216774494516, 20.525037677892584 ], [ -98.687343439434898, 20.524614989701767 ], [ -98.687398111160419, 20.524242922228442 ], [ -98.687489038416643, 20.52371867050147 ], [ -98.687579724928653, 20.523312835519153 ], [ -98.687634497779555, 20.522890018382125 ], [ -98.68749181150568, 20.522348428866628 ], [ -98.687456349219019, 20.52211153037414 ], [ -98.687474500005024, 20.521605459890004 ], [ -98.687511199951828, 20.521233361427718 ], [ -98.687619614964788, 20.520945971780151 ], [ -98.687656007542515, 20.520726119463198 ], [ -98.687656725473332, 20.520370872250243 ], [ -98.687603458705894, 20.520049360971143 ], [ -98.687586002183011, 20.519795579985718 ], [ -98.687640295600318, 20.519609594709983 ], [ -98.687730568008078, 20.519406756556695 ], [ -98.687802557684535, 20.51935613772504 ], [ -98.687820836250552, 20.519203920112059 ], [ -98.687839222773135, 20.519000952835004 ], [ -98.687839769244846, 20.518730287266308 ], [ -98.687822375512667, 20.518442671459368 ], [ -98.687751172768643, 20.518104212326399 ], [ -98.687679903565453, 20.517799582822512 ], [ -98.687667870551209, 20.517553419174483 ], [ -98.687457928564697, 20.517323630679343 ], [ -98.687469345253902, 20.517156806998237 ], [ -98.687769013626223, 20.516823657691049 ], [ -98.68775869947774, 20.516448238693027 ], [ -98.687539343811736, 20.516209168261991 ], [ -98.687469300703029, 20.515942248679696 ], [ -98.687362086664848, 20.515637555710398 ], [ -98.687398505855384, 20.515400791313805 ], [ -98.687374188138023, 20.51493551912656 ], [ -98.687722652393106, 20.515079957980511 ], [ -98.688226038727322, 20.514996277392637 ], [ -98.688783401024494, 20.514878858924266 ], [ -98.689089198102948, 20.514744071243555 ], [ -98.68938741473481, 20.514482902562342 ], [ -98.689477620482307, 20.514108698367291 ], [ -98.689595745058384, 20.513583970991714 ], [ -98.689667158333719, 20.51281118035072 ], [ -98.689912604378137, 20.512334714325924 ], [ -98.690053244620074, 20.511874502774614 ], [ -98.690158984563666, 20.511397781732359 ], [ -98.690612753850175, 20.510978124785261 ], [ -98.691210274652036, 20.510813784414477 ], [ -98.691755171349982, 20.510616270587963 ], [ -98.69293645942011, 20.509858971933124 ], [ -98.693566798071259, 20.509412502394955 ], [ -98.693259295807479, 20.509012758199773 ], [ -98.692187970865433, 20.508496676964207 ], [ -98.691683559023275, 20.508084880903112 ], [ -98.690754812223076, 20.507744671267378 ], [ -98.689779054689879, 20.50728130646992 ], [ -98.689206147493138, 20.506674738741285 ], [ -98.688816879543808, 20.506111752131687 ], [ -98.688428131416757, 20.505289248946941 ], [ -98.687831703367465, 20.504963779971938 ], [ -98.68730505368886, 20.504205907371759 ], [ -98.686388181812447, 20.503360819626824 ], [ -98.685563177922845, 20.502515893092834 ], [ -98.685026334955865, 20.502014727184214 ], [ -98.684448074982214, 20.501805306678119 ], [ -98.68387555181279, 20.501351322198552 ], [ -98.68330327634672, 20.500775386889075 ], [ -98.68289728219554, 20.500304280819325 ], [ -98.682491389797264, 20.499780915153607 ], [ -98.682304917210942, 20.499120530759743 ], [ -98.682299180677688, 20.498929977771013 ], [ -98.682278983453926, 20.498800795967018 ], [ -98.682331072372804, 20.498351660219654 ], [ -98.682256391346556, 20.498139374248147 ], [ -98.682316804721239, 20.497983907134316 ], [ -98.682392447785801, 20.497729466773759 ], [ -98.682363040781468, 20.497418260315854 ], [ -98.682153468319612, 20.497050146977077 ], [ -98.681797823471911, 20.496427674557008 ], [ -98.681432067196042, 20.496082007728337 ], [ -98.681066198135099, 20.495793841792494 ], [ -98.680659770380615, 20.495428935823437 ], [ -98.680232828303559, 20.495140655108184 ], [ -98.679297193643436, 20.494717270348222 ], [ -98.678931372559745, 20.494409935441318 ], [ -98.678624889025457, 20.494217756321504 ], [ -98.678636160423522, 20.493955380081534 ], [ -98.678957324688156, 20.493786852246956 ], [ -98.679014500791538, 20.493259049260256 ], [ -98.67895919222002, 20.492889410891067 ], [ -98.6786794229035, 20.492598544593424 ], [ -98.678428022305255, 20.492149358057564 ], [ -98.677540439996378, 20.491736789279923 ], [ -98.676456895844126, 20.490474693785764 ], [ -98.676321851122182, 20.49010503729922 ], [ -98.676458361470438, 20.489482092241484 ], [ -98.67670470319986, 20.489039711182009 ], [ -98.676971091948531, 20.488789906940561 ], [ -98.677401285217599, 20.488444142032399 ], [ -98.677810950403966, 20.488136840162987 ], [ -98.67828180557585, 20.487906669039734 ], [ -98.678691305075233, 20.487676378492218 ], [ -98.679407525830683, 20.487465910505819 ], [ -98.680123786097113, 20.487236186285269 ], [ -98.680492220587382, 20.48708283236698 ], [ -98.681044553065234, 20.48700683150652 ], [ -98.681412589280939, 20.487046015638882 ], [ -98.681637504306423, 20.487065681816755 ], [ -98.681739956923025, 20.486969600289065 ], [ -98.681883673930955, 20.486700312384574 ], [ -98.68221776564215, 20.486187688127004 ], [ -98.682391605856537, 20.485931593801187 ], [ -98.682515955380609, 20.485663755736834 ], [ -98.682701888772826, 20.485547543724849 ], [ -98.682727150898515, 20.485302833782196 ], [ -98.682677989486692, 20.485127915713445 ], [ -98.68261678825003, 20.484789805725743 ], [ -98.682456827609997, 20.484371747566069 ], [ -98.682396663014316, 20.484143273501854 ], [ -98.682336315615586, 20.484000435836911 ], [ -98.682245679084346, 20.483843272192747 ], [ -98.682230813921109, 20.483700517154674 ], [ -98.682261457663969, 20.483543571972348 ], [ -98.682246736961787, 20.483329456805169 ], [ -98.682080129764017, 20.483257786605062 ], [ -98.681837780857961, 20.483157434678464 ], [ -98.681610798910981, 20.482957200776095 ], [ -98.681548472426044, 20.482669448628751 ], [ -98.681548865067327, 20.482478786809047 ], [ -98.681656186357486, 20.482241939668214 ], [ -98.681985954781865, 20.481778178076333 ], [ -98.681949987364391, 20.481502935809555 ], [ -98.681584392363121, 20.481622658301113 ], [ -98.681145696397635, 20.48175944060948 ], [ -98.680889595085233, 20.481930957490725 ], [ -98.68056053449223, 20.482050741493051 ], [ -98.680121871534027, 20.482170327209765 ], [ -98.679738078985451, 20.482255613262293 ], [ -98.679427820399923, 20.482117450924914 ], [ -98.678972033339875, 20.481686641964956 ], [ -98.67835191634876, 20.481221134330344 ], [ -98.677832935970656, 20.480617076244336 ], [ -98.677625969260561, 20.480225434969292 ], [ -98.677482872019624, 20.479864005132693 ], [ -98.677436089516888, 20.479307126507937 ], [ -98.677310595750029, 20.47844565762416 ], [ -98.677277416092224, 20.478191670649231 ], [ -98.677289272800934, 20.4778954461575 ], [ -98.677368995013239, 20.477387741228565 ], [ -98.677444785479224, 20.476898110246044 ], [ -98.677413602703496, 20.476697203669453 ], [ -98.677429915153397, 20.476451756455397 ], [ -98.677485811934446, 20.476169188848932 ], [ -98.677485431286271, 20.475983117604546 ], [ -98.677395209732651, 20.475935118100892 ], [ -98.677197742228358, 20.47588159977543 ], [ -98.677028470304236, 20.475844076984838 ], [ -98.676847872958803, 20.475822483211189 ], [ -98.676599501160965, 20.475816706785011 ], [ -98.676435851402474, 20.475789827410214 ], [ -98.67621573743844, 20.475768155363344 ], [ -98.675984233560882, 20.475794301169117 ], [ -98.675775255517578, 20.475847059609979 ], [ -98.675628371123807, 20.475899936984106 ], [ -98.675504014387201, 20.47597942910377 ], [ -98.675379663058493, 20.476053608895093 ], [ -98.675232803009095, 20.476095856286385 ], [ -98.675046562858597, 20.476074247751754 ], [ -98.674973356347209, 20.475989067433037 ], [ -98.674934073297408, 20.47587738079439 ], [ -98.674956897598591, 20.475760490705056 ], [ -98.675036189930495, 20.475638395476501 ], [ -98.675183140846144, 20.475553626074522 ], [ -98.675363925521808, 20.475484868786882 ], [ -98.675539124200995, 20.475389525472714 ], [ -98.675714343425469, 20.475283554090506 ], [ -98.675805978655276, 20.475127615207835 ], [ -98.675915906843358, 20.475065789511007 ], [ -98.676052242809249, 20.474979205353058 ], [ -98.676245605672349, 20.474925806150313 ], [ -98.67645207396329, 20.474905512303774 ], [ -98.676711213084161, 20.474901859248661 ], [ -98.676926423353308, 20.474902259387516 ], [ -98.677014451134497, 20.474811447952625 ], [ -98.677041203049313, 20.474621272133408 ], [ -98.677034164699705, 20.474421450088251 ], [ -98.676890552308947, 20.474277710829988 ], [ -98.676424031229416, 20.474219286036657 ], [ -98.676164855626595, 20.474183929780704 ], [ -98.675750077777337, 20.474176184220049 ], [ -98.675468519480589, 20.474217504677199 ], [ -98.675371990663479, 20.47432890710704 ], [ -98.675157056329894, 20.474391271939833 ], [ -98.674979240983717, 20.474411863547648 ], [ -98.674757031508022, 20.474411447386764 ], [ -98.674557097613061, 20.474383176136328 ], [ -98.674409146491271, 20.474292236334506 ], [ -98.67436529250314, 20.474013190722161 ], [ -98.674382919973908, 20.473723127892313 ], [ -98.674390600455183, 20.473537855408562 ], [ -98.674339841295065, 20.473414231926462 ], [ -98.674207486040018, 20.473399796372394 ], [ -98.673920635922826, 20.473339211001857 ], [ -98.673627402104941, 20.473278616166954 ], [ -98.673531920854842, 20.473194370780252 ], [ -98.673519587440751, 20.472996194638544 ], [ -98.673558373343411, 20.472750082190217 ], [ -98.673533382359707, 20.472503845566855 ], [ -98.673497182093627, 20.472452450871799 ], [ -98.673359189761783, 20.472422647385688 ], [ -98.673158556513755, 20.472339550083223 ], [ -98.673114853417118, 20.472233115232786 ], [ -98.673121340225805, 20.472132680051267 ], [ -98.673002275393458, 20.472055645948409 ], [ -98.67282038052177, 20.472013945295139 ], [ -98.672663369215272, 20.472072732367682 ], [ -98.672568915563545, 20.47222617618187 ], [ -98.672499502538713, 20.472409211253805 ], [ -98.672505299743122, 20.472633749943888 ], [ -98.672473609002836, 20.472781405141383 ], [ -98.67236658987153, 20.472940733778 ], [ -98.672284674767411, 20.47310010881451 ], [ -98.672108763441656, 20.473194314981299 ], [ -98.671945602985957, 20.473194006795321 ], [ -98.6718330002724, 20.473028356279013 ], [ -98.671783076608634, 20.472898271260465 ], [ -98.671389323187327, 20.472619915311597 ], [ -98.671117837566044, 20.472520562048281 ], [ -98.671050211286484, 20.472380896355041 ], [ -98.670896072222021, 20.47227013964747 ], [ -98.670760434677561, 20.472171041849489 ], [ -98.67064329455026, 20.472083610176895 ], [ -98.670353202308206, 20.472024915652426 ], [ -98.670075789689378, 20.471809272390843 ], [ -98.669897115074392, 20.47162288108261 ], [ -98.669471359440479, 20.471476722706157 ], [ -98.668921453115331, 20.471189305381532 ], [ -98.668731924270148, 20.471090860289042 ], [ -98.668546326773864, 20.47089434073046 ], [ -98.668390780480223, 20.470564767023557 ], [ -98.668287088891347, 20.470340376397122 ], [ -98.668190259504911, 20.469959099204271 ], [ -98.668011702183136, 20.469604185200943 ], [ -98.668030338811676, 20.46927497477089 ], [ -98.668120654341706, 20.468971228633841 ], [ -98.668189058088657, 20.468716312300629 ], [ -98.668163266921283, 20.468400589375118 ], [ -98.668190432315171, 20.468076660621698 ], [ -98.668288067079843, 20.467802710050325 ], [ -98.668403244229566, 20.467578638185127 ], [ -98.668650681602259, 20.467388044223625 ], [ -98.66950752755335, 20.467228559714357 ], [ -98.670034774962417, 20.467229560196927 ], [ -98.670524778675826, 20.467242168331307 ], [ -98.670473865796978, 20.466883967719419 ], [ -98.670414468715734, 20.466572815427963 ], [ -98.670591824150023, 20.466223015506269 ], [ -98.670669434513172, 20.465873358932782 ], [ -98.670682938539613, 20.465547700115305 ], [ -98.670546522614231, 20.464923811549003 ], [ -98.670539125225744, 20.464637236754761 ], [ -98.670475926876307, 20.464229895907536 ], [ -98.670364444579548, 20.46392804219543 ], [ -98.670281327340035, 20.463682690009634 ], [ -98.670061471769657, 20.463339554772592 ], [ -98.669940860396181, 20.463006993499164 ], [ -98.669908257322675, 20.462778449689935 ], [ -98.669953041177266, 20.46246696935302 ], [ -98.669887620867442, 20.462113741049805 ], [ -98.66965049217383, 20.461760248819559 ], [ -98.669437301783475, 20.461544296895447 ], [ -98.669163100989266, 20.461313855342112 ], [ -98.668865824232711, 20.461169590306532 ], [ -98.668560886616859, 20.461039678676013 ], [ -98.668278745223731, 20.460952921821836 ], [ -98.66801186942628, 20.460866193948021 ], [ -98.667714531105275, 20.460750667587671 ], [ -98.667310342519102, 20.460649301356046 ], [ -98.667005237037642, 20.460598425071151 ], [ -98.666891046114102, 20.460476061288798 ], [ -98.666662004100559, 20.460439741263954 ], [ -98.66659370501938, 20.460439701814671 ], [ -98.666408749787024, 20.460419992068665 ], [ -98.666197937881918, 20.460477654588924 ], [ -98.665945642212108, 20.460551543933967 ], [ -98.665629315377373, 20.460687719119854 ], [ -98.665210645738583, 20.460751284418038 ], [ -98.664775137997864, 20.460702168304785 ], [ -98.663896233793139, 20.460357064151871 ], [ -98.663478221221936, 20.460139435742068 ], [ -98.663080534953693, 20.459743346696282 ], [ -98.662916394112159, 20.459461725761283 ], [ -98.66277291141347, 20.459151044482994 ], [ -98.662691445642935, 20.458733783107967 ], [ -98.662609641700385, 20.458471721034549 ], [ -98.662353297300285, 20.457976520057503 ], [ -98.662263170760113, 20.457362450780685 ], [ -98.662228047023703, 20.456937865984592 ], [ -98.662255512756857, 20.456742641628981 ], [ -98.662364018844841, 20.456581536897005 ], [ -98.662320443660647, 20.456152528780049 ], [ -98.662256432816591, 20.45576545276527 ], [ -98.661998030772196, 20.455296536141709 ], [ -98.661588301548477, 20.454827325041581 ], [ -98.66130837496587, 20.454317632334554 ], [ -98.660877298866296, 20.453726184390327 ], [ -98.660597332157167, 20.453236857163358 ], [ -98.660339880393209, 20.452340256651791 ], [ -98.660038700927515, 20.451667594744613 ], [ -98.659448030751975, 20.450884120132443 ], [ -98.659314654125552, 20.450291746808134 ], [ -98.659165907865543, 20.449882615509235 ], [ -98.6590921429773, 20.449403143215289 ], [ -98.658611207191242, 20.448724596427969 ], [ -98.658044414632315, 20.448143707186823 ], [ -98.65777287748449, 20.447842135870253 ], [ -98.657548360423561, 20.447685599314006 ], [ -98.657347242155609, 20.447651756394368 ], [ -98.657039363093503, 20.447729196441792 ], [ -98.656790855006889, 20.447717556166705 ], [ -98.656649084631042, 20.447605780910017 ], [ -98.656555123870163, 20.44728225795788 ], [ -98.656579858412442, 20.44680287616368 ], [ -98.656616304296762, 20.446379265581268 ], [ -98.65675975775018, 20.445732875194924 ], [ -98.656907619563142, 20.445216604701709 ], [ -98.657010152568645, 20.444738818965327 ], [ -98.657025132667926, 20.44452033962461 ], [ -98.657199962804356, 20.444124637156541 ], [ -98.657432531257996, 20.443838302041609 ], [ -98.657491030137479, 20.443606252012806 ], [ -98.658171067079763, 20.442377798834556 ], [ -98.658328717757541, 20.442055512671729 ], [ -98.658500161548503, 20.441948318737939 ], [ -98.658842540948896, 20.441962429914412 ], [ -98.660065925706107, 20.441549212150964 ], [ -98.660186887940583, 20.441541851116568 ], [ -98.660428826779125, 20.441519534491714 ], [ -98.66054180815155, 20.441474177460574 ], [ -98.660582321822133, 20.441383100846018 ], [ -98.660606861410386, 20.441223623514169 ], [ -98.660623354661851, 20.441056534652041 ], [ -98.660784797072026, 20.440973290424566 ], [ -98.661002612303861, 20.440920540433652 ], [ -98.661075512615326, 20.440768753915457 ], [ -98.661156457076871, 20.440624580668786 ], [ -98.661368849335588, 20.44050622290672 ], [ -98.661431964343336, 20.439949889373871 ], [ -98.66116347958851, 20.439474630363538 ], [ -98.661385166433433, 20.438825315991778 ], [ -98.661913061890687, 20.438210943966929 ], [ -98.662302775057498, 20.437778373594124 ], [ -98.662364579237462, 20.437929508946354 ], [ -98.662499297734712, 20.438029658993312 ], [ -98.662639062244821, 20.438025390104649 ], [ -98.662899069264824, 20.438130322139003 ], [ -98.663072172095355, 20.43830773282118 ], [ -98.66321643964551, 20.438448762340386 ], [ -98.663389771076638, 20.438521744310481 ], [ -98.663582529351203, 20.43852665776641 ], [ -98.663760847626946, 20.438522462316374 ], [ -98.663876408909246, 20.438568087485208 ], [ -98.663996701062331, 20.438654588547273 ], [ -98.664014088999906, 20.438724638070656 ], [ -98.663965550319716, 20.438989223714358 ], [ -98.663930980592582, 20.439131180297814 ], [ -98.663800723505915, 20.439163206889859 ], [ -98.663595078565507, 20.439201542877051 ], [ -98.66353311383314, 20.439336991297132 ], [ -98.663560212712682, 20.439479066642491 ], [ -98.663642213092388, 20.439582515405512 ], [ -98.663813387738927, 20.439640946283294 ], [ -98.663970970803717, 20.439647705818668 ], [ -98.664066856623052, 20.439667258203638 ], [ -98.664135209700902, 20.43974485696139 ], [ -98.664318808069225, 20.439970785358025 ], [ -98.664464987816913, 20.440203235520276 ], [ -98.664570405959182, 20.440291882941573 ], [ -98.664687668494352, 20.440330804774966 ], [ -98.664910553039675, 20.440364400342851 ], [ -98.665051214091633, 20.440436533602782 ], [ -98.665086032960616, 20.4406134906034 ], [ -98.665173400185907, 20.440893690863451 ], [ -98.665192355679679, 20.44122742768662 ], [ -98.665358993544672, 20.44151510237603 ], [ -98.665682490715412, 20.442062623682698 ], [ -98.665898326925841, 20.442350391071159 ], [ -98.666073395862327, 20.442483742089237 ], [ -98.666212853906686, 20.44262942072886 ], [ -98.666376767543056, 20.442807395965421 ], [ -98.666728218733766, 20.442886389055303 ], [ -98.666889594382354, 20.443167319469808 ], [ -98.667139107750671, 20.443624486099235 ], [ -98.667402026487636, 20.444319007688865 ], [ -98.667435379229715, 20.444412107134504 ], [ -98.667671840610581, 20.44462576255291 ], [ -98.667922512328701, 20.44472892869571 ], [ -98.668173664530073, 20.444782010740198 ], [ -98.668687587565771, 20.4450183743126 ], [ -98.669086482524605, 20.445053455552273 ], [ -98.66964577920929, 20.444798383503393 ], [ -98.670414490258068, 20.444821165731465 ], [ -98.671019238376601, 20.444950762747698 ], [ -98.672345109235323, 20.445107629465269 ], [ -98.673169523394407, 20.445373006570627 ], [ -98.673522434541326, 20.445594796344942 ], [ -98.673914494403576, 20.445649612680114 ], [ -98.675029408683244, 20.445448911020829 ], [ -98.676330181002214, 20.44517179478882 ], [ -98.677149168846569, 20.444752031206541 ], [ -98.67893167423172, 20.443717801344174 ], [ -98.679794288258705, 20.44290235550606 ], [ -98.681233301332938, 20.442263221206495 ], [ -98.683077264921209, 20.441216721662521 ], [ -98.683519599632632, 20.440873410955081 ], [ -98.683860126612274, 20.440473896209774 ], [ -98.684037169037481, 20.439538947189693 ], [ -98.683943367722165, 20.438554868333057 ], [ -98.683951115389519, 20.437619213214369 ], [ -98.684042443474922, 20.436950753662046 ], [ -98.68434573409445, 20.436142311912743 ], [ -98.684654334230416, 20.435523886897244 ], [ -98.685005159193977, 20.435006879354855 ], [ -98.685299111942101, 20.434023598150571 ], [ -98.685358177718314, 20.433407536815693 ], [ -98.685401523888487, 20.432735442690451 ], [ -98.687171415431308, 20.432522436861113 ], [ -98.687323143233641, 20.432493949756026 ], [ -98.689408989899022, 20.429702214127296 ], [ -98.690076368437744, 20.430758481230129 ], [ -98.690217737218703, 20.431197428907641 ], [ -98.690255676157804, 20.431624002700527 ], [ -98.690125703188826, 20.431952794057683 ], [ -98.689548310176519, 20.432260038499088 ], [ -98.68931863838877, 20.432652871146139 ], [ -98.689414539261264, 20.433205158190304 ], [ -98.690368510765325, 20.435236655856013 ], [ -98.690471194566655, 20.435791072014506 ], [ -98.691946036687767, 20.438520683259018 ], [ -98.692626277620661, 20.440596480366537 ], [ -98.692870571134847, 20.441130431829187 ], [ -98.693115252681366, 20.441468760348744 ], [ -98.693492791019324, 20.441433855766544 ], [ -98.693456740102761, 20.440580159612292 ], [ -98.693788237294314, 20.439017290035459 ], [ -98.69475470722557, 20.439989891705885 ], [ -98.696000148174861, 20.441921456480024 ], [ -98.697195834896917, 20.443758808277028 ], [ -98.69757957389325, 20.445037066150487 ], [ -98.698467405661106, 20.446478132297727 ], [ -98.700653515134405, 20.446323578070061 ], [ -98.701703384633873, 20.446262294691966 ], [ -98.704544793729994, 20.446541457927545 ], [ -98.70500904872425, 20.446623398844356 ], [ -98.705125149071421, 20.446562302987402 ], [ -98.705112011961887, 20.446641333188289 ], [ -98.705532559375811, 20.446714589819862 ], [ -98.705729674890861, 20.446739723271126 ], [ -98.706022087586263, 20.446777007204631 ], [ -98.706139492850994, 20.446784420497906 ], [ -98.706818656215063, 20.446827304551284 ], [ -98.706855971625558, 20.446824866547701 ], [ -98.706846252207541, 20.446688463899807 ], [ -98.707207498309629, 20.446591091348253 ], [ -98.707688181599465, 20.445464515631091 ], [ -98.710458624026103, 20.447083614165035 ], [ -98.710618877786729, 20.44721657305881 ], [ -98.713815410236933, 20.447390777067362 ], [ -98.716161743373064, 20.447751692125156 ], [ -98.716207663948978, 20.447772985037506 ], [ -98.716309394204345, 20.447589261182703 ], [ -98.717296333825402, 20.448092628984796 ], [ -98.721327930420756, 20.450355597463481 ], [ -98.722090238675378, 20.451642050797158 ], [ -98.722370921504961, 20.450841829059364 ], [ -98.722508567267738, 20.449861372872192 ], [ -98.72294867950194, 20.4493372786253 ], [ -98.723533945262062, 20.448975394164158 ], [ -98.724180443704014, 20.448605128800775 ], [ -98.724930700341034, 20.44831825058094 ], [ -98.725435258099694, 20.448168613527091 ], [ -98.72589880460886, 20.44793969029292 ], [ -98.726346455508633, 20.447709028510562 ], [ -98.726741444069006, 20.447503080378997 ], [ -98.727020797917305, 20.447417883436529 ], [ -98.727469827664407, 20.447206757042473 ], [ -98.727899876271707, 20.446956929162443 ], [ -98.72796562270068, 20.446946494202354 ], [ -98.728985421187431, 20.447517111809624 ], [ -98.730370101098273, 20.446955689630336 ], [ -98.731034608910591, 20.446453055142221 ], [ -98.732380621718164, 20.44590476909061 ], [ -98.732432853192392, 20.445883092844412 ], [ -98.733220499133296, 20.445578777409551 ], [ -98.73598066128325, 20.444472785647051 ], [ -98.737241809220947, 20.44398257897431 ], [ -98.739017095227041, 20.443342108516802 ], [ -98.74082494851541, 20.442689844518441 ], [ -98.743319487710949, 20.441925052636336 ], [ -98.74658737029651, 20.440982989698185 ], [ -98.747315416795232, 20.440919341845614 ], [ -98.772746729312374, 20.436596281327081 ], [ -98.773167567935246, 20.420487763458159 ], [ -98.773797302575218, 20.410912604088999 ], [ -98.785046532268879, 20.414477699959495 ], [ -98.785468263815531, 20.414397062280418 ], [ -98.786084070391425, 20.414055265776831 ], [ -98.786709959612637, 20.413649181364693 ], [ -98.787157878135488, 20.4135296025751 ], [ -98.787453824100282, 20.413457955190037 ], [ -98.787547924473458, 20.413207713956023 ], [ -98.787782376760674, 20.41316381984565 ], [ -98.788204398758893, 20.413075973096575 ], [ -98.788564058122688, 20.412884961007805 ], [ -98.789095582868939, 20.41270888603945 ], [ -98.789439676617206, 20.412473674188313 ], [ -98.789627543530543, 20.412208816648608 ], [ -98.790143577414995, 20.411929629527727 ], [ -98.790518839500237, 20.4117533616499 ], [ -98.790925727573764, 20.411297321197523 ], [ -98.791408907685607, 20.410923554000156 ], [ -98.791654074525241, 20.41068386508978 ], [ -98.79173153572313, 20.410495383753524 ], [ -98.791736477799944, 20.410287136468568 ], [ -98.791752806287164, 20.409921167255565 ], [ -98.791695010174365, 20.409373227326697 ], [ -98.791899359590928, 20.409025336898765 ], [ -98.791990646060043, 20.408925068667127 ], [ -98.79202352389899, 20.408825201262772 ], [ -98.792126752487718, 20.408659322310935 ], [ -98.792404008020668, 20.408543050672723 ], [ -98.792611958522386, 20.408454061192106 ], [ -98.792594386892219, 20.408230965639348 ], [ -98.792583538248024, 20.408043987361545 ], [ -98.792655566043905, 20.407901829360199 ], [ -98.792654975943819, 20.407640384382404 ], [ -98.792598080472629, 20.407466807220953 ], [ -98.792548891026001, 20.407293349025057 ], [ -98.792438311624451, 20.407133011778608 ], [ -98.79232858756491, 20.406936717072419 ], [ -98.792322078859229, 20.406762219610869 ], [ -98.792489528152998, 20.406571285928038 ], [ -98.792521708367246, 20.40614829463204 ], [ -98.792373351449669, 20.405991658174734 ], [ -98.792180604067212, 20.405874997180408 ], [ -98.79218351592101, 20.405752277798076 ], [ -98.792270437779109, 20.405293542550837 ], [ -98.792383627243268, 20.40510146489126 ], [ -98.793158392867781, 20.405023105271944 ], [ -98.793630557837091, 20.404807911752471 ], [ -98.793726128837633, 20.404441453928055 ], [ -98.793992037968962, 20.404221911279343 ], [ -98.794398862986654, 20.404015566674335 ], [ -98.794904088549075, 20.403780565980476 ], [ -98.795160127235278, 20.403519856403896 ], [ -98.795689001221163, 20.403551351162339 ], [ -98.795962254168401, 20.403708781031554 ], [ -98.796473950103703, 20.403658147609132 ], [ -98.796970996405548, 20.403310415868919 ], [ -98.797075526055295, 20.402900180314653 ], [ -98.797613098575667, 20.402431457799757 ], [ -98.797929201618786, 20.401926361002683 ], [ -98.798525480071703, 20.40135437665613 ], [ -98.798997492319913, 20.401028905663129 ], [ -98.799081815045611, 20.400082874271536 ], [ -98.799182562671419, 20.399666697341551 ], [ -98.800715171541086, 20.397879704901889 ], [ -98.802691181998881, 20.394607478863392 ], [ -98.803544269524522, 20.393667197335525 ], [ -98.80393592387685, 20.393524522283325 ], [ -98.80445634538988, 20.393356024128668 ], [ -98.804958878406779, 20.393153691549031 ], [ -98.805371797477136, 20.392883618897773 ], [ -98.805408097581775, 20.39254549314953 ], [ -98.805394437367198, 20.392427711689226 ], [ -98.805354983818361, 20.392088731359056 ], [ -98.805512987185807, 20.391663769249472 ], [ -98.806000750815386, 20.391441973117939 ], [ -98.80644153730978, 20.391057082544432 ], [ -98.806756373456281, 20.390790629088226 ], [ -98.806772360418719, 20.390583130531187 ], [ -98.806945686990716, 20.39030169573839 ], [ -98.807244908168514, 20.389946289988753 ], [ -98.807591025887646, 20.389813272198534 ], [ -98.807921325209364, 20.389754343999883 ], [ -98.808094523127892, 20.389576664626862 ], [ -98.808267807690399, 20.389324874790073 ], [ -98.808582509457366, 20.389162174396919 ], [ -98.808818568433878, 20.389014206886461 ], [ -98.809023234170212, 20.388821742968535 ], [ -98.809652615963884, 20.388511158080998 ], [ -98.809896883344223, 20.388468099907289 ], [ -98.810119066771648, 20.388607309357937 ], [ -98.810383231813205, 20.388556199256726 ], [ -98.810698678008777, 20.388562814901849 ], [ -98.811096541027894, 20.388578256892664 ], [ -98.811352044409148, 20.38842962297015 ], [ -98.811614384035764, 20.388301760772752 ], [ -98.811923875094067, 20.388326724428346 ], [ -98.812245054522037, 20.388483569634005 ], [ -98.812442650288475, 20.388707211884878 ], [ -98.812684292417657, 20.388974232006603 ], [ -98.812932338739699, 20.388972376952935 ], [ -98.813044117888225, 20.389010120925736 ], [ -98.813194500173182, 20.389006173428509 ], [ -98.813358174588899, 20.389200068093199 ], [ -98.813368490213833, 20.389429751883767 ], [ -98.813610688530275, 20.389596558996725 ], [ -98.813857170199071, 20.389658372049183 ], [ -98.814032079018276, 20.389569985868519 ], [ -98.814178123787116, 20.38943144288584 ], [ -98.814319997934234, 20.389469816355984 ], [ -98.814605185061509, 20.389482886998408 ], [ -98.814823303197016, 20.389473304985312 ], [ -98.815018734087658, 20.389470299166753 ], [ -98.815657193093628, 20.389507918790834 ], [ -98.815612809296539, 20.389707753433314 ], [ -98.815434481269989, 20.390330185866773 ], [ -98.816399663864672, 20.39216828369587 ], [ -98.816573297946675, 20.393042562818469 ], [ -98.816884209315646, 20.393777303580773 ], [ -98.816533073457308, 20.394107406945718 ], [ -98.815636737340611, 20.394106457161886 ], [ -98.814623164738876, 20.394362409030663 ], [ -98.814271670465104, 20.394986286333143 ], [ -98.814387761727517, 20.395684079819627 ], [ -98.815205504149233, 20.396235751108176 ], [ -98.815867336516433, 20.396823956932757 ], [ -98.815555209686039, 20.397117385940565 ], [ -98.814152430218641, 20.3969322974961 ], [ -98.813567491985836, 20.397225441045958 ], [ -98.813683619502768, 20.397886518304919 ], [ -98.813732749918742, 20.398891692595402 ], [ -98.814512267970443, 20.399259953106029 ], [ -98.815268602740787, 20.400045673873596 ], [ -98.815292019766488, 20.400849472318779 ], [ -98.815315709309345, 20.40142361116694 ], [ -98.81536844465343, 20.402022269336754 ], [ -98.815660436219062, 20.402435938228219 ], [ -98.81634306285666, 20.402321839257507 ], [ -98.816782609216503, 20.401633360907049 ], [ -98.8171976169358, 20.401082635712669 ], [ -98.817904780525652, 20.400807799546151 ], [ -98.818074859727304, 20.401267269435216 ], [ -98.817561015163264, 20.402881622673007 ], [ -98.81741405755416, 20.403478542178519 ], [ -98.81777905117869, 20.404030088676134 ], [ -98.818826901353333, 20.404237862556311 ], [ -98.819728790085023, 20.40421583187204 ], [ -98.819752559520964, 20.404744046891928 ], [ -98.819362300401522, 20.405346567077878 ], [ -98.81921519411955, 20.406081300757943 ], [ -98.819386615786783, 20.407122562647839 ], [ -98.819873226964503, 20.407880898676858 ], [ -98.820969557522787, 20.408364293831845 ], [ -98.821578717953273, 20.408548628576121 ], [ -98.8222145456525, 20.409016023196855 ], [ -98.824355332676831, 20.412761445240989 ], [ -98.824672070685367, 20.412899559525211 ], [ -98.825792987433886, 20.413222188549415 ], [ -98.82642606064536, 20.413865839607102 ], [ -98.826576985385017, 20.413977653209315 ], [ -98.826736113666726, 20.414006925112979 ], [ -98.826820078847064, 20.414010084612794 ], [ -98.826985869566684, 20.414041235055418 ], [ -98.827250873851497, 20.414019071150662 ], [ -98.827535891573035, 20.413978864796217 ], [ -98.827723215308353, 20.413927388026149 ], [ -98.827931636704619, 20.413811738542648 ], [ -98.828062381287751, 20.413666778949331 ], [ -98.828155692552372, 20.413447193800319 ], [ -98.828209842608288, 20.413226793840703 ], [ -98.828280975450014, 20.413117511675662 ], [ -98.828371472122996, 20.413017863864905 ], [ -98.828479206899161, 20.41296784887502 ], [ -98.828564615047597, 20.412915543217707 ], [ -98.828676625991093, 20.412871007216744 ], [ -98.828765857710238, 20.412818782988069 ], [ -98.828828486381937, 20.41275879447905 ], [ -98.828845812251473, 20.41267261880521 ], [ -98.828825233003087, 20.412571231865044 ], [ -98.828785106626725, 20.412487465001291 ], [ -98.828710647323291, 20.412399377513069 ], [ -98.828554929502104, 20.412239067271436 ], [ -98.828197999834728, 20.411950096845001 ], [ -98.82805795817788, 20.411828853228652 ], [ -98.827918299531632, 20.411691297029869 ], [ -98.827830479179454, 20.411558900130611 ], [ -98.827772380199804, 20.411451605540879 ], [ -98.827737161614451, 20.411291746693404 ], [ -98.827723200410077, 20.41114865164845 ], [ -98.827725975572591, 20.411030386335845 ], [ -98.82774933621252, 20.410957431573628 ], [ -98.827789528854424, 20.410905228405873 ], [ -98.827833574475335, 20.41087350613261 ], [ -98.827890501481249, 20.410846132600973 ], [ -98.827972889299886, 20.410821053417987 ], [ -98.828165291114516, 20.410765045169317 ], [ -98.828347786859084, 20.410713443599995 ], [ -98.828495031361356, 20.410702664387962 ], [ -98.828558260461008, 20.410722451209633 ], [ -98.82864043164102, 20.410770335601075 ], [ -98.828668622505674, 20.410821709759784 ], [ -98.828706069849176, 20.410896362453062 ], [ -98.828758857612215, 20.410943632328951 ], [ -98.828826332375144, 20.410991210211673 ], [ -98.828919165593746, 20.411002381694122 ], [ -98.829027230995919, 20.410990781504466 ], [ -98.829165433760451, 20.410947493377847 ], [ -98.829299502912079, 20.410871799204291 ], [ -98.829434107301012, 20.410773030539954 ], [ -98.829583839064952, 20.410656108657488 ], [ -98.829634217300281, 20.410597136348095 ], [ -98.829757189483161, 20.410576615779494 ], [ -98.829854701116133, 20.410597116602077 ], [ -98.82993208207354, 20.410640281522848 ], [ -98.830013710708542, 20.410711239386405 ], [ -98.830068563193393, 20.410753932902715 ], [ -98.83013387578832, 20.410788279614618 ], [ -98.830242038907187, 20.410819854638493 ], [ -98.830374126324955, 20.410826271902788 ], [ -98.830611860075479, 20.410805571388558 ], [ -98.830849855241823, 20.410773880162797 ], [ -98.830982629631023, 20.410750990319411 ], [ -98.831180892385277, 20.410755120964005 ], [ -98.831281619122564, 20.410771878056881 ], [ -98.831404732043808, 20.4108294199292 ], [ -98.831488797870534, 20.410893475800084 ], [ -98.831542102100727, 20.410942232197012 ], [ -98.831603875262402, 20.410961844095478 ], [ -98.831673848203778, 20.410963301666886 ], [ -98.83175211447508, 20.410942940376785 ], [ -98.831838410617962, 20.410911754143278 ], [ -98.831893695243878, 20.410876255459648 ], [ -98.831929969379587, 20.410822035694022 ], [ -98.831958982290388, 20.410745674923898 ], [ -98.831992313517546, 20.410651077182358 ], [ -98.832050514719413, 20.410491028168192 ], [ -98.832069498944946, 20.410344822798066 ], [ -98.832066079814652, 20.410109781835807 ], [ -98.832024013529889, 20.409797025396955 ], [ -98.832042857512263, 20.409625186386094 ], [ -98.832069401222071, 20.409546608111441 ], [ -98.832134565324537, 20.409506070352574 ], [ -98.832238577426025, 20.409494271027299 ], [ -98.832352462164991, 20.409482677239374 ], [ -98.832451863914272, 20.40945681978771 ], [ -98.832547093418086, 20.409398287186743 ], [ -98.832723715482288, 20.409239044166981 ], [ -98.832921325092954, 20.409030451329492 ], [ -98.833213911981687, 20.408709959480532 ], [ -98.833387074421992, 20.408476530776323 ], [ -98.833515535677719, 20.408242169511777 ], [ -98.833627486895594, 20.407996929534612 ], [ -98.833765646090143, 20.407825979786928 ], [ -98.834076492754875, 20.407655485985103 ], [ -98.834357117980517, 20.407581544657788 ], [ -98.834715958845734, 20.407570239671468 ], [ -98.835084095960084, 20.407587287000709 ], [ -98.835451133223245, 20.407651241607883 ], [ -98.835861547951964, 20.407777106823051 ], [ -98.836231262326791, 20.407939668821914 ], [ -98.836737354819491, 20.408151445844457 ], [ -98.837005026857412, 20.408272441601337 ], [ -98.837151167930088, 20.408352432767181 ], [ -98.837379151700418, 20.408424506786961 ], [ -98.837592733106888, 20.408457804031912 ], [ -98.837720152665611, 20.408465262642061 ], [ -98.837822969964648, 20.408433734494661 ], [ -98.837916706290542, 20.408353921720586 ], [ -98.838063142124554, 20.408203061717714 ], [ -98.838193934370693, 20.408066302772735 ], [ -98.838291871527531, 20.408025054092114 ], [ -98.838378705900567, 20.408022049712425 ], [ -98.83844502110415, 20.408023428164036 ], [ -98.838561568177127, 20.408059518253669 ], [ -98.83877525982237, 20.408088004917655 ], [ -98.838949492541403, 20.408057960308451 ], [ -98.839083248903151, 20.408012644336143 ], [ -98.839263709946479, 20.407934633065768 ], [ -98.839341238025568, 20.407892959605061 ], [ -98.839443041158034, 20.407904693852043 ], [ -98.83950868396532, 20.407934914224104 ], [ -98.83960275744387, 20.407966726745979 ], [ -98.839751955927582, 20.408007924590216 ], [ -98.839925136355575, 20.408011522756091 ], [ -98.840081124125717, 20.408009322814266 ], [ -98.840168096788503, 20.407994800241354 ], [ -98.840267755659809, 20.407931561923604 ], [ -98.84038536988497, 20.40784148383792 ], [ -98.84049219897787, 20.407718526395726 ], [ -98.840639566366178, 20.407590970227414 ], [ -98.840734090304991, 20.407500412280708 ], [ -98.840851322487978, 20.407426653560222 ], [ -98.84098459925508, 20.407407653374896 ], [ -98.841042403433718, 20.407417005036841 ], [ -98.841130986598273, 20.40744232573045 ], [ -98.841207918426321, 20.407447381299658 ], [ -98.841322010956077, 20.407432463421429 ], [ -98.841436505276647, 20.407400264674205 ], [ -98.841514084940201, 20.407377672752219 ], [ -98.841669323008261, 20.407329032602131 ], [ -98.841843545835388, 20.407253127525195 ], [ -98.842106993285213, 20.407127211041377 ], [ -98.842463736225483, 20.406934078106229 ], [ -98.842779734581868, 20.406757387738583 ], [ -98.842980516440903, 20.406643998493802 ], [ -98.843128657698941, 20.406584837954384 ], [ -98.843257418579142, 20.406570221289353 ], [ -98.843385695246354, 20.406576341399717 ], [ -98.843454887642977, 20.406598522511057 ], [ -98.843553337091336, 20.406646560479526 ], [ -98.843638476526749, 20.406734404612873 ], [ -98.843722522428067, 20.406869175115776 ], [ -98.843788963851608, 20.407046619830538 ], [ -98.843850979106804, 20.407235708611992 ], [ -98.843910304622881, 20.407362143351836 ], [ -98.843954675131371, 20.40741783953732 ], [ -98.844028554284051, 20.407454583902112 ], [ -98.844140328677113, 20.407468640858575 ], [ -98.844290002154949, 20.407460008588927 ], [ -98.844398719417569, 20.407427052801953 ], [ -98.844507621178224, 20.407386272587445 ], [ -98.844586654980361, 20.407380089493387 ], [ -98.844665048046835, 20.407401276273234 ], [ -98.844776090344013, 20.407446619406752 ], [ -98.844854300913383, 20.40747562866845 ], [ -98.844937848641322, 20.407477298268571 ], [ -98.845012674257347, 20.407492133810088 ], [ -98.845068510038942, 20.407515426792582 ], [ -98.84512821643726, 20.407574221873471 ], [ -98.845169038112857, 20.407637053637313 ], [ -98.845261513259729, 20.407700956764305 ], [ -98.845425255319924, 20.407730917924969 ], [ -98.845571143360701, 20.40772066019743 ], [ -98.845703564250002, 20.407683559842312 ], [ -98.845830770108151, 20.407668487831746 ], [ -98.845952248602643, 20.407697571971337 ], [ -98.846021863411053, 20.407734433749578 ], [ -98.846111087558256, 20.407736283906427 ], [ -98.84621837827315, 20.407769500232938 ], [ -98.846311060472118, 20.407824552004801 ], [ -98.846407715059456, 20.407910677696233 ], [ -98.846470671929779, 20.40803152469207 ], [ -98.846510253768415, 20.408147458626239 ], [ -98.846535229016126, 20.40828522815098 ], [ -98.846537242026116, 20.40840038318499 ], [ -98.846534454989708, 20.408519865309142 ], [ -98.846555974109208, 20.408604433150938 ], [ -98.84660097366428, 20.408689487802924 ], [ -98.846651291387815, 20.408748087668435 ], [ -98.846720906885352, 20.408784950971967 ], [ -98.846794458368464, 20.408830279166573 ], [ -98.846840553283414, 20.408884798419869 ], [ -98.846871511452122, 20.408979178884568 ], [ -98.84691709185698, 20.409056009126008 ], [ -98.846972553485941, 20.409115187218628 ], [ -98.847065581773919, 20.409188538120876 ], [ -98.847144508304538, 20.409257128331003 ], [ -98.847171565764711, 20.409315717571545 ], [ -98.847192739435556, 20.40942328927428 ], [ -98.847200443207669, 20.409499332510951 ], [ -98.84717879844716, 20.409614940625612 ], [ -98.847156631401091, 20.409752859607327 ], [ -98.84714497752573, 20.409846356781379 ], [ -98.847152885553513, 20.40991347669442 ], [ -98.847194147274081, 20.409972362207903 ], [ -98.847254865033918, 20.410009329307577 ], [ -98.84734882860451, 20.410042524410912 ], [ -98.84749003802952, 20.410081161585282 ], [ -98.847632183888948, 20.410079642986297 ], [ -98.847750964984016, 20.410064249556328 ], [ -98.847841861673217, 20.410025960099507 ], [ -98.8479434735128, 20.409934327130369 ], [ -98.848035512416246, 20.409846958610569 ], [ -98.848118912609522, 20.409723702508586 ], [ -98.848178229521011, 20.409617798864318 ], [ -98.848223440401483, 20.409507141839018 ], [ -98.848291699994945, 20.409423745154402 ], [ -98.848387955513203, 20.409358783702164 ], [ -98.848475362384875, 20.409266856110474 ], [ -98.848534257020873, 20.409178798786058 ], [ -98.848635143600944, 20.409118396032664 ], [ -98.84882978340508, 20.409100112420333 ], [ -98.849042530736142, 20.409117910365946 ], [ -98.849212249934226, 20.409152671840019 ], [ -98.849461416698574, 20.409233718489574 ], [ -98.849631347937063, 20.409259556307887 ], [ -98.849730046911844, 20.409292848000071 ], [ -98.849753198039977, 20.40931564553787 ], [ -98.84978951555442, 20.409383353661077 ], [ -98.849826248961364, 20.409433215233395 ], [ -98.849872870823773, 20.409465428251224 ], [ -98.849924408562174, 20.409503784284624 ], [ -98.849982562360253, 20.409590028353936 ], [ -98.850036213350691, 20.409708068814329 ], [ -98.850063640801466, 20.409822026725646 ], [ -98.850072194391998, 20.409939135056973 ], [ -98.850051339956892, 20.410027285986587 ], [ -98.850019868822756, 20.410086872289927 ], [ -98.849946146737736, 20.41018456124835 ], [ -98.849910176436964, 20.410275944035643 ], [ -98.849897826833441, 20.410321750330006 ], [ -98.849896753999019, 20.410367791987476 ], [ -98.849884651899103, 20.410402975936037 ], [ -98.849838560045029, 20.410444542123521 ], [ -98.849796395397476, 20.410479101628987 ], [ -98.849783550518467, 20.410546159873299 ], [ -98.849785740772234, 20.410613529516965 ], [ -98.849790865994592, 20.410716392736042 ], [ -98.849811187590007, 20.410812484501619 ], [ -98.849794171720205, 20.410897173682809 ], [ -98.849759274055941, 20.410942512994485 ], [ -98.849690797092364, 20.41097653115159 ], [ -98.849610715078711, 20.411024479491036 ], [ -98.849575400790528, 20.411087527443858 ], [ -98.849573750100689, 20.411158360665507 ], [ -98.849613277783959, 20.411237134805461 ], [ -98.849660569825872, 20.411305436829153 ], [ -98.84972690300286, 20.411363505729359 ], [ -98.849789806118437, 20.411407329351057 ], [ -98.849848540263494, 20.411468782101792 ], [ -98.849869767859403, 20.411525916770877 ], [ -98.849916564972744, 20.411615468888499 ], [ -98.849975792450266, 20.411655673215684 ], [ -98.850035597620263, 20.411671085970969 ], [ -98.850126131608747, 20.411658786636895 ], [ -98.850213649851796, 20.411614536902277 ], [ -98.850351427242586, 20.41151108791826 ], [ -98.850486441960186, 20.411365062618533 ], [ -98.85061917940088, 20.411155207048001 ], [ -98.850824233793276, 20.410907874628375 ], [ -98.850923702089446, 20.410793869929861 ], [ -98.850972464380462, 20.410740503016655 ], [ -98.851037671539601, 20.410709868991177 ], [ -98.851081704355494, 20.410713977182034 ], [ -98.851111865856765, 20.410730595426536 ], [ -98.851145273230372, 20.410753677666076 ], [ -98.851185388039752, 20.410780097157858 ], [ -98.851326689364683, 20.41083419855628 ], [ -98.851451328123389, 20.410875161296929 ], [ -98.851607092624974, 20.410891180998263 ], [ -98.851709325437412, 20.410874104873187 ], [ -98.851790450733219, 20.410888577633038 ], [ -98.851836908578946, 20.410934320467476 ], [ -98.85185267984005, 20.410985823144877 ], [ -98.851854704213736, 20.411021274242934 ], [ -98.851841733683813, 20.411079391596459 ], [ -98.851812770101063, 20.41115907510763 ], [ -98.851787253607071, 20.411257075196183 ], [ -98.851785469917047, 20.411333669331857 ], [ -98.851807503906713, 20.411385214575056 ], [ -98.851864969138845, 20.411411949469059 ], [ -98.851965352554885, 20.411424973889577 ], [ -98.852170585747345, 20.411425571278023 ], [ -98.852306058717957, 20.411428374886061 ], [ -98.852413842226071, 20.411456150875072 ], [ -98.852508995176066, 20.411527454339176 ], [ -98.852631586760126, 20.41158472860695 ], [ -98.852781524346312, 20.41163162182831 ], [ -98.852873062474217, 20.41169190168171 ], [ -98.853137128148646, 20.411980127297671 ], [ -98.853267270163087, 20.412200075410617 ], [ -98.853358543399267, 20.412372872409549 ], [ -98.853425911437256, 20.412516205965556 ], [ -98.853514852746699, 20.412657090343359 ], [ -98.853558111462945, 20.412779647998061 ], [ -98.853625583815273, 20.413064698660971 ], [ -98.8536918444631, 20.413207022344587 ], [ -98.853759096568282, 20.41330675132367 ], [ -98.853864214974294, 20.413423652855535 ], [ -98.853990805062494, 20.413514776197463 ], [ -98.854097444865559, 20.413566149845984 ], [ -98.85424687714945, 20.41357251862954 ], [ -98.854323785200819, 20.413559573931931 ], [ -98.854493660105717, 20.413498035790095 ], [ -98.854638151062929, 20.413459390049269 ], [ -98.854809333556773, 20.4134603300927 ], [ -98.85489171378417, 20.413480247923236 ], [ -98.855123896738377, 20.413589130230829 ], [ -98.855360932884139, 20.413726736729132 ], [ -98.855559815507092, 20.413842734542474 ], [ -98.855631154655725, 20.413902174328193 ], [ -98.855811726937887, 20.414130635620257 ], [ -98.85595854521533, 20.41430221914996 ], [ -98.856040295199648, 20.414406359595386 ], [ -98.856105440784617, 20.414470495077293 ], [ -98.856171506253446, 20.414494995073994 ], [ -98.856269740434428, 20.414493721780808 ], [ -98.856371938139759, 20.414472699476473 ], [ -98.856446783220704, 20.414421370055653 ], [ -98.85650860299566, 20.414326806061514 ], [ -98.856570810521006, 20.414215728279999 ], [ -98.856579818536545, 20.414129987375595 ], [ -98.856577613659496, 20.414062270894132 ], [ -98.856806540450179, 20.413688072994862 ], [ -98.85722140800506, 20.413714460795099 ], [ -98.857251805493092, 20.413737377929351 ], [ -98.857282589630614, 20.413771062973719 ], [ -98.857326472281628, 20.413844674900709 ], [ -98.857356331137225, 20.413917998888135 ], [ -98.857452231606786, 20.414167845052628 ], [ -98.857509831196722, 20.414254958493306 ], [ -98.857563692055777, 20.414351912826547 ], [ -98.85769225928945, 20.414549029614165 ], [ -98.857810522349098, 20.414667887191396 ], [ -98.857877681276179, 20.414707288981212 ], [ -98.8579655518827, 20.414723360006803 ], [ -98.85804362155109, 20.414727347428972 ], [ -98.858101917816867, 20.414714297549299 ], [ -98.858160817379826, 20.41467512313913 ], [ -98.858227664267559, 20.414619484038468 ], [ -98.858312980796541, 20.414528588541735 ], [ -98.858562290010781, 20.414324661970674 ], [ -98.858866046549451, 20.41416462702712 ], [ -98.858996393806038, 20.414088915165784 ], [ -98.859060168605808, 20.414056970857072 ], [ -98.859133582783002, 20.414044230963313 ], [ -98.859226549639303, 20.414058029909899 ], [ -98.859309163789348, 20.414083492500264 ], [ -98.859388078597775, 20.414098715603078 ], [ -98.859487114896808, 20.414103156967943 ], [ -98.859532292437564, 20.414128042412973 ], [ -98.85958503695791, 20.414155480612337 ], [ -98.859645294828681, 20.414187863359992 ], [ -98.859723670590924, 20.414206248167272 ], [ -98.859792047766703, 20.414217242344595 ], [ -98.859862469200323, 20.414249834831704 ], [ -98.859928194300807, 20.414265565457743 ], [ -98.860018829656596, 20.414303364614199 ], [ -98.860157569020501, 20.41434934450924 ], [ -98.860327303215698, 20.414374407917045 ], [ -98.860446110773282, 20.414403207620595 ], [ -98.86057083024464, 20.414396201143891 ], [ -98.860704562275259, 20.414408636327096 ], [ -98.860774015990017, 20.41445076191313 ], [ -98.860830310747772, 20.414497369056697 ], [ -98.860890122375565, 20.414548905332285 ], [ -98.860919612170974, 20.414592631652791 ], [ -98.860936062103988, 20.414650460832057 ], [ -98.860952952191042, 20.414703589472015 ], [ -98.860970267204081, 20.414740076293505 ], [ -98.861001917241026, 20.414767348987983 ], [ -98.86103172997953, 20.414786976883558 ], [ -98.861047205788466, 20.414815818865957 ], [ -98.86104860569381, 20.414842467289862 ], [ -98.861033558894107, 20.414882086985273 ], [ -98.861003954544088, 20.414940420732858 ], [ -98.860985963277571, 20.415019909877774 ], [ -98.86099875946212, 20.415077217377195 ], [ -98.861024272056866, 20.415108165947583 ], [ -98.861046106056492, 20.415123830285314 ], [ -98.86110218359137, 20.415142098916867 ], [ -98.861152033401751, 20.415167845892761 ], [ -98.861213231611188, 20.415226152187355 ], [ -98.861277139542793, 20.415318766196737 ], [ -98.861382788717577, 20.415459150890253 ], [ -98.861485712903203, 20.415632785935266 ], [ -98.861521546670303, 20.415679629218047 ], [ -98.861571150166014, 20.415757692106446 ], [ -98.861685765101754, 20.415903989003116 ], [ -98.861716608088898, 20.415974582199166 ], [ -98.861705811219608, 20.41603994772046 ], [ -98.861684909368662, 20.416085500656749 ], [ -98.861566060968045, 20.416166807690058 ], [ -98.861394858031801, 20.416286708813601 ], [ -98.861256081633471, 20.416420502497438 ], [ -98.861174028578603, 20.416529017562119 ], [ -98.861143928453217, 20.416616564123863 ], [ -98.861146556313727, 20.416704786053916 ], [ -98.861186493676485, 20.416798182738752 ], [ -98.861291794504282, 20.416897338478108 ], [ -98.861415797488917, 20.41699688186236 ], [ -98.861521814697312, 20.417065194708247 ], [ -98.861585335002545, 20.417150264570381 ], [ -98.861601894678046, 20.417243180638927 ], [ -98.861599644216213, 20.417340117089537 ], [ -98.861621078713398, 20.417424318607498 ], [ -98.861645554514809, 20.417579114907607 ], [ -98.861628253062349, 20.41771982564104 ], [ -98.861589210161043, 20.417789552132582 ], [ -98.861503401187932, 20.417858315508621 ], [ -98.861404075577298, 20.417904757541834 ], [ -98.861261849125086, 20.417985582116028 ], [ -98.861141979600106, 20.418110949095958 ], [ -98.861082489000438, 20.418255197723575 ], [ -98.861066922354539, 20.418321001904019 ], [ -98.861078601145593, 20.418422634366163 ], [ -98.86114181679288, 20.418520923661831 ], [ -98.861325996020526, 20.418648156243457 ], [ -98.861530215408052, 20.418718495442931 ], [ -98.861758220606447, 20.418771691170928 ], [ -98.861968957538465, 20.418762815179321 ], [ -98.862110877539649, 20.418695209010078 ], [ -98.862302118586697, 20.418518409872334 ], [ -98.862503118238138, 20.418324183335212 ], [ -98.862700363606649, 20.418090201007914 ], [ -98.862831219848431, 20.417894523758623 ], [ -98.862965219851532, 20.417765038448991 ], [ -98.863112429739687, 20.417671089659734 ], [ -98.863230151917847, 20.4176382513416 ], [ -98.863407844357894, 20.41764191558131 ], [ -98.863599157848256, 20.417663494383007 ], [ -98.86385583153951, 20.417690827198545 ], [ -98.864211415166054, 20.417707762415471 ], [ -98.864479080937329, 20.417695784177251 ], [ -98.86463950578856, 20.417664097152965 ], [ -98.864826969619884, 20.4175874746958 ], [ -98.865003216974955, 20.417514122225981 ], [ -98.865160251681189, 20.417468366520477 ], [ -98.865393941955688, 20.417480181637352 ], [ -98.865578564676653, 20.417525979161486 ], [ -98.865662965811822, 20.417569709529413 ], [ -98.865767936114622, 20.417687352801742 ], [ -98.86590203593957, 20.417830087741596 ], [ -98.866004753888248, 20.417884695847963 ], [ -98.866126599398314, 20.417915200985291 ], [ -98.86629983707094, 20.417947842421988 ], [ -98.866667592999036, 20.418059365872175 ], [ -98.866956645209342, 20.41816679100415 ], [ -98.867065300927266, 20.418238327337463 ], [ -98.867145138418294, 20.418306795504705 ], [ -98.867191647935954, 20.418339926224348 ], [ -98.867236217875401, 20.418343318719248 ], [ -98.867289241681974, 20.418322136151076 ], [ -98.867347570111107, 20.418298588259272 ], [ -98.867442480907499, 20.418283217387671 ], [ -98.867562902290885, 20.418300548248055 ], [ -98.86764599235913, 20.418341857607004 ], [ -98.867697353809646, 20.418392415397413 ], [ -98.867745512769815, 20.418467652756298 ], [ -98.867828935932579, 20.418607965518579 ], [ -98.867890446626731, 20.418683539455234 ], [ -98.867960160842586, 20.418770343395028 ], [ -98.867988452004909, 20.418852734957969 ], [ -98.867981793071408, 20.418977094757729 ], [ -98.867936829717323, 20.419125561981595 ], [ -98.867865536769415, 20.419269931246927 ], [ -98.867837891197766, 20.419322717309022 ], [ -98.867836490761917, 20.419383159044997 ], [ -98.867861500319577, 20.4194441427837 ], [ -98.86800428784592, 20.419635604425491 ], [ -98.868154868838616, 20.419816557162605 ], [ -98.868269775557252, 20.419907847307208 ], [ -98.86834457860374, 20.419937842939902 ], [ -98.86847270361433, 20.419947595963993 ], [ -98.868616330542153, 20.419939881681763 ], [ -98.868775461252454, 20.419914700089194 ], [ -98.869033191653898, 20.419870207557775 ], [ -98.869328238279039, 20.419844267125999 ], [ -98.86955744728597, 20.41986188692179 ], [ -98.869695690227076, 20.419896356848177 ], [ -98.869834667099539, 20.419899216790618 ], [ -98.870003545040362, 20.419852997591978 ], [ -98.870196800561857, 20.419789206839894 ], [ -98.870308904271894, 20.419710195990547 ], [ -98.870411945706181, 20.419608406515358 ], [ -98.870533320436564, 20.419543140071102 ], [ -98.870662607521268, 20.419550317241143 ], [ -98.870755528286949, 20.419597739595506 ], [ -98.87090140066789, 20.419708323666324 ], [ -98.870976156273073, 20.419767242451588 ], [ -98.871064965527964, 20.419876656169144 ], [ -98.871167664581222, 20.420043732927379 ], [ -98.871230755530064, 20.420113166181295 ], [ -98.871336441502663, 20.420151202893852 ], [ -98.871446262190091, 20.420174979773225 ], [ -98.871613810128252, 20.42017125240892 ], [ -98.871801375253284, 20.420124902120296 ], [ -98.872023672902841, 20.420057749547652 ], [ -98.87220792669865, 20.419989816201731 ], [ -98.872388794086589, 20.419903881564004 ], [ -98.872485222231347, 20.419848483229185 ], [ -98.872576935250578, 20.419832437436757 ], [ -98.872664101020703, 20.419848574339493 ], [ -98.872739434117193, 20.419882399370472 ], [ -98.872844788694763, 20.419934771189769 ], [ -98.873030809703792, 20.420001896041157 ], [ -98.873281736982918, 20.420035977780302 ], [ -98.873502918161961, 20.420028956817799 ], [ -98.873632453815702, 20.420002693800477 ], [ -98.873786268177739, 20.419988498738277 ], [ -98.874045339205423, 20.419935973926549 ], [ -98.874321479332153, 20.419941648465016 ], [ -98.874474225903768, 20.419973712540077 ], [ -98.874540658875731, 20.420021357519719 ], [ -98.874607491017613, 20.420051656141478 ], [ -98.874656717145626, 20.4200468803046 ], [ -98.874792655993815, 20.420009178783438 ], [ -98.874896707525934, 20.420022887431898 ], [ -98.874969274858529, 20.420070656437538 ], [ -98.87506732594403, 20.420078458059464 ], [ -98.875215806109551, 20.420029442909296 ], [ -98.875346544286046, 20.419951139557696 ], [ -98.875428457299975, 20.419860262283173 ], [ -98.87549169091433, 20.419780570361471 ], [ -98.875584942219817, 20.419730422225822 ], [ -98.875665255388455, 20.419672033119891 ], [ -98.875720642436221, 20.419595106238134 ], [ -98.875814573840685, 20.419537337840246 ], [ -98.87602033061259, 20.419491051272317 ], [ -98.876318743744633, 20.419442071867881 ], [ -98.876655702961656, 20.419412255643582 ], [ -98.876832127209624, 20.419369957403887 ], [ -98.876940989157617, 20.419298716138101 ], [ -98.877045192604569, 20.419218199372139 ], [ -98.877110637543908, 20.419127699779743 ], [ -98.877190909333478, 20.419028321148158 ], [ -98.877265142401669, 20.418979332724255 ], [ -98.877319043973699, 20.418966660532043 ], [ -98.8773430814216, 20.418980932741867 ], [ -98.877385755993359, 20.419032321192816 ], [ -98.877442301398816, 20.419116139951416 ], [ -98.877528392807505, 20.419186790083749 ], [ -98.877610460210988, 20.419220618470174 ], [ -98.877780527482827, 20.419242477995859 ], [ -98.877877101983145, 20.419281195715818 ], [ -98.878015821320403, 20.419394256576485 ], [ -98.878130081225848, 20.41951140340224 ], [ -98.878248467790229, 20.419660780425044 ], [ -98.878437697921683, 20.419908047972893 ], [ -98.878600350248277, 20.420039966312217 ], [ -98.878754321929534, 20.420125783825039 ], [ -98.878897625596096, 20.420194474061446 ], [ -98.879013998332084, 20.420261679113384 ], [ -98.879165601401439, 20.420292568427556 ], [ -98.879332581735142, 20.420295994217454 ], [ -98.879544186522011, 20.420281814220345 ], [ -98.879707217364938, 20.420243492126414 ], [ -98.879909107220925, 20.420224484348065 ], [ -98.880066481443563, 20.420218452680786 ], [ -98.880184670377304, 20.420206987359535 ], [ -98.880313533346651, 20.420158700595699 ], [ -98.880369478080141, 20.420076513264206 ], [ -98.880401507673625, 20.419966056620467 ], [ -98.88045788336504, 20.419865355260768 ], [ -98.880543612928392, 20.419769887492233 ], [ -98.880617600636214, 20.419757515376435 ], [ -98.880695749705339, 20.419777637194112 ], [ -98.88080379632143, 20.419779852833564 ], [ -98.880907359266729, 20.419763457238655 ], [ -98.881054587249935, 20.419771104110833 ], [ -98.881143413952984, 20.419754408012881 ], [ -98.881242918247537, 20.41970089053995 ], [ -98.881336977895842, 20.419670410396744 ], [ -98.881509186623902, 20.419660051594068 ], [ -98.88162107450367, 20.419708643443656 ], [ -98.881702859309428, 20.419784395109577 ], [ -98.881748553059836, 20.419933487381837 ], [ -98.881779409778062, 20.420086903496372 ], [ -98.881766172395047, 20.420234784098234 ], [ -98.881758270755157, 20.420364258501372 ], [ -98.881780371512122, 20.420471197106089 ], [ -98.881814847412329, 20.420564998877957 ], [ -98.881841752351164, 20.420676663964844 ], [ -98.881908906368082, 20.420747487654804 ], [ -98.881927592743878, 20.420789540781417 ], [ -98.881997951829405, 20.420934505251761 ], [ -98.882040231754914, 20.421018708450099 ], [ -98.882092651658297, 20.4210892300576 ], [ -98.882146144720423, 20.421113475556826 ], [ -98.88221009406395, 20.421110156502053 ], [ -98.882269454693088, 20.421092853943325 ], [ -98.882329030684616, 20.421066296158862 ], [ -98.882417537909348, 20.421063482162449 ], [ -98.882525905783822, 20.421051811904434 ], [ -98.882639395926773, 20.421030988741858 ], [ -98.882707939743838, 20.421041653061515 ], [ -98.882746376449475, 20.421079479216949 ], [ -98.882789937380124, 20.421108152570167 ], [ -98.882853781919849, 20.421109460905903 ], [ -98.882898408118692, 20.421091854345967 ], [ -98.882953608574994, 20.421042059429563 ], [ -98.88304467667227, 20.420928180345278 ], [ -98.883155601261265, 20.42080544847429 ], [ -98.883266209453993, 20.420696597661351 ], [ -98.883391974676229, 20.420569539922511 ], [ -98.883476321408821, 20.420534231434051 ], [ -98.883555218144636, 20.420521958456359 ], [ -98.883659099444273, 20.420491678079379 ], [ -98.883743659456442, 20.42044711239225 ], [ -98.883833553105134, 20.420384134891652 ], [ -98.883962203439026, 20.420345103935144 ], [ -98.884138792263656, 20.420357979072026 ], [ -98.884246195546112, 20.420387959720774 ], [ -98.884313781202366, 20.420440270117393 ], [ -98.884384208503235, 20.420537204190474 ], [ -98.884536253746546, 20.420709377002915 ], [ -98.884689825185774, 20.42081542478131 ], [ -98.884824411476188, 20.420899035786686 ], [ -98.885023917549006, 20.421042777565351 ], [ -98.88513138416522, 20.421118481857548 ], [ -98.885157573179924, 20.421166796582401 ], [ -98.885171643840877, 20.421233237250195 ], [ -98.885172582318077, 20.421361886016108 ], [ -98.885170296960169, 20.421461068048053 ], [ -98.885191486660247, 20.421557057054631 ], [ -98.885225556652642, 20.421601855800848 ], [ -98.885279375835466, 20.42163603410939 ], [ -98.885343099530544, 20.421651284586744 ], [ -98.885420588787014, 20.421659525669817 ], [ -98.885491633451977, 20.421641018804198 ], [ -98.885604875916144, 20.421630026690277 ], [ -98.885682215746812, 20.421644920837164 ], [ -98.885723034483433, 20.421712297337994 ], [ -98.88577551874927, 20.421886376498033 ], [ -98.885832609185982, 20.422167015638625 ], [ -98.885885859813996, 20.422307841906779 ], [ -98.885905352907216, 20.422381436251122 ], [ -98.885889856890515, 20.422441005404696 ], [ -98.885853182349749, 20.422500140986163 ], [ -98.885824182080796, 20.42253281769969 ], [ -98.885829864535822, 20.422592820432175 ], [ -98.885891549945669, 20.422673933020874 ], [ -98.886070477938347, 20.422877218516 ], [ -98.886248791752919, 20.423107107236834 ], [ -98.886331505029219, 20.423195302740382 ], [ -98.886380146224084, 20.423229568814779 ], [ -98.886542496460962, 20.423232891848784 ], [ -98.88663287842391, 20.423294628164403 ], [ -98.886694264074166, 20.423389041410516 ], [ -98.886726184262656, 20.423536083569402 ], [ -98.886776066494448, 20.423823231422144 ], [ -98.886875362253164, 20.424111388786443 ], [ -98.886934140768844, 20.424318867119403 ], [ -98.887021157865277, 20.424526925165122 ], [ -98.887105154196234, 20.424664262208545 ], [ -98.88716492099941, 20.424719618943861 ], [ -98.887246454332995, 20.424765268844702 ], [ -98.887332353931086, 20.424777175170888 ], [ -98.887422310129509, 20.424768867268632 ], [ -98.887522956862071, 20.424764157894547 ], [ -98.887576243827681, 20.424788932477743 ], [ -98.887607610667672, 20.42483017226234 ], [ -98.887646076630602, 20.424874940760805 ], [ -98.887688317677217, 20.424903529509425 ], [ -98.887769671467879, 20.424929906917988 ], [ -98.887831152787015, 20.42496514460791 ], [ -98.887859721424618, 20.425005886246641 ], [ -98.887864638256033, 20.425077036068569 ], [ -98.887845836039119, 20.425181680462664 ], [ -98.887820126569537, 20.42530162777388 ], [ -98.887793277679762, 20.425470979479176 ], [ -98.887794920543428, 20.425542060533733 ], [ -98.887818475561502, 20.425590507911441 ], [ -98.887891512469196, 20.425640940031787 ], [ -98.887972690825208, 20.425660078744592 ], [ -98.888032103240249, 20.425657800057625 ], [ -98.888125288752633, 20.42563873249388 ], [ -98.888244192113703, 20.425630678819545 ], [ -98.888321499026532, 20.425656728237477 ], [ -98.888368741625712, 20.42569964239533 ], [ -98.888412273638878, 20.425742478824688 ], [ -98.888478375934056, 20.425771794922067 ], [ -98.888533518600525, 20.425793898545489 ], [ -98.888566328478674, 20.425819039490126 ], [ -98.888613889124144, 20.425847974460822 ], [ -98.888669512487638, 20.425849112159597 ], [ -98.888751169744594, 20.425847286357474 ], [ -98.888881038618223, 20.42584644835938 ], [ -98.889025575914857, 20.425852898510101 ], [ -98.889139486070192, 20.425900671789794 ], [ -98.889252910064997, 20.425969407121748 ], [ -98.889369962507985, 20.426041712519531 ], [ -98.889431234627395, 20.426119869124868 ], [ -98.889503868508115, 20.42618777017827 ], [ -98.889591659032988, 20.426241999119213 ], [ -98.889702019845572, 20.426282707503731 ], [ -98.88983172841877, 20.426288853683179 ], [ -98.889925155257643, 20.426259303896426 ], [ -98.890019066297, 20.426208790057711 ], [ -98.89010532730785, 20.426148236040472 ], [ -98.890257300941798, 20.426045615329365 ], [ -98.890408303871993, 20.425985265298767 ], [ -98.890599133350321, 20.425982117969788 ], [ -98.890860265239851, 20.426012126685237 ], [ -98.891065159747114, 20.426048031928104 ], [ -98.891273145787622, 20.42611219445217 ], [ -98.89143593751028, 20.426189531240393 ], [ -98.891571675213072, 20.426305078901844 ], [ -98.89167027032633, 20.426409299816878 ], [ -98.891745861477133, 20.426537716412696 ], [ -98.891800327010984, 20.42669945078136 ], [ -98.891916698213606, 20.426886593312997 ], [ -98.891986271783068, 20.426976843220054 ], [ -98.892041994701259, 20.427013514523857 ], [ -98.892096901158311, 20.427085698313256 ], [ -98.892185484100239, 20.42716923212684 ], [ -98.89227841101274, 20.427227980213122 ], [ -98.892367402412788, 20.427293755860887 ], [ -98.892463526333827, 20.427377443574461 ], [ -98.892553093323031, 20.427418356448712 ], [ -98.892617167926844, 20.427419665330827 ], [ -98.892708122807292, 20.427400204658269 ], [ -98.892780882944479, 20.427351945665308 ], [ -98.892843231897061, 20.427264390788142 ], [ -98.892890423598189, 20.427180078492619 ], [ -98.892994152881755, 20.427096920970207 ], [ -98.89310845643692, 20.427045958157215 ], [ -98.893248164986403, 20.42703815312062 ], [ -98.89342138690607, 20.427048795145605 ], [ -98.893556347613654, 20.427083531870956 ], [ -98.893638292483999, 20.427127840633613 ], [ -98.893697457876144, 20.42717879402047 ], [ -98.893795117221131, 20.42727056906066 ], [ -98.893860923827589, 20.427360741189634 ], [ -98.893949589665368, 20.427440721654463 ], [ -98.894046530735892, 20.427488892223689 ], [ -98.894147893092864, 20.427508728199626 ], [ -98.894246139879002, 20.427500073882808 ], [ -98.894307347496351, 20.427462240324338 ], [ -98.894365845564678, 20.427378156592596 ], [ -98.894413034432304, 20.42729384377769 ], [ -98.894453175927268, 20.42718807030079 ], [ -98.894550752548511, 20.427044382541915 ], [ -98.89466201947964, 20.426961375978308 ], [ -98.894761652729628, 20.426892347881981 ], [ -98.894867766001127, 20.42686964136616 ], [ -98.894957900518321, 20.426885695419472 ], [ -98.89503566938221, 20.426947686386765 ], [ -98.895064680328446, 20.426998021913242 ], [ -98.895062559368583, 20.427090359180198 ], [ -98.895053307477951, 20.427164788130334 ], [ -98.89508912495279, 20.427247241387221 ], [ -98.895154769222984, 20.427344517636627 ], [ -98.895239014830537, 20.427452831909619 ], [ -98.895285325862588, 20.427571032120916 ], [ -98.895371219338756, 20.427771762388105 ], [ -98.895439329363683, 20.427925938481916 ], [ -98.89549784523291, 20.428005300918343 ], [ -98.895609620140604, 20.428064433436312 ], [ -98.895721637919507, 20.428112910618683 ], [ -98.895796289932107, 20.428146412823118 ], [ -98.895849143057802, 20.428143939154346 ], [ -98.895944272258959, 20.428106795303538 ], [ -98.896073816242605, 20.428049035008943 ], [ -98.896263177326077, 20.428013813684778 ], [ -98.896453029471161, 20.42795728354459 ], [ -98.896631327733417, 20.427911175858394 ], [ -98.896663001269303, 20.427908609081953 ], [ -98.896719140681583, 20.427928801577458 ], [ -98.89680673863289, 20.427987733885271 ], [ -98.896906548902066, 20.428043103640061 ], [ -98.896994148932677, 20.428102035884759 ], [ -98.897089570038034, 20.428172555226066 ], [ -98.897140710389053, 20.42823455168493 ], [ -98.897200541969596, 20.428270058552155 ], [ -98.897301401366789, 20.428279737181381 ], [ -98.897414735281302, 20.428274427303645 ], [ -98.897527717577915, 20.428284353035799 ], [ -98.897637011809636, 20.428278960603738 ], [ -98.897749908655769, 20.428292694236998 ], [ -98.897826345718457, 20.428309490451049 ], [ -98.897966745537332, 20.428358067625428 ], [ -98.898010935207935, 20.428370399974753 ], [ -98.898083767625138, 20.428368075322282 ], [ -98.898149128471033, 20.428338931434563 ], [ -98.898247084251366, 20.428299022711389 ], [ -98.898347856450854, 20.42831250504771 ], [ -98.898423769347048, 20.428352149126265 ], [ -98.898515495412298, 20.428407352994505 ], [ -98.898631123642872, 20.428478283354327 ], [ -98.898714422919312, 20.428548556354666 ], [ -98.898802022141851, 20.428607487543623 ], [ -98.898933289177691, 20.428701593541426 ], [ -98.899077471228409, 20.428761678036544 ], [ -98.899210660299303, 20.428772010789345 ], [ -98.899318470703548, 20.428767553860641 ], [ -98.899421406281363, 20.428757554910209 ], [ -98.899520233741526, 20.42878678758132 ], [ -98.899586493119443, 20.428836522628121 ], [ -98.899642367715842, 20.428919312894507 ], [ -98.899694546503099, 20.429023195853851 ], [ -98.899718409596531, 20.429102307610318 ], [ -98.899730063852274, 20.429153953986621 ], [ -98.899767451084941, 20.429203102354283 ], [ -98.899802463492463, 20.429215912959744 ], [ -98.899872761831375, 20.429229440849802 ], [ -98.89995889557791, 20.4292523660204 ], [ -98.900016157018072, 20.429274700960423 ], [ -98.900031295417193, 20.429314323076298 ], [ -98.900023842076664, 20.429359533341103 ], [ -98.900000345300199, 20.429404416667886 ], [ -98.899971172367458, 20.429475927383635 ], [ -98.899959105744443, 20.429527014158694 ], [ -98.899946645020904, 20.429595200773644 ], [ -98.899945233008083, 20.42965676940284 ], [ -98.899976494651796, 20.429719003880663 ], [ -98.900032854386581, 20.42979543610809 ], [ -98.900045964223864, 20.429857302489772 ], [ -98.900021986022054, 20.429952630652274 ], [ -98.899987353121489, 20.430037476967687 ], [ -98.89996763046274, 20.43010551562644 ], [ -98.899936549046288, 20.430193855892135 ], [ -98.899921085816345, 20.43023460512131 ], [ -98.89993111289229, 20.430272452238125 ], [ -98.899963080657287, 20.430303903324777 ], [ -98.900018099428863, 20.430387374561153 ], [ -98.900066029772276, 20.43051004764984 ], [ -98.900099529153934, 20.430658505757723 ], [ -98.900119494208084, 20.430793649439575 ], [ -98.90017203588296, 20.430916416498029 ], [ -98.90017906247104, 20.431012178806881 ], [ -98.900163240487529, 20.431098783711473 ], [ -98.900115238509144, 20.431180384244406 ], [ -98.900077116440315, 20.431260682128247 ], [ -98.900037657896789, 20.431346803565027 ], [ -98.900009295937977, 20.43145216937366 ], [ -98.900012815722704, 20.431550033682463 ], [ -98.900045156498052, 20.431648483497224 ], [ -98.900101484991339, 20.43170667702077 ], [ -98.900146660286111, 20.43174834448828 ], [ -98.900157624809125, 20.43177301606401 ], [ -98.900153809052739, 20.431813687042343 ], [ -98.900106442864271, 20.431878210821456 ], [ -98.900021461549358, 20.431933443150989 ], [ -98.899987011519784, 20.432016000192352 ], [ -98.899990052015511, 20.432086173717952 ], [ -98.900007644031788, 20.432130352393902 ], [ -98.900039681369407, 20.432152915340961 ], [ -98.90010406125586, 20.43218490174171 ], [ -98.900150445413317, 20.432190228215578 ], [ -98.900214724917305, 20.432226593817074 ], [ -98.900278801683228, 20.432271717847001 ], [ -98.900328632093519, 20.432329700891717 ], [ -98.900406051310298, 20.432401389937237 ], [ -98.900527776079755, 20.432475393106547 ], [ -98.900632648724923, 20.432538749994343 ], [ -98.900678606221931, 20.432595342358827 ], [ -98.900688500741495, 20.432679026194847 ], [ -98.900704683697413, 20.432746143877903 ], [ -98.900732802115471, 20.432807935130061 ], [ -98.900755909447184, 20.432830667955212 ], [ -98.900820599222001, 20.432843115988891 ], [ -98.900921228327107, 20.432834035909536 ], [ -98.900992334102767, 20.432824352519212 ], [ -98.901033282620148, 20.432841884598037 ], [ -98.901061656219071, 20.432892552681547 ], [ -98.901065772711931, 20.432970552835513 ], [ -98.901098139125807, 20.433104786342039 ], [ -98.901125492530809, 20.433199957766028 ], [ -98.901224464062182, 20.433263192243206 ], [ -98.901400571142332, 20.433311303548191 ], [ -98.901588743133146, 20.433348530255834 ], [ -98.901795649028884, 20.433341612325872 ], [ -98.901902307953549, 20.433327088422381 ], [ -98.90200242547111, 20.433340257447949 ], [ -98.902060703577249, 20.433374838257148 ], [ -98.902239786608931, 20.433551017420868 ], [ -98.902332341152132, 20.433636384390411 ], [ -98.902390874456174, 20.433659838332929 ], [ -98.902567619855219, 20.433680133243772 ], [ -98.902731541481003, 20.43374469280668 ], [ -98.902824634128692, 20.433830197431075 ], [ -98.902962107376297, 20.433969952129097 ], [ -98.903062587306778, 20.43408686389591 ], [ -98.903148502843834, 20.434225568841402 ], [ -98.903280374295903, 20.434404971119211 ], [ -98.903306170661153, 20.434507109713735 ], [ -98.903299659578408, 20.43458649911689 ], [ -98.903296725709637, 20.434714560208345 ], [ -98.903345249131391, 20.434848086356581 ], [ -98.903351080836472, 20.43500283322863 ], [ -98.903310855378223, 20.435121298279164 ], [ -98.903336649979423, 20.435223436889171 ], [ -98.903410122468429, 20.435291201687676 ], [ -98.903581819912077, 20.435369800936979 ], [ -98.903781032129444, 20.435475469144439 ], [ -98.903863877542975, 20.435543424495052 ], [ -98.903938463083364, 20.435562614618242 ], [ -98.904023234233648, 20.435546667673339 ], [ -98.904079276975594, 20.435556643371196 ], [ -98.904106182869981, 20.435610207406622 ], [ -98.904123008280393, 20.435694489404995 ], [ -98.904120985450263, 20.435782807238475 ], [ -98.904162562930566, 20.435810160693027 ], [ -98.904316319577958, 20.435853051510669 ], [ -98.904584324191106, 20.435938641984585 ], [ -98.904209526134395, 20.436181023625995 ], [ -98.904291157859177, 20.436403936160264 ], [ -98.904405654807618, 20.436636546748051 ], [ -98.904476085463571, 20.436827609723547 ], [ -98.904173103234129, 20.437226249942611 ], [ -98.903822572595018, 20.437615861494905 ], [ -98.903344625222644, 20.438065372867204 ], [ -98.903121543527192, 20.438335112857686 ], [ -98.903025820771262, 20.438634908829865 ], [ -98.903121223945647, 20.438844857256665 ], [ -98.903375888939792, 20.438994922093919 ], [ -98.903535056983074, 20.439084964523982 ], [ -98.903821530722269, 20.439295018845836 ], [ -98.903948705771043, 20.439624921332772 ], [ -98.904093089185181, 20.440308730986786 ], [ -98.904133124650826, 20.440879679763235 ], [ -98.904255394913008, 20.441311219960788 ], [ -98.904307846127196, 20.441601899098817 ], [ -98.904288293711502, 20.442203555155302 ], [ -98.903866766851095, 20.442961136166314 ], [ -98.903688493320772, 20.443208491947036 ], [ -98.903173507736199, 20.443358722198568 ], [ -98.902868839946905, 20.443339060497806 ], [ -98.902449371140733, 20.443408179819119 ], [ -98.902030303223228, 20.44355165818418 ], [ -98.901515338671743, 20.443726856050613 ], [ -98.901401457002009, 20.443785309263106 ], [ -98.901052218739338, 20.4441264420599 ], [ -98.900755656679038, 20.444446486613373 ], [ -98.900112638339394, 20.444686144739716 ], [ -98.899429794012477, 20.444809999763553 ], [ -98.898389723169998, 20.444633193863567 ], [ -98.897811563862135, 20.444544753269366 ], [ -98.896793447223857, 20.444243703699001 ], [ -98.896387797720578, 20.444239064600552 ], [ -98.895685086340436, 20.444391236551965 ], [ -98.895386235222375, 20.444159503819673 ], [ -98.894922009001434, 20.4444668740773 ], [ -98.894658721837089, 20.444630458495272 ], [ -98.894484058963741, 20.444322920744955 ], [ -98.894145579024396, 20.444002386975193 ], [ -98.893925780183466, 20.443916468402115 ], [ -98.89323274492078, 20.444116134149422 ], [ -98.892772791604614, 20.444339320113823 ], [ -98.892860404306134, 20.444573411305221 ], [ -98.893449176721816, 20.445450273933165 ], [ -98.893619096294955, 20.445816339274796 ], [ -98.893791215221839, 20.446033311274942 ], [ -98.894083926280999, 20.446469481159212 ], [ -98.894858888078616, 20.447486511873208 ], [ -98.894969458483843, 20.44766730091381 ], [ -98.895520264981727, 20.448568982868348 ], [ -98.895826699864159, 20.449011934112246 ], [ -98.896370237364081, 20.449902313382498 ], [ -98.896632777435869, 20.450503370489482 ], [ -98.896495599252617, 20.451628578190522 ], [ -98.896402826303671, 20.452136509798507 ], [ -98.896116472889005, 20.453030913317694 ], [ -98.895933114913674, 20.453484867076487 ], [ -98.895612226454929, 20.454374732689089 ], [ -98.895028959032331, 20.456635665355076 ], [ -98.894861432906453, 20.457298496369319 ], [ -98.894683697178081, 20.457975058018306 ], [ -98.89442269531844, 20.45888076977187 ], [ -98.894148163767738, 20.45988134995196 ], [ -98.89376115920092, 20.462061072542589 ], [ -98.893944738582817, 20.462472325289855 ], [ -98.89451552073983, 20.463364985238133 ], [ -98.894951274176051, 20.464011328831546 ], [ -98.895402995935768, 20.464757077028377 ], [ -98.895997978192852, 20.465604567203574 ], [ -98.896790642166991, 20.466449911531971 ], [ -98.897201563862183, 20.466715561487995 ], [ -98.897677228389242, 20.466875302662771 ], [ -98.89820458902507, 20.466947727613849 ], [ -98.898603661884835, 20.467010886715798 ], [ -98.899058806677729, 20.467018552004458 ], [ -98.899654844852705, 20.46691694065542 ], [ -98.90055216270045, 20.46706017983777 ], [ -98.901488442335037, 20.467186810258696 ], [ -98.901963901883065, 20.467288508585522 ], [ -98.902410737934886, 20.467381458589745 ], [ -98.902902306371047, 20.467854013760384 ], [ -98.903173350988851, 20.468066576473952 ], [ -98.903704139777446, 20.468340149207091 ], [ -98.904116058733905, 20.46865721127449 ], [ -98.904458321579312, 20.469000197820638 ], [ -98.905219609775031, 20.468981130982378 ], [ -98.906173666681411, 20.468974020710075 ], [ -98.906657884480921, 20.468970800890428 ], [ -98.907611941705795, 20.468963492928765 ], [ -98.908851254928223, 20.468955018375741 ], [ -98.910001732447526, 20.469194330854567 ], [ -98.910464412128988, 20.469233893329978 ], [ -98.910619897654072, 20.469699241880829 ], [ -98.910720971566448, 20.470146580533896 ], [ -98.910822885826931, 20.471032167567451 ], [ -98.910755620227249, 20.472414654240808 ], [ -98.910630199451873, 20.473266241960818 ], [ -98.910593349603815, 20.474160795807698 ], [ -98.910754774869773, 20.474614940115931 ], [ -98.91108399804304, 20.475516458378078 ], [ -98.911818437512849, 20.477116217292419 ], [ -98.91121044023204, 20.477748434209065 ], [ -98.910650692382845, 20.478644980188761 ], [ -98.910515130954778, 20.47909445551964 ], [ -98.910242371840809, 20.480000182084535 ], [ -98.909557252348861, 20.482256588324638 ], [ -98.909281604074664, 20.483162311483248 ], [ -98.909146715189536, 20.483611784742479 ], [ -98.908873260128615, 20.484517509262737 ], [ -98.908368351009869, 20.485805533455185 ], [ -98.909986659564083, 20.488478530575708 ], [ -98.91454963744367, 20.4959505107891 ], [ -98.915345664900443, 20.496794507802932 ], [ -98.91854548156671, 20.497352352209528 ], [ -98.921014673941556, 20.497723654080659 ], [ -98.921285039307577, 20.497548962809262 ], [ -98.922516310392695, 20.49732068520877 ], [ -98.922594015371445, 20.497327020811216 ], [ -98.922897468591358, 20.497630767197723 ], [ -98.923401140559974, 20.498103316359312 ], [ -98.923978342387741, 20.498302795342298 ], [ -98.924151187832351, 20.498401725847849 ], [ -98.924710285583586, 20.49872389224867 ], [ -98.925213770631885, 20.499060419860498 ], [ -98.925256110912017, 20.49920565113041 ], [ -98.925314960339676, 20.499205036652729 ], [ -98.926477440849652, 20.499234168956907 ], [ -98.926785672067609, 20.499095870599202 ], [ -98.926844752222806, 20.499111098949296 ], [ -98.929024286301626, 20.499116329763137 ], [ -98.932619547705102, 20.499117755184642 ], [ -98.933995487237937, 20.4992018686949 ], [ -98.935770952599682, 20.499160738471101 ], [ -98.937965785693692, 20.498784209054836 ], [ -98.93917614715231, 20.498784634844419 ], [ -98.940285568887475, 20.498990761192527 ], [ -98.941798577227701, 20.49883300294108 ], [ -98.943294762520011, 20.498738547890213 ], [ -98.943773086215899, 20.498830714955496 ], [ -98.944044978949762, 20.498962775573371 ], [ -98.944574793473677, 20.499107889810322 ], [ -98.946071270167607, 20.499097084497119 ], [ -98.946751159860526, 20.499209613465915 ], [ -98.947318249282873, 20.499195347943562 ], [ -98.948381775045306, 20.499040480390764 ], [ -98.94897211532664, 20.499140610202812 ], [ -98.949031719075336, 20.499421743827575 ], [ -98.948686711277944, 20.499640288406866 ], [ -98.948295257956545, 20.499883805344282 ], [ -98.947871292171271, 20.500135751657897 ], [ -98.947586762876284, 20.500430317097816 ], [ -98.947487129423493, 20.500684755620938 ], [ -98.947529637885083, 20.500929475679879 ], [ -98.94784682199284, 20.501232621800199 ], [ -98.949015680712193, 20.501261685902357 ], [ -98.949364842992267, 20.501107728677944 ], [ -98.949696739350131, 20.50108002017538 ], [ -98.950032078795061, 20.501300267877209 ], [ -98.95028255683205, 20.50190329474751 ], [ -98.95034545433289, 20.502509333805627 ], [ -98.949991976948269, 20.503043953928131 ], [ -98.949487227530938, 20.503138870823808 ], [ -98.949070962204019, 20.502758503054373 ], [ -98.948768159760874, 20.502687114678022 ], [ -98.948444711925134, 20.503122380533849 ], [ -98.948377487980707, 20.50382620235575 ], [ -98.948220255384228, 20.504347258590702 ], [ -98.94754920618918, 20.504652964769448 ], [ -98.947313106675253, 20.505190392991924 ], [ -98.947194345221689, 20.506092197376226 ], [ -98.947294116835522, 20.506779884485759 ], [ -98.947746045105376, 20.507122245400708 ], [ -98.948162403719593, 20.50778177484931 ], [ -98.947602189431691, 20.508284353604349 ], [ -98.947790509726389, 20.509231774444967 ], [ -98.947737619140852, 20.510407258746646 ], [ -98.947726653860855, 20.511280781368882 ], [ -98.947822388146122, 20.51246285487392 ], [ -98.948053251961539, 20.513188207771595 ], [ -98.948295044567416, 20.514272497267218 ], [ -98.948174627269367, 20.514875344917701 ], [ -98.947572695640616, 20.515186858464407 ], [ -98.947597121944497, 20.515843086730385 ], [ -98.947888315491326, 20.516207038109552 ], [ -98.948595369192006, 20.51649060852678 ], [ -98.948775775264693, 20.516915698447548 ], [ -98.94872856492357, 20.517426832262771 ], [ -98.948640104935606, 20.517694888795429 ], [ -98.948414264599549, 20.518148197452636 ], [ -98.948248577393571, 20.518686526027903 ], [ -98.948240874024762, 20.51907809095577 ], [ -98.947735218244915, 20.518951886745342 ], [ -98.947229485472761, 20.519049774291442 ], [ -98.945935690389945, 20.518447140701678 ], [ -98.945504378919367, 20.518390983636113 ], [ -98.94502841446635, 20.518418846278855 ], [ -98.944537557631591, 20.518502724798843 ], [ -98.944076399085333, 20.518712657842826 ], [ -98.943600406989205, 20.518810538977004 ], [ -98.943109610890033, 20.518726345126737 ], [ -98.942663445293348, 20.518628163322258 ], [ -98.942410648401662, 20.518474017689506 ], [ -98.942123969533284, 20.517898273721435 ], [ -98.94183618221912, 20.517278277833185 ], [ -98.941157501059934, 20.516735635836422 ], [ -98.939861433997294, 20.516773934294623 ], [ -98.938997386149225, 20.516793008113488 ], [ -98.93815379829519, 20.517102657215144 ], [ -98.937710547628484, 20.517543443343058 ], [ -98.937786024319152, 20.517776147239239 ], [ -98.940187089714399, 20.529919169158372 ], [ -98.940405017462027, 20.529892136201116 ], [ -98.941352359405869, 20.529605708065738 ], [ -98.941850925484076, 20.52942980697496 ], [ -98.942622671328778, 20.52897973418138 ], [ -98.943726949291161, 20.52819898201205 ], [ -98.944672836120716, 20.52775454941893 ], [ -98.944876701380807, 20.527661705326476 ], [ -98.945130000289112, 20.52763467713724 ], [ -98.946127621168145, 20.527515675649262 ], [ -98.947758505522188, 20.526844830363839 ], [ -98.948463639416829, 20.526494894446191 ], [ -98.949056496321631, 20.526031835404311 ], [ -98.949117781650884, 20.526007011866792 ], [ -98.949113229379293, 20.526308864022319 ], [ -98.949312812408039, 20.526518062313315 ], [ -98.949584670092818, 20.52669343826436 ], [ -98.949911495320208, 20.52684747377366 ], [ -98.950221155072441, 20.527007576494036 ], [ -98.950516624615886, 20.527193041610062 ], [ -98.950735976134936, 20.527130106202183 ], [ -98.950894081694827, 20.527067964845124 ], [ -98.951054928733313, 20.526956969496858 ], [ -98.951250857923185, 20.526759725157866 ], [ -98.951428863395279, 20.526571285793302 ], [ -98.951490464691801, 20.526330187552993 ], [ -98.95155150598589, 20.526039645078399 ], [ -98.951649769324661, 20.525910159802518 ], [ -98.951892804947406, 20.52600480116029 ], [ -98.952023954988732, 20.526077962741343 ], [ -98.952205002942904, 20.526203423276819 ], [ -98.95238178010753, 20.526367272634108 ], [ -98.952912995325192, 20.526886952001799 ], [ -98.953184973030659, 20.527211114774698 ], [ -98.953385402098363, 20.527455720313402 ], [ -98.953541261601231, 20.527660520000932 ], [ -98.953565054119977, 20.527793694073647 ], [ -98.953445951680848, 20.528015526517244 ], [ -98.953231516045577, 20.528384040467991 ], [ -98.953262029091889, 20.528722199310668 ], [ -98.953422470679584, 20.528879822359521 ], [ -98.95360598146911, 20.528895101284494 ], [ -98.953854497870068, 20.528867755997354 ], [ -98.954087686421772, 20.528843694154745 ], [ -98.954412608242549, 20.528810693871392 ], [ -98.95462283964055, 20.528789764262161 ], [ -98.954811827832884, 20.528865363354306 ], [ -98.955079900877195, 20.528985636238652 ], [ -98.955351245747124, 20.52916798595534 ], [ -98.955584848735214, 20.529294751426878 ], [ -98.955751944640468, 20.529495593555069 ], [ -98.955810513324423, 20.529604494123344 ], [ -98.955864136048177, 20.529763568957947 ], [ -98.955860415301458, 20.529928678162815 ], [ -98.955871034590373, 20.530141687559347 ], [ -98.955944286398264, 20.530276017450827 ], [ -98.956110322146969, 20.530354748345054 ], [ -98.95624706810554, 20.530349345417676 ], [ -98.956442687460608, 20.530369859667239 ], [ -98.956674536189283, 20.53038355945078 ], [ -98.956829708599216, 20.530459439781211 ], [ -98.956896710745099, 20.53053259577683 ], [ -98.956985776796344, 20.530642105623215 ], [ -98.957130410041799, 20.530824546374362 ], [ -98.957362467832965, 20.531218064446126 ], [ -98.957661687231791, 20.531490308555014 ], [ -98.957752398124825, 20.531865581205476 ], [ -98.957730821400887, 20.532153076881148 ], [ -98.957755076422515, 20.532427051951199 ], [ -98.957666194922453, 20.532647915761803 ], [ -98.957087298821094, 20.533221971297269 ], [ -98.957016426915828, 20.533461949649023 ], [ -98.957065929755274, 20.533695288028216 ], [ -98.957172106844425, 20.533788647750054 ], [ -98.957320755573249, 20.533922011433486 ], [ -98.957618140748778, 20.533908752303542 ], [ -98.957844730099566, 20.533855476067362 ], [ -98.958035924115876, 20.533768855987176 ], [ -98.958269607372145, 20.533648917182024 ], [ -98.958602411843884, 20.533555667834488 ], [ -98.958899635767338, 20.53369864418968 ], [ -98.95898774869454, 20.53380009290332 ], [ -98.95902683720611, 20.534122830657989 ], [ -98.958997389201755, 20.534353344830066 ], [ -98.958854130667504, 20.534994841616236 ], [ -98.958854996042817, 20.535634050687079 ], [ -98.958979914448406, 20.53589347777768 ], [ -98.959127605270481, 20.53598350163325 ], [ -98.959284009298088, 20.53598353781776 ], [ -98.959466498434111, 20.535926315537704 ], [ -98.959753255891755, 20.535820031191051 ], [ -98.960042562257883, 20.535795598312568 ], [ -98.960185653038323, 20.535877457286549 ], [ -98.960216329236658, 20.536039663578386 ], [ -98.960192257783746, 20.536261823598554 ], [ -98.960120628499851, 20.536559168947971 ], [ -98.960003259295704, 20.537027547398335 ], [ -98.960020521370964, 20.537441408482362 ], [ -98.960196406127096, 20.537760925640328 ], [ -98.960545207693187, 20.537931924476144 ], [ -98.960836451611996, 20.538133348363356 ], [ -98.960986878231679, 20.538326577487293 ], [ -98.961075874717295, 20.538548796189168 ], [ -98.961085794905628, 20.538785999440474 ], [ -98.961067988827978, 20.538968404147489 ], [ -98.960952626900351, 20.539168352831599 ], [ -98.960816037512515, 20.539328807694805 ], [ -98.960654470378287, 20.539480849631044 ], [ -98.960594402542696, 20.539712644263993 ], [ -98.960680505605026, 20.539926075059363 ], [ -98.960850642389801, 20.540019562795347 ], [ -98.961044995110399, 20.540100020546387 ], [ -98.96120536699344, 20.54020232115899 ], [ -98.961390155490989, 20.540282585741878 ], [ -98.961475328486415, 20.540324827227565 ], [ -98.961545239056932, 20.540407303672868 ], [ -98.961573870945116, 20.540541829741965 ], [ -98.961568589913085, 20.54069242895504 ], [ -98.961501667274433, 20.540876818291181 ], [ -98.961384235715485, 20.54105630226772 ], [ -98.961189415693539, 20.541378225809769 ], [ -98.961091468791537, 20.541670524329923 ], [ -98.961091287610927, 20.541891242785642 ], [ -98.961213201535386, 20.542001785820474 ], [ -98.961369500461799, 20.542072473593016 ], [ -98.961543031363405, 20.542037823273656 ], [ -98.961796327015378, 20.542054778847405 ], [ -98.962061710897075, 20.542168184399412 ], [ -98.96232281525792, 20.542277479884085 ], [ -98.962604594168084, 20.542512834333117 ], [ -98.962800799942784, 20.5427239559979 ], [ -98.962864107758506, 20.542887383254655 ], [ -98.962892213216819, 20.543113421580763 ], [ -98.962735929863427, 20.543268440111046 ], [ -98.962435449526254, 20.543320634617906 ], [ -98.962237861653406, 20.543532724278901 ], [ -98.961957051058704, 20.543870763144174 ], [ -98.961813925086176, 20.544277820233862 ], [ -98.961939024753647, 20.544672211997344 ], [ -98.962263040735508, 20.544944445056412 ], [ -98.962683158377402, 20.545149515353373 ], [ -98.962997541466834, 20.545200324073477 ], [ -98.963410759064843, 20.545183497933927 ], [ -98.963597789464146, 20.545176474736053 ], [ -98.963791912413981, 20.545301744361122 ], [ -98.963877822363642, 20.545551056241028 ], [ -98.963841884463548, 20.545727009812737 ], [ -98.963743594057604, 20.545928795375882 ], [ -98.963616035227361, 20.546140059540843 ], [ -98.963529140439562, 20.546357577750289 ], [ -98.963296838380202, 20.546744319298419 ], [ -98.962934640781484, 20.547129294920708 ], [ -98.962498573671795, 20.547469906582755 ], [ -98.962458111986606, 20.547469184563308 ], [ -98.961984235570498, 20.548004141340932 ], [ -98.961977774750139, 20.54805442054316 ], [ -98.962326717116326, 20.548176157450374 ], [ -98.962625703021061, 20.54833000880496 ], [ -98.963180519237383, 20.548655527691732 ], [ -98.963300228088926, 20.548808548475417 ], [ -98.963304444169822, 20.549038184447276 ], [ -98.963209741961265, 20.549161968405372 ], [ -98.962730409403264, 20.549502560229342 ], [ -98.962349275480918, 20.549888039464442 ], [ -98.962296291065158, 20.550054730214566 ], [ -98.962531097383803, 20.550244395795591 ], [ -98.962686603967342, 20.550583166614047 ], [ -98.962667017361696, 20.551169082995866 ], [ -98.962471579604284, 20.551701179136991 ], [ -98.962311013894393, 20.552001689792135 ], [ -98.962209810923369, 20.552331639840997 ], [ -98.962215819301733, 20.552564844827891 ], [ -98.962390149895484, 20.552653080897912 ], [ -98.962637383545555, 20.55262149590931 ], [ -98.962967636251335, 20.552506081344784 ], [ -98.963353855962481, 20.55251726880115 ], [ -98.963584138685107, 20.552509284637036 ], [ -98.963558530003084, 20.552613663718013 ], [ -98.963430528979728, 20.552862553559891 ], [ -98.963087305964592, 20.55320174017216 ], [ -98.962850937833167, 20.553498366506236 ], [ -98.962614685841302, 20.553685108196532 ], [ -98.962454045821133, 20.55372065256396 ], [ -98.962142225802793, 20.553800643928358 ], [ -98.961792627242659, 20.553836147442453 ], [ -98.961540493111457, 20.553867961736227 ], [ -98.961329620037446, 20.553933887205456 ], [ -98.961219877342913, 20.554112305518068 ], [ -98.961330479024255, 20.554365255841333 ], [ -98.96147772170626, 20.554508789359492 ], [ -98.961618689409804, 20.554628913821709 ], [ -98.961826793861746, 20.554749051615747 ], [ -98.961994632687421, 20.554774370909325 ], [ -98.96220277924958, 20.55472385203873 ], [ -98.962451218331665, 20.554667019043936 ], [ -98.962752023144361, 20.554628243580559 ], [ -98.963073392291463, 20.554684095664367 ], [ -98.963270620274884, 20.554755130184493 ], [ -98.963515722794824, 20.554865966559017 ], [ -98.963747513813203, 20.555068358255951 ], [ -98.963787274893349, 20.555302234925779 ], [ -98.963651587889288, 20.555497297978086 ], [ -98.963414679157268, 20.555673561096846 ], [ -98.963140091171397, 20.555872916665365 ], [ -98.962972701844393, 20.55605704310787 ], [ -98.962780195386259, 20.556241889410778 ], [ -98.962742454846818, 20.556419519264217 ], [ -98.962922230276504, 20.556652127170924 ], [ -98.963186115060452, 20.556883212039875 ], [ -98.963394435892127, 20.55714842141176 ], [ -98.963511965539908, 20.557340624169267 ], [ -98.963635244055524, 20.557652350292226 ], [ -98.963699218668651, 20.558231798994193 ], [ -98.963689518577027, 20.559182458657396 ], [ -98.963619117821722, 20.559489489830412 ], [ -98.96349992111449, 20.559683574179093 ], [ -98.963189955189549, 20.559885030063192 ], [ -98.962958442312996, 20.560082685220934 ], [ -98.9628440831858, 20.56031369554243 ], [ -98.962982187727803, 20.560711988269077 ], [ -98.963470902092311, 20.561074951863937 ], [ -98.963985078519528, 20.561353774047326 ], [ -98.964358996667954, 20.5616765780393 ], [ -98.964436828865431, 20.56202866257733 ], [ -98.96424975089549, 20.562395354634205 ], [ -98.963706029234075, 20.562936606089409 ], [ -98.96439079631979, 20.563699472645549 ], [ -98.964659941861854, 20.564125704130113 ], [ -98.964777979477901, 20.564399632699935 ], [ -98.964849566566187, 20.564982831647335 ], [ -98.964772406663357, 20.565387013188097 ], [ -98.964596163067171, 20.56578080810581 ], [ -98.964286859105073, 20.566352685613932 ], [ -98.963904094350482, 20.566674257922838 ], [ -98.963712666727986, 20.566982998113517 ], [ -98.963739912633514, 20.567368982495925 ], [ -98.963990924051885, 20.567525234337491 ], [ -98.964282273778593, 20.567571003292628 ], [ -98.964486232359761, 20.567580191581538 ], [ -98.964690197375134, 20.567516234870695 ], [ -98.964923309019753, 20.567461428195355 ], [ -98.965185528042923, 20.567507193527927 ], [ -98.965331185901647, 20.567607788228486 ], [ -98.965403685059712, 20.567796141369065 ], [ -98.965360572449683, 20.567909693216002 ], [ -98.965153736441906, 20.568023211448192 ], [ -98.964921055094479, 20.568128611987106 ], [ -98.964869315717252, 20.568315165698394 ], [ -98.964817573375811, 20.56846927099512 ], [ -98.96469828359325, 20.568579448090009 ], [ -98.964472853838657, 20.568663871374753 ], [ -98.964153997314568, 20.568793585531196 ], [ -98.963815515481457, 20.568972271564672 ], [ -98.96378149734133, 20.569236340430628 ], [ -98.963883243911567, 20.569634310844606 ], [ -98.964128182840696, 20.569899683681115 ], [ -98.964502962677315, 20.570314217753758 ], [ -98.964583578012636, 20.570503375768077 ], [ -98.964613977464978, 20.570629368333009 ], [ -98.964587869710144, 20.570805978826087 ], [ -98.964458438014972, 20.570974273521095 ], [ -98.964217772122893, 20.571011153631162 ], [ -98.963996200104987, 20.57082608678806 ], [ -98.963815384880675, 20.570662714076697 ], [ -98.963699863939254, 20.570549268672313 ], [ -98.963494029206316, 20.570513905795352 ], [ -98.963345509119449, 20.570719334863053 ], [ -98.96335323634662, 20.571032076407189 ], [ -98.963444732011155, 20.571562498317061 ], [ -98.963503197268622, 20.572085285373756 ], [ -98.963456930253898, 20.572437614482713 ], [ -98.963409305079523, 20.572594403793175 ], [ -98.963306733437093, 20.572783315090085 ], [ -98.963177664321506, 20.572943983131495 ], [ -98.963096208899159, 20.573033201261705 ], [ -98.96206484587951, 20.573239680015259 ], [ -98.961768967677656, 20.573201231887765 ], [ -98.961580158737462, 20.573032964807997 ], [ -98.961418267060736, 20.572777946326923 ], [ -98.961295516003091, 20.572527067256814 ], [ -98.96104621110797, 20.572415246208806 ], [ -98.960475943934767, 20.572306951830043 ], [ -98.960296511285193, 20.57244200172811 ], [ -98.960074026824614, 20.572577041065717 ], [ -98.959892002552891, 20.572631710434948 ], [ -98.959792746059506, 20.572650376398425 ], [ -98.959633952481283, 20.572612966486432 ], [ -98.959435428206334, 20.572697003741162 ], [ -98.9592865346644, 20.572725000230626 ], [ -98.959137673778471, 20.572659565357608 ], [ -98.958829973650097, 20.572734234691548 ], [ -98.958730684139539, 20.572846322120657 ], [ -98.958690943328222, 20.573005138228091 ], [ -98.958561875280139, 20.573135903220145 ], [ -98.958378737365194, 20.57319966588766 ], [ -98.958260275906198, 20.573348258422545 ], [ -98.958162184382246, 20.573724876519339 ], [ -98.958179209903406, 20.574322159804925 ], [ -98.958100360609279, 20.574495210588815 ], [ -98.957933956604393, 20.574684725038544 ], [ -98.957697510193725, 20.574849495973154 ], [ -98.957478839351865, 20.57512530323309 ], [ -98.957300121620221, 20.57530074722396 ], [ -98.956927212166136, 20.575424965537572 ], [ -98.956585372907739, 20.575549183446704 ], [ -98.956266869391257, 20.575571040031932 ], [ -98.956000795265965, 20.575570422293417 ], [ -98.955771955310595, 20.575549465258188 ], [ -98.955558495240155, 20.575367267355507 ], [ -98.955428396570582, 20.575126307662615 ], [ -98.955252676949129, 20.574965194230483 ], [ -98.955109689011664, 20.574956187833322 ], [ -98.954995262879962, 20.57507280759776 ], [ -98.95489986122341, 20.575315064295864 ], [ -98.95485214962585, 20.575458622850917 ], [ -98.954651926269406, 20.575566249052365 ], [ -98.954575625142667, 20.575700826059801 ], [ -98.954346738997415, 20.575987913588236 ], [ -98.954309220715913, 20.576200570279802 ], [ -98.95438827672892, 20.576411583354229 ], [ -98.954454154406648, 20.576585360932814 ], [ -98.954361796381505, 20.576771508475755 ], [ -98.95425625094326, 20.57698247803733 ], [ -98.954018817292209, 20.577255467150277 ], [ -98.953926426618054, 20.577578141704336 ], [ -98.953904924342552, 20.578144298415353 ], [ -98.953839249191759, 20.578435323809391 ], [ -98.95367991912471, 20.578576391809534 ], [ -98.953604913718678, 20.578743944072727 ], [ -98.953511199434217, 20.578909044535511 ], [ -98.953324790777444, 20.57919836379833 ], [ -98.953185005062551, 20.579347395732551 ], [ -98.952989355603719, 20.579364879890036 ], [ -98.952793723626314, 20.579356057186104 ], [ -98.95263532255025, 20.579461239510263 ], [ -98.952570034233233, 20.579689211215729 ], [ -98.95251761097191, 20.580015334505177 ], [ -98.952504312074296, 20.580214721236594 ], [ -98.952418218373381, 20.580339314889205 ], [ -98.95221956692022, 20.580495033399245 ], [ -98.952179827052461, 20.580563562596474 ], [ -98.952113585493919, 20.580694395835778 ], [ -98.952015045568857, 20.580869222266845 ], [ -98.9518787757914, 20.581051501769366 ], [ -98.951709636895913, 20.581149147272505 ], [ -98.951512248968498, 20.581171736824547 ], [ -98.951081997109966, 20.581112765835631 ], [ -98.95076780989568, 20.581096085443509 ], [ -98.950556855522109, 20.580960930210114 ], [ -98.950436999859704, 20.580740315557357 ], [ -98.950378131662973, 20.58050413361071 ], [ -98.950360983254697, 20.580315787446267 ], [ -98.950217995217614, 20.580171923041306 ], [ -98.949911306995915, 20.580119333465586 ], [ -98.949645762157175, 20.580153731512684 ], [ -98.949279491253577, 20.580213954932322 ], [ -98.948904074703975, 20.580231080027357 ], [ -98.948638515184285, 20.580308568053667 ], [ -98.948418713293719, 20.580446397880781 ], [ -98.948191479519195, 20.580560872276333 ], [ -98.947825847393631, 20.580759576550253 ], [ -98.947403364662719, 20.580874145970903 ], [ -98.947062148210378, 20.580912271658217 ], [ -98.946655960465492, 20.580912147152183 ], [ -98.946274541331562, 20.580906369267456 ], [ -98.945967323358445, 20.580885538539775 ], [ -98.945742445972542, 20.580938379653798 ], [ -98.945598831955877, 20.581044785944417 ], [ -98.94541721831321, 20.581211524429708 ], [ -98.945316379374944, 20.581457597634401 ], [ -98.945150936445941, 20.581723788388395 ], [ -98.945001874471416, 20.581855308756158 ], [ -98.944783789834972, 20.581949573391221 ], [ -98.944483307344868, 20.58203620773098 ], [ -98.944258797735159, 20.582113212926263 ], [ -98.944208859552404, 20.582294275415755 ], [ -98.944047995063542, 20.582587205254324 ], [ -98.944132142878956, 20.582798132985246 ], [ -98.944289798898538, 20.583005459086898 ], [ -98.944451282423401, 20.583167122491776 ], [ -98.944537662143176, 20.583279454670851 ], [ -98.944551640449376, 20.583363428256614 ], [ -98.944511217107362, 20.583470637828302 ], [ -98.944400178897851, 20.583605910931745 ], [ -98.944231331965739, 20.583770897874388 ], [ -98.944087739411657, 20.583941386529933 ], [ -98.944068553153897, 20.584087467703213 ], [ -98.944160606692975, 20.584229804581614 ], [ -98.944323105642454, 20.584346652799709 ], [ -98.944545377291803, 20.584488612277561 ], [ -98.944832625654456, 20.584566115501143 ], [ -98.94509556098528, 20.584595302642782 ], [ -98.94537197293937, 20.584537920300786 ], [ -98.945512209610129, 20.584501010494442 ], [ -98.945714157683526, 20.584411328874683 ], [ -98.945826065488632, 20.584374647108916 ], [ -98.945892929149437, 20.58436702134949 ], [ -98.945956350594926, 20.584371281653681 ], [ -98.946035575738378, 20.584378849021434 ], [ -98.946098724978043, 20.584395060750211 ], [ -98.946240626446098, 20.584439753972859 ], [ -98.946353418744053, 20.584507777224282 ], [ -98.946455741732649, 20.584617437950229 ], [ -98.946502815631703, 20.584782783535537 ], [ -98.946536516544242, 20.584977753342095 ], [ -98.946557114726701, 20.5851903940478 ], [ -98.946529422666885, 20.585291469222035 ], [ -98.946391154139363, 20.585334876944607 ], [ -98.946112625265798, 20.585367559115305 ], [ -98.945952472889701, 20.585393724335912 ], [ -98.945868895061636, 20.585465787492279 ], [ -98.945792239766092, 20.585623052569996 ], [ -98.945673801276143, 20.585826175212656 ], [ -98.945559401173526, 20.585981928365538 ], [ -98.945385985147652, 20.586135975104298 ], [ -98.945318528795852, 20.58626285720155 ], [ -98.945230128933787, 20.586407245526878 ], [ -98.945208981307729, 20.586637766711199 ], [ -98.945349471896463, 20.586766555832053 ], [ -98.945482844092936, 20.586929037180397 ], [ -98.945600416305425, 20.58708787751446 ], [ -98.945580614975185, 20.587963276909061 ], [ -98.945742938116979, 20.588114216746707 ], [ -98.945893932719969, 20.588201227009492 ], [ -98.945943065095747, 20.588424160414572 ], [ -98.945930554235446, 20.58870350511334 ], [ -98.945943832280975, 20.588961712049123 ], [ -98.945980084752364, 20.589193733302825 ], [ -98.946038568898928, 20.589425853880655 ], [ -98.94608940301292, 20.589715171074879 ], [ -98.94607434901161, 20.589955150315483 ], [ -98.946027231443566, 20.590206663126757 ], [ -98.9459343817838, 20.590366763029031 ], [ -98.945743057610784, 20.590510526795441 ], [ -98.945546810432802, 20.590726330973045 ], [ -98.945390994234359, 20.590993143587063 ], [ -98.94536408534718, 20.591196556974367 ], [ -98.945267566189784, 20.591515985014766 ], [ -98.945111614783045, 20.591802506657299 ], [ -98.944814195273153, 20.591923131991056 ], [ -98.944734670318894, 20.59308457176893 ], [ -98.94513380172377, 20.593950630862647 ], [ -98.945272523439982, 20.594555195350949 ], [ -98.945585079482939, 20.594702338054226 ], [ -98.945984448718221, 20.594914861954365 ], [ -98.946870152234396, 20.594980487646712 ], [ -98.947672201014768, 20.595297670356658 ], [ -98.948473805801399, 20.595924558229306 ], [ -98.948525619158119, 20.596790506595532 ], [ -98.94878592962273, 20.597395102781192 ], [ -98.949115647251517, 20.598195780702259 ], [ -98.949671624393602, 20.598705770447726 ], [ -98.949865983592986, 20.599246455869444 ], [ -98.950289444830744, 20.600132103176048 ], [ -98.950325969949759, 20.600247323191514 ], [ -98.950539173235924, 20.600602564554549 ], [ -98.951146817249651, 20.601321622924477 ], [ -98.951666249495176, 20.602079743654802 ], [ -98.952410297656328, 20.603159747284462 ], [ -98.952657744471068, 20.603641538670857 ], [ -98.951917939736347, 20.603753726154466 ], [ -98.949632713215124, 20.603754289560491 ], [ -98.948816387883397, 20.603819405265448 ], [ -98.947489700861922, 20.603966276444684 ], [ -98.947151257076271, 20.603885844745584 ], [ -98.946566747253058, 20.603966131487077 ], [ -98.945668515283728, 20.604301122021745 ], [ -98.946172934062858, 20.604878711007782 ], [ -98.946615003849956, 20.605502958691137 ], [ -98.947117334636204, 20.606297440803061 ], [ -98.947539358386919, 20.606770381287021 ], [ -98.947820641576726, 20.60730001930828 ], [ -98.947813507080326, 20.607776306278492 ], [ -98.947952345915667, 20.608131162449297 ], [ -98.948210131731472, 20.608971593006622 ], [ -98.9484082933335, 20.610017426796343 ], [ -98.948198401373219, 20.610573314280135 ], [ -98.947985815853997, 20.610973942059346 ], [ -98.947985498036232, 20.611911355673602 ], [ -98.948023433368078, 20.613065109063744 ], [ -98.947908268130476, 20.613605890696007 ], [ -98.947761977316347, 20.6137937809244 ], [ -98.947747312516384, 20.614024575120677 ], [ -98.947801816470147, 20.614259720296687 ], [ -98.947869566563156, 20.614687511492715 ], [ -98.947565934764881, 20.615501619561524 ], [ -98.946945971323643, 20.616308374613077 ], [ -98.946851626511773, 20.616538789495259 ], [ -98.946804698987378, 20.616737500198756 ], [ -98.946709191663004, 20.616895304610484 ], [ -98.946539459507193, 20.61705162279355 ], [ -98.946381382877618, 20.617161588416323 ], [ -98.946119978560731, 20.617306085137312 ], [ -98.945483607341117, 20.618037687687544 ], [ -98.945378922839453, 20.618124667091024 ], [ -98.945265890767189, 20.618275465753261 ], [ -98.945099690152119, 20.618431851578034 ], [ -98.944828958748261, 20.618519591777726 ], [ -98.944529125434173, 20.618594387643316 ], [ -98.943985148738193, 20.618673868563356 ], [ -98.943909748010597, 20.618774955901127 ], [ -98.943647364978688, 20.618806295900558 ], [ -98.943347679201906, 20.618767006718027 ], [ -98.943161630236304, 20.618706705450826 ], [ -98.942992724952916, 20.618670040209086 ], [ -98.94278027686839, 20.618682412842997 ], [ -98.942620543398547, 20.618709154182142 ], [ -98.942455469065635, 20.618815647795206 ], [ -98.942300547214913, 20.618942311332731 ], [ -98.942160212932279, 20.619049301312739 ], [ -98.942046649145055, 20.619223379286609 ], [ -98.941883467466198, 20.619350751194112 ], [ -98.941801035522516, 20.619555401709178 ], [ -98.941747793446453, 20.619781337644461 ], [ -98.941591080181723, 20.620794260427132 ], [ -98.940522675996817, 20.621962866280853 ], [ -98.940164448738557, 20.622833657505286 ], [ -98.939963674619861, 20.623289564964562 ], [ -98.939910037396871, 20.623695814423062 ], [ -98.939900834511107, 20.624101811768728 ], [ -98.940071472543892, 20.62470394413797 ], [ -98.940016301032486, 20.625137398379682 ], [ -98.939791511959527, 20.625409145650231 ], [ -98.939527168221787, 20.625578725502745 ], [ -98.939012139025493, 20.62561582472906 ], [ -98.938675366997373, 20.625671623078858 ], [ -98.938588597280642, 20.62587721645184 ], [ -98.93856028114871, 20.626290151699706 ], [ -98.938417465843457, 20.626640772203022 ], [ -98.938140091502362, 20.626771145862989 ], [ -98.937446715535529, 20.626938647865096 ], [ -98.936713685703253, 20.627199331547779 ], [ -98.936396658107682, 20.627422885134457 ], [ -98.9359409079089, 20.627776860630078 ], [ -98.935623812753988, 20.628130889987499 ], [ -98.935306756811968, 20.628410359347942 ], [ -98.934910414841369, 20.628782995337808 ], [ -98.934464088225567, 20.629269148567914 ], [ -98.934127878811182, 20.629500899819597 ], [ -98.933484659726616, 20.629590941648598 ], [ -98.933454325962856, 20.629686400089227 ], [ -98.933791241939446, 20.62988863389732 ], [ -98.934239417484065, 20.630152737155274 ], [ -98.934612614528774, 20.63034857212493 ], [ -98.934929359550921, 20.630833312203599 ], [ -98.934929249673857, 20.631094262324094 ], [ -98.934631983861877, 20.631373737364079 ], [ -98.933819584952502, 20.631876686046191 ], [ -98.933027030309844, 20.632305083276211 ], [ -98.93277738330093, 20.632729621485421 ], [ -98.932605366867179, 20.632936263369217 ], [ -98.932300416706425, 20.633442886710306 ], [ -98.931905285524337, 20.634245808771393 ], [ -98.931482396451102, 20.634727579628404 ], [ -98.931471613772544, 20.635105943043985 ], [ -98.931750308614113, 20.635399261045052 ], [ -98.932028884507062, 20.635939487306491 ], [ -98.932143457400485, 20.636464224318818 ], [ -98.932044381280434, 20.63678887406596 ], [ -98.931913481724891, 20.636801925707111 ], [ -98.931734174190922, 20.636866291999048 ], [ -98.931576656815338, 20.637072282015847 ], [ -98.931369284501244, 20.637128655903044 ], [ -98.931125194635214, 20.637226741482632 ], [ -98.930912262967695, 20.637428083519858 ], [ -98.93042556187801, 20.637870562817277 ], [ -98.929897351676516, 20.63832643884934 ], [ -98.929523906175902, 20.638572003827772 ], [ -98.929147331204206, 20.638840855513628 ], [ -98.928952344812288, 20.639140922112514 ], [ -98.9287641752111, 20.639317811557273 ], [ -98.92843331492422, 20.639443906728093 ], [ -98.928295804578894, 20.639732598901517 ], [ -98.928214071498061, 20.639984619965713 ], [ -98.928244578045749, 20.64022488923008 ], [ -98.928523321878671, 20.640777556598483 ], [ -98.928687915013953, 20.641060121564607 ], [ -98.928568558413076, 20.641224247232454 ], [ -98.928522462491571, 20.641551225364736 ], [ -98.928571832630496, 20.641832443567168 ], [ -98.928511947272909, 20.641950401055702 ], [ -98.928519147795939, 20.642220762180717 ], [ -98.928287687096287, 20.642466435233388 ], [ -98.928205550189375, 20.643073844388908 ], [ -98.928083014399263, 20.643759732546055 ], [ -98.928155027046742, 20.644170937463297 ], [ -98.928019687737773, 20.644438533621113 ], [ -98.928084201262209, 20.644932272316275 ], [ -98.928040802043299, 20.645360786801604 ], [ -98.928135338890172, 20.645634060175595 ], [ -98.928451642382242, 20.646258134544581 ], [ -98.9284650709034, 20.646455661158452 ], [ -98.929135193935579, 20.646629879159345 ], [ -98.929575829848048, 20.647995004262203 ], [ -98.93005620526074, 20.648285820334561 ], [ -98.930915495391318, 20.648956252434331 ], [ -98.931430948989231, 20.649626544415167 ], [ -98.931602505079852, 20.650435342952427 ], [ -98.931528522424841, 20.651128506260264 ], [ -98.931699956305565, 20.652214579363527 ], [ -98.93183323297761, 20.652853309322495 ], [ -98.931804356718075, 20.652917443933454 ], [ -98.931591286701561, 20.653714451383124 ], [ -98.931508309615538, 20.653981664690942 ], [ -98.931448375078517, 20.653978626681496 ], [ -98.931429714495337, 20.65397098735167 ], [ -98.931261333892834, 20.653962932482475 ], [ -98.930753389270265, 20.656728636389868 ], [ -98.930634457850374, 20.657127971411661 ], [ -98.93036606040252, 20.657672671378226 ], [ -98.930342213325758, 20.657736243196762 ], [ -98.93020675843681, 20.658175157342566 ], [ -98.930081439456771, 20.65847768641925 ], [ -98.929149924906469, 20.658533392032417 ], [ -98.928894627854604, 20.658616093899955 ], [ -98.928656922855879, 20.658715360870215 ], [ -98.928463279592307, 20.658715282013514 ], [ -98.928331318369118, 20.658574457135977 ], [ -98.928155328126365, 20.6584667338971 ], [ -98.927917669469707, 20.658466634201442 ], [ -98.927715226470667, 20.658474834398323 ], [ -98.927636022111244, 20.658433397694186 ], [ -98.927442466414988, 20.658251143870281 ], [ -98.927336894332043, 20.658143448095011 ], [ -98.927231292802134, 20.658102001380524 ], [ -98.92665763569569, 20.658406449770649 ], [ -98.92610110646234, 20.658621181867336 ], [ -98.925736618323711, 20.658655314527234 ], [ -98.925326623070092, 20.658586559431633 ], [ -98.925108005560872, 20.658466457431697 ], [ -98.92488931152603, 20.658483505519143 ], [ -98.924506613252433, 20.658491911636709 ], [ -98.924005512005536, 20.658405972089604 ], [ -98.923720891337936, 20.658350641891733 ], [ -98.923320381010427, 20.658311820058145 ], [ -98.923125314140123, 20.658186133932684 ], [ -98.922560653496987, 20.657828405303217 ], [ -98.922180746413432, 20.657673648112116 ], [ -98.921903502980612, 20.657586569811144 ], [ -98.921666394775727, 20.657538811407747 ], [ -98.921476494033968, 20.657474197085264 ], [ -98.921291908577757, 20.657320245248663 ], [ -98.921112522949116, 20.65733505559918 ], [ -98.920938360689263, 20.657434244632174 ], [ -98.920773047408133, 20.65750146819429 ], [ -98.920646820988594, 20.657501410083366 ], [ -98.920394430635994, 20.657403503335988 ], [ -98.920052944437103, 20.6572915851572 ], [ -98.919800586126129, 20.657130812391813 ], [ -98.919284442367086, 20.656896129443016 ], [ -98.918906789168062, 20.656789345489731 ], [ -98.918793454852633, 20.656824829792015 ], [ -98.918800920003122, 20.656988288912661 ], [ -98.918747988473413, 20.657080655031002 ], [ -98.918536507415695, 20.657002380012838 ], [ -98.918211674985244, 20.656995120067233 ], [ -98.917868028208858, 20.657063623121484 ], [ -98.917810722763818, 20.65717131112573 ], [ -98.917486386472433, 20.657213721152473 ], [ -98.917231201792646, 20.657314659792441 ], [ -98.91700293475607, 20.657301918956922 ], [ -98.916761285378158, 20.657213372288776 ], [ -98.916452455499709, 20.657187958868821 ], [ -98.916170408715502, 20.65730151637479 ], [ -98.91559006570823, 20.657619921287377 ], [ -98.914955197565746, 20.65781019294106 ], [ -98.914536435255243, 20.657975156908964 ], [ -98.914050083836742, 20.658241735511641 ], [ -98.914168351347556, 20.658693735951402 ], [ -98.914081184825974, 20.658939325591192 ], [ -98.913983145255727, 20.659154211070536 ], [ -98.913678490089268, 20.659225701193503 ], [ -98.912717093368954, 20.659430491694586 ], [ -98.912178053763071, 20.659575082926544 ], [ -98.911854615284639, 20.659676324327659 ], [ -98.911623716195322, 20.659531341580134 ], [ -98.911439014071362, 20.659386382312796 ], [ -98.911084717244165, 20.659603494149884 ], [ -98.91074582824028, 20.659791647607822 ], [ -98.910483916693707, 20.660008811444701 ], [ -98.910375951621475, 20.660312971323037 ], [ -98.910237219789252, 20.660544684841788 ], [ -98.909929040842087, 20.660892202986332 ], [ -98.90971335997466, 20.66105144208414 ], [ -98.909420639049713, 20.661283074477907 ], [ -98.909428624248335, 20.661675743303228 ], [ -98.909688247825613, 20.662389418007251 ], [ -98.909817985830003, 20.662878772226094 ], [ -98.909666011409371, 20.663347589791726 ], [ -98.909514168167675, 20.66359215090414 ], [ -98.909535754731792, 20.663734869423084 ], [ -98.909427235681918, 20.664020228917941 ], [ -98.909329979243211, 20.66437495218441 ], [ -98.908689376734188, 20.664585763368446 ], [ -98.908500070725694, 20.664561918932197 ], [ -98.908184637828555, 20.664395527616104 ], [ -98.907919528993276, 20.664514117887585 ], [ -98.907793214264856, 20.664680272769779 ], [ -98.907578582609801, 20.664810761415371 ], [ -98.906796110295744, 20.664739102610195 ], [ -98.906128804754772, 20.664735754719178 ], [ -98.905954850206768, 20.664866513689375 ], [ -98.905641834987989, 20.664920867292999 ], [ -98.904199702097713, 20.664784786167882 ], [ -98.903533315223953, 20.664870450076211 ], [ -98.90307597153695, 20.664968522109522 ], [ -98.902736079405102, 20.665263311234735 ], [ -98.90250072305129, 20.665558158215319 ], [ -98.902356894582951, 20.665717857807486 ], [ -98.901821863752701, 20.666091012004021 ], [ -98.90146195649281, 20.666405336988028 ], [ -98.901093970721348, 20.665231749501139 ], [ -98.901151267810334, 20.664351748126432 ], [ -98.901057414181693, 20.663664106809239 ], [ -98.900822012874769, 20.663313895842084 ], [ -98.899883321783477, 20.663281116994405 ], [ -98.899010415752429, 20.663054395377245 ], [ -98.898323821185755, 20.662693945937477 ], [ -98.897521889372328, 20.662482897429914 ], [ -98.896756170950766, 20.662322436455778 ], [ -98.895905612900464, 20.662294193409881 ], [ -98.894430079214516, 20.662694381306345 ], [ -98.893151368400027, 20.663151331845626 ], [ -98.892121189450151, 20.662780691908701 ], [ -98.890947623087712, 20.663166271355646 ], [ -98.890155585832488, 20.663248548628697 ], [ -98.889466495026298, 20.664157338108339 ], [ -98.888198698047532, 20.664893375759167 ], [ -98.887460969792244, 20.666298339883767 ], [ -98.887098797769411, 20.667623625642737 ], [ -98.887143181022239, 20.668492304652585 ], [ -98.887557517451143, 20.669092510517377 ], [ -98.888017955930962, 20.66943787220989 ], [ -98.888512283556963, 20.669679026038335 ], [ -98.8890590722837, 20.670128682272253 ], [ -98.889485384534723, 20.670610395165195 ], [ -98.890380856018623, 20.671333125790643 ], [ -98.891148192681868, 20.672256367790485 ], [ -98.892248710940152, 20.672843355664028 ], [ -98.892949994400027, 20.673803688507768 ], [ -98.89330074063588, 20.674133869354446 ], [ -98.893332358416117, 20.674553842754673 ], [ -98.893459424950322, 20.675363833949138 ], [ -98.893649958496283, 20.675831883219828 ], [ -98.894294991781749, 20.676394424456483 ], [ -98.894748734420048, 20.677024300339887 ], [ -98.894891514365639, 20.677968786906884 ], [ -98.894699647517641, 20.678890582482772 ], [ -98.894464296205982, 20.679677326063775 ], [ -98.893697416136575, 20.680591039454196 ], [ -98.893138601784827, 20.681228805076557 ], [ -98.893138038613472, 20.682034158547467 ], [ -98.893235359325573, 20.682793556776229 ], [ -98.893488457196568, 20.683621018018567 ], [ -98.893090873019744, 20.684243659736008 ], [ -98.892727509342748, 20.684712962444916 ], [ -98.892284677091908, 20.685246240149027 ], [ -98.891921278262842, 20.685747553167651 ], [ -98.891463652870485, 20.68634314238782 ], [ -98.891143911304027, 20.686943632289669 ], [ -98.891494645900252, 20.687664685744387 ], [ -98.891871362710134, 20.688511277657586 ], [ -98.892392378305871, 20.688928379119893 ], [ -98.892887259473497, 20.689443534972064 ], [ -98.893017254606605, 20.689909426115946 ], [ -98.893434064141275, 20.690252912888578 ], [ -98.894273698192677, 20.690374856995355 ], [ -98.89521025234184, 20.690499542394029 ], [ -98.895693566649555, 20.69069441491752 ], [ -98.89597346400393, 20.691458972220474 ], [ -98.896843740063034, 20.692053865537417 ], [ -98.897335288404093, 20.692409841932989 ], [ -98.897877888990919, 20.692675015280642 ], [ -98.898577624767867, 20.693001216969439 ], [ -98.898901910312901, 20.693322834847155 ], [ -98.899065934074073, 20.693941536819647 ], [ -98.89862868893151, 20.694819575591318 ], [ -98.897841072146065, 20.695230509411413 ], [ -98.89737407078627, 20.695874761799551 ], [ -98.897490247005607, 20.696560499155467 ], [ -98.897162186449563, 20.697452027138787 ], [ -98.895789630886526, 20.698593472878002 ], [ -98.894762610053277, 20.699140005870632 ], [ -98.89378702127155, 20.699525631286097 ], [ -98.892862863737093, 20.699782545966137 ], [ -98.892400729081203, 20.699975374153144 ], [ -98.890788467261331, 20.699942274526553 ], [ -98.890550038750391, 20.700031769829458 ], [ -98.890347387273053, 20.700087666575975 ], [ -98.890299643526106, 20.700188475815914 ], [ -98.890347160858553, 20.700401404832984 ], [ -98.890454198967689, 20.700726413861283 ], [ -98.890751319262151, 20.700905126354897 ], [ -98.891064562266365, 20.701658324634735 ], [ -98.891390444334277, 20.702184336905855 ], [ -98.891599750063634, 20.702776012360069 ], [ -98.891911341749918, 20.703464326434283 ], [ -98.892111544027173, 20.7040689554109 ], [ -98.892354010290674, 20.705074192377204 ], [ -98.892330124248772, 20.705473567745084 ], [ -98.892117327253075, 20.70600593988776 ], [ -98.891975313841797, 20.706582741333762 ], [ -98.891786166802916, 20.707048575760737 ], [ -98.891418617881982, 20.708377541593297 ], [ -98.891457680170944, 20.708952968821812 ], [ -98.89129210505078, 20.709270302630458 ], [ -98.891260045782147, 20.70932407014239 ], [ -98.890986341183549, 20.709674266893156 ], [ -98.890805333409119, 20.71040034590229 ], [ -98.890257854930795, 20.710707105589545 ], [ -98.890054121566024, 20.711067609467367 ], [ -98.889915081272733, 20.711358782071862 ], [ -98.889679553716917, 20.711868085212618 ], [ -98.889915976251231, 20.712592430397201 ], [ -98.890419068900286, 20.713177676638146 ], [ -98.890566713207292, 20.713790550163804 ], [ -98.890714326720982, 20.714459131382583 ], [ -98.890388189338225, 20.714932435681366 ], [ -98.889736149048986, 20.715516945622959 ], [ -98.88941022871424, 20.715683858997309 ], [ -98.888906947469863, 20.715349291789746 ], [ -98.888433379699251, 20.714903326949447 ], [ -98.887989218282428, 20.714735916278936 ], [ -98.887574830262992, 20.714373549176891 ], [ -98.885282142205284, 20.712482637136851 ], [ -98.884805301118121, 20.712219812805163 ], [ -98.883874428072843, 20.711864267410743 ], [ -98.883146482913361, 20.711337095507183 ], [ -98.88258210506163, 20.710679134643534 ], [ -98.882081174151054, 20.710215671823288 ], [ -98.881424659071016, 20.709776476901919 ], [ -98.881113621735011, 20.709646260334448 ], [ -98.88063099023536, 20.709268128594456 ], [ -98.880480200437148, 20.709115432394796 ], [ -98.880258204420912, 20.708979587727971 ], [ -98.879961283388681, 20.708793236575907 ], [ -98.879450069990639, 20.708280985472054 ], [ -98.878702488285867, 20.707501782918936 ], [ -98.878108755907363, 20.707004979992867 ], [ -98.877042127818882, 20.707167792489876 ], [ -98.876276488807449, 20.707469038400003 ], [ -98.876374910111267, 20.708213685952938 ], [ -98.875022909742214, 20.707717161469251 ], [ -98.874071193405214, 20.707213076027866 ], [ -98.873193096251029, 20.7068617778909 ], [ -98.872025823830469, 20.70668576148325 ], [ -98.870923002771391, 20.706418901599115 ], [ -98.870268491999781, 20.70615476287286 ], [ -98.869737411190414, 20.705835013381101 ], [ -98.869383617073353, 20.705299604921695 ], [ -98.868968343491233, 20.705214773695584 ], [ -98.868150913172798, 20.705103206672462 ], [ -98.86772444668901, 20.704632301399705 ], [ -98.867447195523752, 20.70442677069504 ], [ -98.866675021106118, 20.704196297468901 ], [ -98.86640124780304, 20.704218195786758 ], [ -98.866161752618297, 20.704227512046025 ], [ -98.86593602166046, 20.704165900915736 ], [ -98.865585210038873, 20.704403657985949 ], [ -98.865629951504403, 20.704815333244728 ], [ -98.865715698956478, 20.705035911421877 ], [ -98.865715452779966, 20.705315575280441 ], [ -98.865689876427737, 20.70562400581187 ], [ -98.865273105153818, 20.705823905354816 ], [ -98.865030528087374, 20.705986235800431 ], [ -98.864717462962759, 20.70628258807821 ], [ -98.864850898090211, 20.706800070650129 ], [ -98.864582558210643, 20.70708510348388 ], [ -98.863832259952275, 20.707699187524131 ], [ -98.863457914278655, 20.707626691619446 ], [ -98.863144742994749, 20.707663342706574 ], [ -98.86287541069926, 20.707783133178122 ], [ -98.862664909303575, 20.707978197150574 ], [ -98.862345785886603, 20.708402445921905 ], [ -98.86218611820459, 20.708487863501947 ], [ -98.862067526065232, 20.708898455599876 ], [ -98.861818803639835, 20.709686024570253 ], [ -98.861599729334642, 20.710392635983702 ], [ -98.860968368309699, 20.711768686979021 ], [ -98.860225633646621, 20.713072705479458 ], [ -98.859824331674631, 20.714011410366894 ], [ -98.859728306346952, 20.714266712426529 ], [ -98.859625537772942, 20.714525011180321 ], [ -98.859579602478689, 20.714743285744142 ], [ -98.858864085606754, 20.716076572663535 ], [ -98.858317546529491, 20.716730117763255 ], [ -98.857744837374042, 20.716756880869212 ], [ -98.85750335053568, 20.716531916532965 ], [ -98.856990262936023, 20.716352713704964 ], [ -98.856459658934924, 20.716266863482947 ], [ -98.85521049432127, 20.715768723046157 ], [ -98.854836592069645, 20.715805982720731 ], [ -98.85446354560905, 20.716069586615941 ], [ -98.854056280848667, 20.716616570066574 ], [ -98.853146252173559, 20.717149879389851 ], [ -98.852475326599233, 20.717267348847077 ], [ -98.852162328641455, 20.717180560743532 ], [ -98.851757041969975, 20.716871907244354 ], [ -98.851426109207736, 20.716531790010475 ], [ -98.851127354086103, 20.716418265347048 ], [ -98.850958918658449, 20.716430409118853 ], [ -98.850652896455074, 20.716478678557955 ], [ -98.850271354756316, 20.716252332726786 ], [ -98.850008123837611, 20.716265430628447 ], [ -98.84989951329986, 20.716132393946481 ], [ -98.849871096829091, 20.715744216132716 ], [ -98.850025975878893, 20.715298262505094 ], [ -98.849960213969965, 20.714847910260538 ], [ -98.8503660921875, 20.714439712795663 ], [ -98.849999705885978, 20.713958213358765 ], [ -98.849691448707247, 20.713277022893603 ], [ -98.849319450951086, 20.712480237590476 ], [ -98.848359404312134, 20.711892162909798 ], [ -98.847599150865875, 20.711754093186556 ], [ -98.847078312328222, 20.711962015739878 ], [ -98.846467859463957, 20.712554998784842 ], [ -98.845503521740525, 20.712981107693057 ], [ -98.845484427753291, 20.712977500626501 ], [ -98.844350281725184, 20.712558696263589 ], [ -98.843207296819358, 20.709695533636626 ], [ -98.841772785846075, 20.70319465864355 ], [ -98.842614493036521, 20.702920858445829 ], [ -98.8430749068322, 20.70231090407761 ], [ -98.843982245908435, 20.701653529624579 ], [ -98.844580055680524, 20.701172970311596 ], [ -98.845457547731769, 20.700733301877936 ], [ -98.845939844551111, 20.700479981587179 ], [ -98.846386690978832, 20.700179868251773 ], [ -98.846354490279168, 20.699512424373367 ], [ -98.846486759058848, 20.699101634154832 ], [ -98.846671826506437, 20.698531127443335 ], [ -98.847069973906457, 20.697735605449328 ], [ -98.847474108689397, 20.697279377057463 ], [ -98.847581679622692, 20.696756785238737 ], [ -98.846862950746214, 20.696954039162065 ], [ -98.8466413365242, 20.696888528731076 ], [ -98.845950923976758, 20.696520423168561 ], [ -98.845678583863673, 20.697685713422356 ], [ -98.8452271125918, 20.698416512099278 ], [ -98.844759183038917, 20.698607309566867 ], [ -98.844230651112284, 20.69840604210814 ], [ -98.84406820172434, 20.698166889998795 ], [ -98.84379369098319, 20.698147513725871 ], [ -98.843306408124022, 20.697372661505142 ], [ -98.841744459817605, 20.695841601837046 ], [ -98.840459321955279, 20.695541893660327 ], [ -98.840095388981069, 20.694882239101425 ], [ -98.839527802055201, 20.69453226578435 ], [ -98.83922367391412, 20.69420235354395 ], [ -98.839241642956395, 20.693911893337404 ], [ -98.839003964330033, 20.693322430610184 ], [ -98.838382058943012, 20.692623352504789 ], [ -98.838112398210541, 20.692186829857246 ], [ -98.837743153711699, 20.692058162278414 ], [ -98.837593880636106, 20.68927183930272 ], [ -98.841720285905396, 20.689468616415823 ], [ -98.841856343898101, 20.685850267109466 ], [ -98.844609859925043, 20.685899641979148 ], [ -98.844897990625412, 20.682271652101051 ], [ -98.841678520777535, 20.682163481629139 ], [ -98.841675893121504, 20.68213545012182 ], [ -98.841711878409328, 20.6800441579006 ], [ -98.841817099983174, 20.680015413153942 ], [ -98.842927180108077, 20.680085044433454 ], [ -98.843872609745915, 20.680135784460649 ], [ -98.844942791640705, 20.68019067139122 ], [ -98.845686301408946, 20.680232493908129 ], [ -98.845825307529935, 20.680261247154945 ], [ -98.845834203678677, 20.680243775575562 ], [ -98.845894078813345, 20.680112778468587 ], [ -98.846671329367737, 20.679892523682806 ], [ -98.847228690083881, 20.679731455644877 ], [ -98.848974191732395, 20.679646191249418 ], [ -98.849834766741125, 20.679702738895852 ], [ -98.85036895148427, 20.679703202799356 ], [ -98.850784456142492, 20.679675662954939 ], [ -98.851555948899374, 20.67978792312525 ], [ -98.85200102100616, 20.67987200230997 ], [ -98.852802345172165, 20.679816889181481 ], [ -98.8525797911186, 20.67939007413808 ], [ -98.852358850188537, 20.679013198124267 ], [ -98.851811205526914, 20.67865586695607 ], [ -98.85171635046099, 20.678624055736737 ], [ -98.851620347608048, 20.678617394169674 ], [ -98.851462557807324, 20.678629728114821 ], [ -98.851177759295879, 20.678679584472416 ], [ -98.850668097547668, 20.678774686067712 ], [ -98.850327129463537, 20.678859578615818 ], [ -98.850123190925913, 20.678865143380051 ], [ -98.849722661915962, 20.678822090536404 ], [ -98.849361472926461, 20.67878597968085 ], [ -98.848817820547836, 20.678669507295428 ], [ -98.848080519899312, 20.678523823045779 ], [ -98.847623116179633, 20.678406152769547 ], [ -98.847203049974439, 20.678209652421138 ], [ -98.846677032247328, 20.677984184409095 ], [ -98.846105607956972, 20.677648447310837 ], [ -98.845867052860569, 20.677524102011432 ], [ -98.845535343089409, 20.67736947165692 ], [ -98.845200579808861, 20.677345491194565 ], [ -98.844829317921608, 20.677332120635974 ], [ -98.844285787489298, 20.677286692813674 ], [ -98.843084572421617, 20.676945631430673 ], [ -98.842406987155513, 20.676786591316926 ], [ -98.841920425888731, 20.676665684826602 ], [ -98.841613037646695, 20.676633739014566 ], [ -98.841251329466147, 20.676728538741951 ], [ -98.840826105946121, 20.676924922812312 ], [ -98.840573524020286, 20.677132804360181 ], [ -98.840076925118325, 20.677448409446384 ], [ -98.839894387676708, 20.67761134961335 ], [ -98.839886652220883, 20.677752717968577 ], [ -98.839297218812746, 20.677726616231627 ], [ -98.838642773010903, 20.677686680968694 ], [ -98.836515860537688, 20.677601762290447 ], [ -98.836497384996662, 20.67763656313009 ], [ -98.836517724838089, 20.679719672783879 ], [ -98.836357717920365, 20.679735813784319 ], [ -98.835510016532922, 20.679695403709811 ], [ -98.835042810241177, 20.679654937635597 ], [ -98.832885484155867, 20.679604185834943 ], [ -98.831675640507939, 20.679579079410697 ], [ -98.830835612775971, 20.679566021396173 ], [ -98.830808117003912, 20.681189550296072 ], [ -98.830823877411731, 20.68158474170362 ], [ -98.830819330712487, 20.681735321986185 ], [ -98.830813689204916, 20.681818805645232 ], [ -98.830652003273698, 20.681841683254678 ], [ -98.830509204463226, 20.68184286476264 ], [ -98.828722699303555, 20.681819158027587 ], [ -98.826428082670006, 20.681768069176403 ], [ -98.826317907569219, 20.682061098234929 ], [ -98.825773285184241, 20.683534303400222 ], [ -98.825684939723544, 20.683668011882865 ], [ -98.825643879008823, 20.684006928774785 ], [ -98.825492435231439, 20.684427706268711 ], [ -98.825257863406762, 20.684730495436192 ], [ -98.825077762689574, 20.685051340239141 ], [ -98.824903732227455, 20.6852931413198 ], [ -98.824674623833261, 20.685371494922066 ], [ -98.824444931978348, 20.685483480148857 ], [ -98.824220285625913, 20.685808015768028 ], [ -98.824062260197792, 20.686127356408782 ], [ -98.823833311744806, 20.686188428287483 ], [ -98.823406290899641, 20.686028403221243 ], [ -98.823027352030252, 20.685812682869006 ], [ -98.822748671611308, 20.685577638248866 ], [ -98.822515672889324, 20.685663165862014 ], [ -98.822454719770718, 20.685853523587944 ], [ -98.822483324855668, 20.686502598706699 ], [ -98.822218787340091, 20.686737082367973 ], [ -98.82208617976886, 20.687137422653731 ], [ -98.821917451444804, 20.687939663828704 ], [ -98.821942003719684, 20.688199312959579 ], [ -98.821906728299211, 20.688593428945165 ], [ -98.821997521194533, 20.688829590814386 ], [ -98.822234122943541, 20.688933581445188 ], [ -98.822554816418219, 20.689029945609374 ], [ -98.822851309593148, 20.689225432495153 ], [ -98.822813057170322, 20.689615296992496 ], [ -98.82261971027944, 20.689888635897351 ], [ -98.822672456265082, 20.690049845708238 ], [ -98.822830678465579, 20.690224682981931 ], [ -98.823311349849234, 20.690344824132154 ], [ -98.82331057998114, 20.690497525494091 ], [ -98.823161654097646, 20.690846610344124 ], [ -98.822782545984538, 20.691241263532557 ], [ -98.822481985907018, 20.691593844035928 ], [ -98.822181529251893, 20.691858200922177 ], [ -98.821712309224424, 20.69205180152904 ], [ -98.821280750895426, 20.692121934170633 ], [ -98.820755022920324, 20.692509563110047 ], [ -98.820454583139238, 20.692756275788135 ], [ -98.820041614596789, 20.692967576099768 ], [ -98.819234719293178, 20.693160821955587 ], [ -98.818634174265298, 20.693354279817427 ], [ -98.81782618581741, 20.693748396315804 ], [ -98.817284086950082, 20.693907102466056 ], [ -98.816674077696504, 20.694209080160583 ], [ -98.816419695865321, 20.694511433973307 ], [ -98.815995998967168, 20.694781755289441 ], [ -98.815623093063394, 20.695068051034195 ], [ -98.815284282927934, 20.695163257621456 ], [ -98.814996236155267, 20.695290367140707 ], [ -98.814843326005985, 20.695704326733576 ], [ -98.814784880801838, 20.696330795786661 ], [ -98.814948169997507, 20.696456458127756 ], [ -98.815099346559904, 20.69655534862833 ], [ -98.815138296065598, 20.696821304336634 ], [ -98.815177404490342, 20.696954304209875 ], [ -98.815326439858779, 20.697102194702154 ], [ -98.815420431779444, 20.697309119564533 ], [ -98.815412804896837, 20.697533979415311 ], [ -98.815384611930142, 20.697843708357325 ], [ -98.815664370626394, 20.697924437445785 ], [ -98.815893516585831, 20.697872678944993 ], [ -98.815863055208041, 20.698109664172787 ], [ -98.815825673825017, 20.698277789606426 ], [ -98.81582530884468, 20.698470258335323 ], [ -98.816042817557829, 20.698519184426896 ], [ -98.816251880521691, 20.698645154037678 ], [ -98.816643793257555, 20.698857739623847 ], [ -98.817029936160992, 20.698976280013543 ], [ -98.817147663996607, 20.699120148860047 ], [ -98.817016777385575, 20.699357029424782 ], [ -98.816933107797524, 20.699539901071702 ], [ -98.817083178932933, 20.699728451459393 ], [ -98.816888566414548, 20.700187901042536 ], [ -98.816779768559385, 20.700551659045885 ], [ -98.81695338036559, 20.700689406230538 ], [ -98.816996194274424, 20.700857479770335 ], [ -98.817121034093404, 20.701120783871104 ], [ -98.817325325636816, 20.701582595366059 ], [ -98.81745334617581, 20.701906430137157 ], [ -98.81761954680718, 20.702435116198732 ], [ -98.817519290060687, 20.702851054814335 ], [ -98.817776053732089, 20.703339549721107 ], [ -98.817913073217213, 20.703701666394597 ], [ -98.817824351912932, 20.704124021566937 ], [ -98.81783320428049, 20.704554277259483 ], [ -98.817679841212396, 20.705582548664793 ], [ -98.817859157876455, 20.706783461360619 ], [ -98.818156717968805, 20.707674365712268 ], [ -98.818332895920179, 20.70823557776087 ], [ -98.818407938512379, 20.708241716310653 ], [ -98.819341084336699, 20.708318042300291 ], [ -98.819413187769214, 20.708323939366167 ], [ -98.819559389042524, 20.708059351645332 ], [ -98.819885871755517, 20.707679244225289 ], [ -98.820363032901511, 20.707228510696204 ], [ -98.820658430465869, 20.706979528499673 ], [ -98.820820799391541, 20.706820577146253 ], [ -98.821956813646437, 20.707155991798768 ], [ -98.822063603556543, 20.707225673146215 ], [ -98.822123839181927, 20.707328883026136 ], [ -98.82206344408371, 20.707674675009265 ], [ -98.822008115077281, 20.708070574295181 ], [ -98.821925580742416, 20.708246986267632 ], [ -98.821758106196341, 20.708424699009363 ], [ -98.821459274956183, 20.708771660913783 ], [ -98.821284823149526, 20.709051219787288 ], [ -98.821257054501928, 20.709298307941676 ], [ -98.821300560885462, 20.709626838216373 ], [ -98.821383226742157, 20.709807399724561 ], [ -98.821503448249032, 20.709801478215081 ], [ -98.821661392216441, 20.709454606386675 ], [ -98.822030674058439, 20.709238471216828 ], [ -98.82226719355333, 20.709067839350446 ], [ -98.822522511955441, 20.708698305782136 ], [ -98.822619711427748, 20.70871111834084 ], [ -98.82279693379428, 20.708907613714917 ], [ -98.823047238235404, 20.709131637570827 ], [ -98.82318990675887, 20.70921086152239 ], [ -98.823302543161205, 20.709218181405472 ], [ -98.823358405290165, 20.709166302880561 ], [ -98.823403061734581, 20.709058828793349 ], [ -98.823432824349524, 20.708864578044761 ], [ -98.823429244924938, 20.708682808253137 ], [ -98.823391776493096, 20.708530940972235 ], [ -98.823400975658203, 20.708446575489912 ], [ -98.82343944421099, 20.708385415616316 ], [ -98.823498180184473, 20.708385525687273 ], [ -98.823586725009179, 20.708483739716026 ], [ -98.823713346582508, 20.708677197767415 ], [ -98.823799311266697, 20.708871347203132 ], [ -98.823861758434774, 20.70907625527412 ], [ -98.823865341497466, 20.709226518072128 ], [ -98.823838606824296, 20.709361639415668 ], [ -98.823711547034122, 20.70949527959721 ], [ -98.823578596685493, 20.709514659637438 ], [ -98.823436685392522, 20.709539392798849 ], [ -98.823317078351693, 20.709617198160341 ], [ -98.823300409744093, 20.709699920037586 ], [ -98.823509526232485, 20.710002963933366 ], [ -98.823704553240333, 20.710396943617233 ], [ -98.824013254809728, 20.710716312541301 ], [ -98.824456446160738, 20.711118175604451 ], [ -98.824815229343713, 20.711449437898295 ], [ -98.824522830556106, 20.711908041388586 ], [ -98.824737862199896, 20.712263299368242 ], [ -98.825085114891237, 20.712636320277525 ], [ -98.825398826250478, 20.712852719108412 ], [ -98.825700951939496, 20.712883995670534 ], [ -98.825962379333703, 20.713064325839529 ], [ -98.826285215247268, 20.71299984338857 ], [ -98.826539856038437, 20.713042369030827 ], [ -98.826779463100792, 20.713141235354055 ], [ -98.827049095257919, 20.71318377648938 ], [ -98.827348831333452, 20.713099537835188 ], [ -98.827589763470172, 20.713183418142645 ], [ -98.827927502495996, 20.713514443976038 ], [ -98.82808948995293, 20.713781693217026 ], [ -98.827818632172907, 20.714112111986204 ], [ -98.827601794991665, 20.714506172038476 ], [ -98.827500024075832, 20.714635000060721 ], [ -98.827475130930338, 20.715059775712437 ], [ -98.827596930218093, 20.715312485203366 ], [ -98.827816482169865, 20.71549640467979 ], [ -98.827938347727567, 20.715691706235717 ], [ -98.82798701205374, 20.715841007920861 ], [ -98.827973649558288, 20.717643700286793 ], [ -98.827911772498425, 20.717726649021145 ], [ -98.827743971851007, 20.717801185284102 ], [ -98.827514452209044, 20.717825859256582 ], [ -98.827408528195718, 20.717825752086064 ], [ -98.827170257976633, 20.717775709607686 ], [ -98.826872625303068, 20.717766297828515 ], [ -98.826694887092586, 20.71771079166232 ], [ -98.826489770897012, 20.717648240654587 ], [ -98.826326255911681, 20.717573602870349 ], [ -98.826173122050946, 20.717517383560985 ], [ -98.826023662535931, 20.717525436494313 ], [ -98.825921949219463, 20.71754598289931 ], [ -98.82575749636888, 20.717569755510304 ], [ -98.825598182669196, 20.717580036205007 ], [ -98.825518323625616, 20.717696230787652 ], [ -98.825422476625249, 20.717832047732436 ], [ -98.82510393986972, 20.717915523129243 ], [ -98.824892086077739, 20.717936278657259 ], [ -98.824435025370391, 20.717904358380665 ], [ -98.824033664803778, 20.717903948809187 ], [ -98.823494330021745, 20.717859635820425 ], [ -98.822948481797852, 20.7178604726946 ], [ -98.822670973657381, 20.717977078623765 ], [ -98.822626881285345, 20.718211875402389 ], [ -98.822873150002593, 20.71839832826835 ], [ -98.822828417663089, 20.718660309421811 ], [ -98.822733258743426, 20.718778147183748 ], [ -98.822564699961418, 20.718890095977695 ], [ -98.822433874959074, 20.718949778923459 ], [ -98.822283441280803, 20.718996571943045 ], [ -98.822182173836325, 20.719069353743162 ], [ -98.822126752964664, 20.719168057023765 ], [ -98.822087769801556, 20.719273343527899 ], [ -98.822079372985982, 20.719348063482418 ], [ -98.822031900759853, 20.719390165556074 ], [ -98.821954149484682, 20.719436601070779 ], [ -98.821875988632186, 20.719500502853453 ], [ -98.821738868687959, 20.719519847321763 ], [ -98.821372492387269, 20.719404581402749 ], [ -98.820413270442089, 20.719292052947562 ], [ -98.819711279410839, 20.719237424969599 ], [ -98.819195456394169, 20.719263833401879 ], [ -98.818937482495926, 20.719330927341417 ], [ -98.818874897534144, 20.719457613954944 ], [ -98.818511699136309, 20.719684765794529 ], [ -98.81818906264823, 20.71970338467608 ], [ -98.817826240387959, 20.719608196066723 ], [ -98.817322277329339, 20.719512859332781 ], [ -98.81693941665317, 20.719322840565358 ], [ -98.816596687454918, 20.719284557982412 ], [ -98.816294291160887, 20.719246313253887 ], [ -98.816132912540624, 20.719303022663013 ], [ -98.815907241070093, 20.719317577797923 ], [ -98.815618011354459, 20.719596507872176 ], [ -98.815400420032034, 20.719679646184741 ], [ -98.815168397166119, 20.719757002459737 ], [ -98.81502879187596, 20.719745863120217 ], [ -98.8148799958946, 20.719630410051337 ], [ -98.814699702219926, 20.719476634157292 ], [ -98.814627107021622, 20.719305394843325 ], [ -98.814317584668871, 20.719390644160164 ], [ -98.813989879431574, 20.71945875468321 ], [ -98.813716824376812, 20.719598576087563 ], [ -98.813643656847788, 20.719783582988342 ], [ -98.813437538042294, 20.71994707242526 ], [ -98.812911450028636, 20.719936072403705 ], [ -98.81261049106611, 20.719833536339994 ], [ -98.812403870105186, 20.719451122799356 ], [ -98.812227977633668, 20.719440410545175 ], [ -98.81206747303608, 20.719426742728803 ], [ -98.811835639656465, 20.719851376119891 ], [ -98.811633955975765, 20.720080424143738 ], [ -98.811400641243438, 20.72016987853981 ], [ -98.810423221327923, 20.720337244919413 ], [ -98.809994738161578, 20.720406830936646 ], [ -98.809603596085637, 20.720406397787489 ], [ -98.809137997591222, 20.720370854166525 ], [ -98.808858524892656, 20.720440605956391 ], [ -98.808485804849042, 20.720597826072641 ], [ -98.808243388232086, 20.720825258419708 ], [ -98.80775528278788, 20.721037967177729 ], [ -98.807268228381176, 20.721019804495977 ], [ -98.806931249811683, 20.720843262214792 ], [ -98.806650294114263, 20.720807713980218 ], [ -98.80640673302355, 20.720825055925673 ], [ -98.806181795112465, 20.720930505225084 ], [ -98.805919453041923, 20.720983055928322 ], [ -98.805547885795235, 20.720679202409691 ], [ -98.805104419914485, 20.720718412257511 ], [ -98.80455513669591, 20.720956058944665 ], [ -98.804027060599438, 20.721114304578371 ], [ -98.803710132840678, 20.721272788396092 ], [ -98.80358319452705, 20.721471202207827 ], [ -98.803350806456436, 20.721570212572477 ], [ -98.803013118617685, 20.721450691425286 ], [ -98.802780962915406, 20.721371002491651 ], [ -98.802527560843131, 20.72139057071006 ], [ -98.802176919341164, 20.721113891809992 ], [ -98.801867513767604, 20.721135914975292 ], [ -98.801629437321054, 20.721202776875948 ], [ -98.801391185914838, 20.721403915835904 ], [ -98.801200425551968, 20.721694630753607 ], [ -98.800938578394423, 20.721739090102922 ], [ -98.800391473697019, 20.721537038380095 ], [ -98.799796597483621, 20.721469210026044 ], [ -98.798658262413056, 20.722002802184612 ], [ -98.7981934636435, 20.722180234822435 ], [ -98.798107051630396, 20.722471370762339 ], [ -98.798003427151201, 20.722762489900973 ], [ -98.79778902438909, 20.723057170167493 ], [ -98.797544022652247, 20.723236698221648 ], [ -98.796607153631825, 20.72320509567259 ], [ -98.796224541566019, 20.723310243547807 ], [ -98.795848893256604, 20.723332415561401 ], [ -98.795164968931033, 20.723282661786822 ], [ -98.794609515042623, 20.723729694786091 ], [ -98.794390329790119, 20.723355731675881 ], [ -98.794160683341886, 20.723111826614115 ], [ -98.793941182645867, 20.723017849553152 ], [ -98.793574912434877, 20.722968444270318 ], [ -98.793112245042948, 20.722976582667556 ], [ -98.792477765258724, 20.722987373629003 ], [ -98.792321124622717, 20.723180669646915 ], [ -98.792203464484246, 20.723333083715687 ], [ -98.792022625965018, 20.723478210526402 ], [ -98.791913321109789, 20.723279319139571 ], [ -98.791744532652558, 20.723148879532918 ], [ -98.791521028027304, 20.723114971768599 ], [ -98.791270665669927, 20.723106258874157 ], [ -98.790932648923032, 20.723332793582358 ], [ -98.790771329360481, 20.723054065376701 ], [ -98.790527413094821, 20.722969468120159 ], [ -98.789316309373618, 20.723141112244083 ], [ -98.788823860219068, 20.722767909779197 ], [ -98.78800188682257, 20.722958710832579 ], [ -98.787674776448142, 20.72231540477441 ], [ -98.786375699135405, 20.721999337846146 ], [ -98.785159611790846, 20.721226015595843 ], [ -98.7850638949337, 20.721284848715996 ], [ -98.784978646414501, 20.721337246505136 ], [ -98.784724629913811, 20.721929140220563 ], [ -98.782801366507201, 20.722584307068896 ], [ -98.782151481648484, 20.722262008204549 ], [ -98.781789713834328, 20.723033584183188 ], [ -98.781674013079524, 20.723303958054693 ], [ -98.781348479541677, 20.723460572330708 ], [ -98.78121878120929, 20.723856450491319 ], [ -98.781089067534168, 20.724612266567512 ], [ -98.780799213513262, 20.724914287789939 ], [ -98.779640869993003, 20.725240913856357 ], [ -98.778552802979192, 20.725733713944528 ], [ -98.777501099315288, 20.726141353696789 ], [ -98.77713824520481, 20.726413547474301 ], [ -98.776630567723359, 20.726583300439373 ], [ -98.775995845216343, 20.726872181884726 ], [ -98.775488012096602, 20.727144179711409 ], [ -98.775128180229089, 20.727524382851506 ], [ -98.775045813927022, 20.72790885932692 ], [ -98.774832982319069, 20.728016263705509 ], [ -98.77417836976349, 20.728169237232297 ], [ -98.773720211725831, 20.728230171800654 ], [ -98.773425626768656, 20.728306700493043 ], [ -98.773024805236631, 20.728321203059732 ], [ -98.772537012996921, 20.728456867361096 ], [ -98.772273296462345, 20.728555650915848 ], [ -98.772497195601119, 20.728642688381079 ], [ -98.772971062886484, 20.729015073211752 ], [ -98.773089222403868, 20.72931263000644 ], [ -98.77302257047009, 20.729820608300614 ], [ -98.772857905872158, 20.730385384466938 ], [ -98.772831338974513, 20.730800160052112 ], [ -98.772648533847786, 20.731580734082254 ], [ -98.772128513196179, 20.732263260589022 ], [ -98.771919855167013, 20.73297060111064 ], [ -98.771607656338759, 20.733506996442717 ], [ -98.771113948191655, 20.733945547217491 ], [ -98.770502965237441, 20.734726553422952 ], [ -98.769737058984944, 20.735231578285845 ], [ -98.769421851676, 20.735325960204463 ], [ -98.76887974502948, 20.735455581516291 ], [ -98.768463394205838, 20.735763118054994 ], [ -98.768148004084864, 20.735975989200853 ], [ -98.767719123101074, 20.736236107829995 ], [ -98.767290457551567, 20.73635402924123 ], [ -98.767025565661314, 20.73650772234026 ], [ -98.766634698090982, 20.736625688737849 ], [ -98.7664202413754, 20.736767593776957 ], [ -98.766268604497029, 20.737028087610383 ], [ -98.765811229587115, 20.737276752293539 ], [ -98.765446949604737, 20.737454829960246 ], [ -98.764813543930543, 20.737677183717466 ], [ -98.762960795602126, 20.738719942995534 ], [ -98.762725337547096, 20.738717984011235 ], [ -98.762381737862995, 20.738698201496632 ], [ -98.761913977063969, 20.738718498004506 ], [ -98.761378544811606, 20.739283191316716 ], [ -98.760664407084676, 20.740182710238301 ], [ -98.759845978175079, 20.740448446104605 ], [ -98.759360837722568, 20.74055923699056 ], [ -98.758629605974264, 20.740695677533886 ], [ -98.758190911147196, 20.740750048859876 ], [ -98.757825540344925, 20.740667056299259 ], [ -98.757474593710754, 20.740707801854679 ], [ -98.757182029269117, 20.740803613611245 ], [ -98.756787290124024, 20.740803054953481 ], [ -98.756568114349804, 20.740720266293277 ], [ -98.756319880314379, 20.740527461469629 ], [ -98.756100559546454, 20.740540895670268 ], [ -98.755657538920076, 20.740563111468241 ], [ -98.754999273654633, 20.740484793205027 ], [ -98.754279091031336, 20.740522455961386 ], [ -98.753887857056412, 20.740715352289577 ], [ -98.753455660162388, 20.740792114448436 ], [ -98.753085216336871, 20.740849619642166 ], [ -98.752883388440068, 20.740807391983608 ], [ -98.752582010036804, 20.740554729673814 ], [ -98.752129358965703, 20.740538317062388 ], [ -98.751676518081311, 20.740632247539512 ], [ -98.751290878842354, 20.740647452973839 ], [ -98.751056001282123, 20.740741700594896 ], [ -98.750720499868464, 20.740851561401534 ], [ -98.750301249751331, 20.740914013367696 ], [ -98.749898917348617, 20.740881899281607 ], [ -98.749580539867708, 20.7407710844838 ], [ -98.749111102547346, 20.740770399321356 ], [ -98.748825892060594, 20.740880334079492 ], [ -98.748373215315169, 20.740879673858323 ], [ -98.747920658380465, 20.740800189000733 ], [ -98.747291915632374, 20.740735647202062 ] ] ] } },
{ "type": "Feature", "properties": { "CVEGEO": "13077", "NOM_ENT": "Hidalgo", "NOMBRE": "Tulancingo de Bravo", "POB1": 151584, "POB2": 8287, "POB2_R": 5.5, "POB3": 14421, "POB3_R": 9.5, "POB4": 9228, "POB4_R": 6.1, "POB5": 17954, "POB5_R": 11.8, "POB6": 20069, "POB6_R": 13.2, "POB7": 8276, "POB7_R": 5.5, "POB8": 43745, "POB8_R": 28.9, "POB9": 8973, "POB9_R": 5.9, "POB10": 28809, "POB10_R": 19.0, "POB11": 40997, "POB11_R": 27.0, "POB12": 97947, "POB12_R": 64.6, "POB13": 19836, "POB13_R": 13.1, "POB14": 40826, "POB14_R": 26.9, "POB15": 12120, "POB15_R": 8.0, "POB16": 4004, "POB16_R": 2.6, "POB17": 141396, "POB17_R": 93.3, "POB18": 135262, "POB18_R": 89.2, "POB19": 114214, "POB19_R": 75.3, "POB20": 105938, "POB20_R": 69.9, "POB21": 96965, "POB21_R": 64.0, "POB22": 77129, "POB22_R": 50.9, "POB23": 11995, "POB23_R": 7.9, "POB24": 7991, "POB24_R": 5.3, "POB25": 5223, "POB25_R": 3.4, "POB26_R": 88.8, "POB27_R": 52.8, "POB28_R": 44.7, "POB29_R": 8.2, "POB30_R": 25.0, "POB31": 80297, "POB31_R": 53.0, "POB32": 4058, "POB32_R": 5.1, "POB33": 7072, "POB33_R": 8.8, "POB34": 4530, "POB34_R": 5.6, "POB35": 8778, "POB35_R": 10.9, "POB36": 9900, "POB36_R": 12.3, "POB37": 4160, "POB37_R": 5.2, "POB38": 21526, "POB38_R": 26.8, "POB39": 4491, "POB39_R": 5.6, "POB40": 15191, "POB40_R": 18.9, "POB41": 21924, "POB41_R": 27.3, "POB42": 44466, "POB42_R": 55.4, "POB43": 53181, "POB43_R": 66.2, "POB44": 10700, "POB44_R": 13.3, "POB45": 22542, "POB45_R": 28.1, "POB46": 6510, "POB46_R": 8.1, "POB47": 2205, "POB47_R": 2.7, "POB48": 75289, "POB48_R": 93.8, "POB49": 72275, "POB49_R": 90.0, "POB50": 61981, "POB50_R": 77.2, "POB51": 57821, "POB51_R": 72.0, "POB52": 53330, "POB52_R": 66.4, "POB53": 42630, "POB53_R": 53.1, "POB54": 6845, "POB54_R": 8.5, "POB55": 4640, "POB55_R": 5.8, "POB56": 3109, "POB56_R": 3.9, "POB57": 71287, "POB57_R": 47.0, "POB58": 4229, "POB58_R": 5.9, "POB59": 7349, "POB59_R": 10.3, "POB60": 4698, "POB60_R": 6.6, "POB61": 9176, "POB61_R": 12.9, "POB62": 10169, "POB62_R": 14.3, "POB63": 4116, "POB63_R": 5.8, "POB64": 22219, "POB64_R": 31.2, "POB65": 4482, "POB65_R": 6.3, "POB66": 13618, "POB66_R": 19.1, "POB67": 19073, "POB67_R": 26.8, "POB68": 44766, "POB68_R": 62.8, "POB69": 9136, "POB69_R": 12.8, "POB70": 18284, "POB70_R": 25.6, "POB71": 5610, "POB71_R": 7.9, "POB72": 1799, "POB72_R": 2.5, "POB73": 66107, "POB73_R": 92.7, "POB74": 62987, "POB74_R": 88.4, "POB75": 52233, "POB75_R": 73.3, "POB76": 48117, "POB76_R": 67.5, "POB77": 43635, "POB77_R": 61.2, "POB78": 34499, "POB78_R": 48.4, "POB79": 5150, "POB79_R": 7.2, "POB80": 3351, "POB80_R": 4.7, "POB81": 2114, "POB81_R": 3.0, "OID": 77 }, "geometry": { "type": "Polygon", "coordinates": [ [ [ -98.289367147846846, 20.212298495153128 ], [ -98.283370152559101, 20.205235094971577 ], [ -98.279156285903582, 20.208798674076863 ], [ -98.278976855925222, 20.208873934914426 ], [ -98.278798086054536, 20.208805648459052 ], [ -98.278727426295106, 20.208594252247742 ], [ -98.278473592680839, 20.208247704607999 ], [ -98.278196505450182, 20.207953972229113 ], [ -98.278111050171987, 20.207868876864577 ], [ -98.277999174926407, 20.207430085595099 ], [ -98.277690861990095, 20.207194153525446 ], [ -98.277430138874024, 20.206802957184813 ], [ -98.276454205913467, 20.205971081837664 ], [ -98.275833057586411, 20.205441612507034 ], [ -98.276264400541265, 20.205158279600958 ], [ -98.276541923043624, 20.204866286002325 ], [ -98.276733463288764, 20.204360176194928 ], [ -98.276952921077282, 20.203711242483458 ], [ -98.277073398854128, 20.203191864571867 ], [ -98.277025572179539, 20.202590777148611 ], [ -98.276985022107581, 20.202494980058447 ], [ -98.276465576002593, 20.201824036912203 ], [ -98.276400221590222, 20.201739621460504 ], [ -98.276298016460117, 20.201699024746496 ], [ -98.276131141736613, 20.201632739395876 ], [ -98.274236973446875, 20.199589475299319 ], [ -98.273854938282383, 20.19917735912508 ], [ -98.273570775655202, 20.19887081985291 ], [ -98.272886479509083, 20.198039567280546 ], [ -98.272252070756238, 20.197286444795907 ], [ -98.272220178347155, 20.197248584257583 ], [ -98.272174540222068, 20.196828794419801 ], [ -98.272343432870812, 20.1964896193189 ], [ -98.272964297952242, 20.19582457760832 ], [ -98.273984076221652, 20.195173320846859 ], [ -98.280435022231956, 20.192093110431255 ], [ -98.282160418243265, 20.192751887940119 ], [ -98.282820253892297, 20.192927657682787 ], [ -98.283515399523964, 20.193542999090159 ], [ -98.28409240312179, 20.194177795705279 ], [ -98.284640565954234, 20.194407649319952 ], [ -98.284684484523638, 20.194423453500541 ], [ -98.284954852903766, 20.194582371989572 ], [ -98.286234933911473, 20.193865970060987 ], [ -98.286807712418693, 20.194618179358006 ], [ -98.287652017443946, 20.194130178150559 ], [ -98.288214466214029, 20.194829876878451 ], [ -98.288237544463755, 20.194859592129095 ], [ -98.288270379239336, 20.194836558406269 ], [ -98.288888401511315, 20.195595507417803 ], [ -98.289668015029093, 20.19512169582088 ], [ -98.290546225375991, 20.194613019769903 ], [ -98.29141718210461, 20.194100951108467 ], [ -98.292660268001839, 20.193367655014935 ], [ -98.291653700694994, 20.191667156203298 ], [ -98.291536019943308, 20.191367862687592 ], [ -98.291437574711736, 20.191087222478679 ], [ -98.291188666017135, 20.190912098603395 ], [ -98.291322942504607, 20.190853354841217 ], [ -98.291734435302928, 20.189226981397429 ], [ -98.291619042146223, 20.188158771465261 ], [ -98.290708789575532, 20.185003111697338 ], [ -98.289433558859329, 20.184650014658644 ], [ -98.288163277326078, 20.185041622062091 ], [ -98.287118718664942, 20.184686344760721 ], [ -98.286542605592786, 20.183738970647095 ], [ -98.286588422076775, 20.183453615249157 ], [ -98.286296084100044, 20.183133296367007 ], [ -98.285344772271856, 20.183158786908965 ], [ -98.285379456733878, 20.183132325545678 ], [ -98.284116914178185, 20.18249228560958 ], [ -98.283887668170962, 20.182098201455915 ], [ -98.284805603911877, 20.181593516684519 ], [ -98.284967226069668, 20.181703255465258 ], [ -98.286001935907834, 20.181167814315184 ], [ -98.287900272208347, 20.180084957479082 ], [ -98.290311494878097, 20.178139090147575 ], [ -98.290279570804501, 20.178028785319079 ], [ -98.290270846120393, 20.176826914523545 ], [ -98.289465773906798, 20.175526492147458 ], [ -98.289099493996829, 20.175144126110286 ], [ -98.288911183828503, 20.174784879666859 ], [ -98.288859469481594, 20.174622029875529 ], [ -98.288313693927776, 20.174881423543066 ], [ -98.288076937186815, 20.174470311086228 ], [ -98.287827112553259, 20.17408406607894 ], [ -98.285515697869613, 20.175638750404886 ], [ -98.285443120972218, 20.175679826941341 ], [ -98.282380852369869, 20.176435626857163 ], [ -98.281951840152686, 20.175209307873875 ], [ -98.281784644783627, 20.174730020660743 ], [ -98.280741995641733, 20.171313741820782 ], [ -98.279563058837766, 20.167450705245795 ], [ -98.278793287068666, 20.164963824788863 ], [ -98.278753261889008, 20.164834514577343 ], [ -98.278460382242059, 20.164291098304364 ], [ -98.277769893104235, 20.163009930223676 ], [ -98.276884337898352, 20.162757675511163 ], [ -98.276095075804136, 20.165968009060432 ], [ -98.275622616039527, 20.1665874797995 ], [ -98.274023913792576, 20.167121725236914 ], [ -98.273909481478029, 20.167163033246496 ], [ -98.273401636927247, 20.167346349794403 ], [ -98.272650296842116, 20.167617555901373 ], [ -98.272650263856974, 20.167617567789534 ], [ -98.272650213394428, 20.16761758650463 ], [ -98.272229504060576, 20.167769445952462 ], [ -98.272183830453841, 20.167785932083515 ], [ -98.272185669162866, 20.167718591590688 ], [ -98.272052385332842, 20.166905037906488 ], [ -98.271829651477276, 20.166151371822004 ], [ -98.271784065641711, 20.166026064261771 ], [ -98.271457715447895, 20.16521727064919 ], [ -98.271457701088536, 20.165217234017128 ], [ -98.271457688598943, 20.165217199244964 ], [ -98.271410665177285, 20.165100659575099 ], [ -98.270953977060927, 20.163817157476824 ], [ -98.270521785075644, 20.162550366786114 ], [ -98.27051765609535, 20.16253826052483 ], [ -98.27049973615425, 20.162478460059109 ], [ -98.270169778617472, 20.161508252017263 ], [ -98.269857263346708, 20.160646086030962 ], [ -98.269859571242392, 20.160568726264046 ], [ -98.269505822233882, 20.159527481180572 ], [ -98.269277793944696, 20.158807621267442 ], [ -98.269260682197398, 20.158726474010315 ], [ -98.269041262028168, 20.158087002842837 ], [ -98.268856372034563, 20.157527985889722 ], [ -98.268771988116299, 20.157329046696443 ], [ -98.268733004314939, 20.157237134891833 ], [ -98.268669315941523, 20.156988169107358 ], [ -98.268636130523575, 20.156858442661846 ], [ -98.268630327146653, 20.156843398360554 ], [ -98.268617277274487, 20.156809564744407 ], [ -98.268550826041178, 20.156594791369109 ], [ -98.268550789076642, 20.156594668925347 ], [ -98.268550760860819, 20.156594577533955 ], [ -98.268309727066509, 20.155815527980909 ], [ -98.26760087803595, 20.155915938243194 ], [ -98.267364422662766, 20.15595167988544 ], [ -98.267276861446604, 20.155946015536756 ], [ -98.267202719751324, 20.155931843429546 ], [ -98.266302787088605, 20.155696188494165 ], [ -98.266167985515963, 20.155611677229743 ], [ -98.266133475431658, 20.155552448125825 ], [ -98.265972538614818, 20.155258897297632 ], [ -98.265947572498249, 20.155213358819001 ], [ -98.265939926624966, 20.155213526325763 ], [ -98.265784098338273, 20.155219582871098 ], [ -98.26546055119789, 20.155232158544138 ], [ -98.264747652974975, 20.155166513000783 ], [ -98.264032899165301, 20.15510430124348 ], [ -98.264011614095395, 20.155075298363386 ], [ -98.263551604623501, 20.154448475633348 ], [ -98.263489805779173, 20.153962344164572 ], [ -98.263489515382631, 20.153960059594407 ], [ -98.261969384046765, 20.15285231451913 ], [ -98.261911428225375, 20.152810080941535 ], [ -98.261762309348399, 20.152298155539675 ], [ -98.261748691419783, 20.152251404767867 ], [ -98.261434958334391, 20.152054473785544 ], [ -98.261113013558571, 20.151916710708882 ], [ -98.260633841312426, 20.151862289831566 ], [ -98.258952044702212, 20.150849089676857 ], [ -98.257314121192763, 20.149965347910918 ], [ -98.257128422635219, 20.14982698131525 ], [ -98.256803257961707, 20.149584694152672 ], [ -98.256709468093817, 20.149383747725839 ], [ -98.256608162009371, 20.149166696716595 ], [ -98.256908191925319, 20.148644163936726 ], [ -98.256269006735522, 20.147717175839226 ], [ -98.256035642209881, 20.147123613037284 ], [ -98.255153789374944, 20.146039976019054 ], [ -98.254104275359921, 20.145187856993363 ], [ -98.253337058030354, 20.14471644291244 ], [ -98.252793160742101, 20.144170846629958 ], [ -98.252473701935529, 20.143790638745262 ], [ -98.252271646193833, 20.143433838590354 ], [ -98.252180474416093, 20.143023106042143 ], [ -98.252087557312805, 20.142310631928229 ], [ -98.251976459165093, 20.141330042416939 ], [ -98.252041213517245, 20.140663893281037 ], [ -98.252116463146194, 20.140378827390812 ], [ -98.252156277828149, 20.140234856555484 ], [ -98.252356963968353, 20.139842557913642 ], [ -98.252629573650097, 20.13961253890206 ], [ -98.252764283323856, 20.139363280265989 ], [ -98.252635035368627, 20.139063272005195 ], [ -98.252537567337953, 20.138860074305235 ], [ -98.252458538980079, 20.138679113481039 ], [ -98.252291700955368, 20.138596905245134 ], [ -98.252195137738298, 20.13857416920051 ], [ -98.252097908755047, 20.138533435109604 ], [ -98.251866894556599, 20.138477877860851 ], [ -98.251629478680854, 20.138339483000152 ], [ -98.251141605379175, 20.138074068224622 ], [ -98.250791226168545, 20.137870757194936 ], [ -98.250624617444473, 20.13775258971749 ], [ -98.250528293951803, 20.137512982624099 ], [ -98.249984503771358, 20.136670955649208 ], [ -98.249392036478625, 20.135598149756785 ], [ -98.248968733452912, 20.134749974521689 ], [ -98.248953528912949, 20.134289950656409 ], [ -98.248816110113466, 20.133911539806434 ], [ -98.248590660979772, 20.13374630885858 ], [ -98.24847009754626, 20.133482958278268 ], [ -98.248419772213481, 20.133088493028605 ], [ -98.248387087134944, 20.132644820240778 ], [ -98.248391654503209, 20.132526536239041 ], [ -98.248234705208901, 20.132498907947305 ], [ -98.248020637524391, 20.132471036049516 ], [ -98.24784998889929, 20.13232203448365 ], [ -98.247807921099508, 20.132160103049582 ], [ -98.247766307050611, 20.131903816928176 ], [ -98.247695748569356, 20.131728282516043 ], [ -98.247596563066494, 20.131566107522772 ], [ -98.247483035925669, 20.131417351130992 ], [ -98.247383465233341, 20.131336047649256 ], [ -98.247098126884637, 20.131280912548974 ], [ -98.246884771064558, 20.13110476819238 ], [ -98.246656814469588, 20.130995960086594 ], [ -98.246615848573811, 20.130604882602206 ], [ -98.246556956743149, 20.129152351069759 ], [ -98.246710649907627, 20.128507815309749 ], [ -98.246817162858633, 20.128038045542432 ], [ -98.24686580367954, 20.127557091746841 ], [ -98.247053405944314, 20.12708766903544 ], [ -98.247259168927741, 20.126163104419106 ], [ -98.247354066583398, 20.125579752829676 ], [ -98.247266782785104, 20.123296448940021 ], [ -98.247214845621272, 20.122634888318004 ], [ -98.247105745508634, 20.122404068289171 ], [ -98.247043841694165, 20.12218087979717 ], [ -98.247279519814967, 20.115906342699752 ], [ -98.247482784022054, 20.110592050626764 ], [ -98.247944928112247, 20.110833664696454 ], [ -98.248420776195701, 20.111079182175512 ], [ -98.249550400929763, 20.111144854351906 ], [ -98.251373361229241, 20.11117909663362 ], [ -98.252306060744033, 20.111064483575362 ], [ -98.253154577488829, 20.110712919004783 ], [ -98.253815957057583, 20.110138589708949 ], [ -98.254572260624556, 20.109387081586618 ], [ -98.255145199489931, 20.107613727619331 ], [ -98.255105298548585, 20.106597483764613 ], [ -98.254432455459764, 20.10491171616955 ], [ -98.254866760842006, 20.103052160952249 ], [ -98.254808795295929, 20.102890224427096 ], [ -98.254565697047909, 20.102474371675616 ], [ -98.25532551915218, 20.101889216409308 ], [ -98.255864121843999, 20.101744115679718 ], [ -98.256166585147611, 20.101526129930601 ], [ -98.255743714920243, 20.101447016819652 ], [ -98.25610861377632, 20.101159785013433 ], [ -98.255991023057078, 20.100687164056939 ], [ -98.256165589320858, 20.100559701163686 ], [ -98.256812509285325, 20.10071369197524 ], [ -98.257069408958088, 20.100896489734964 ], [ -98.257100396178402, 20.100704130899558 ], [ -98.257499104942795, 20.100357692466908 ], [ -98.260594042162211, 20.101509138351997 ], [ -98.263606700888246, 20.095531681399457 ], [ -98.264086455721809, 20.094957058855616 ], [ -98.264698997984709, 20.095031955883979 ], [ -98.266556163479677, 20.095416220837397 ], [ -98.267426776470543, 20.095088021108054 ], [ -98.267857751330979, 20.095202788976664 ], [ -98.268387645624088, 20.095461523092034 ], [ -98.268456916076971, 20.095399296662148 ], [ -98.268512462373778, 20.09540662079689 ], [ -98.268854606756264, 20.09554621028105 ], [ -98.269180428410664, 20.095252302617702 ], [ -98.269268206197495, 20.095236829503211 ], [ -98.269862988092797, 20.095660554822146 ], [ -98.269938313609117, 20.095683120268486 ], [ -98.27063549156712, 20.095916935719494 ], [ -98.270818171461997, 20.09540062900588 ], [ -98.276334708687841, 20.091078761292994 ], [ -98.277826671658545, 20.089887892277204 ], [ -98.278456917218264, 20.089412754450375 ], [ -98.279009077434694, 20.089349898801892 ], [ -98.279284414249148, 20.089481238315134 ], [ -98.279627546063239, 20.089873287243602 ], [ -98.279833008341072, 20.090199666369781 ], [ -98.280107455593949, 20.090526326713469 ], [ -98.28052076210092, 20.090658224967907 ], [ -98.281073222021959, 20.090530255500461 ], [ -98.281460443694755, 20.090421175488366 ], [ -98.281745777324346, 20.090484562095483 ], [ -98.2821617156565, 20.090818136665376 ], [ -98.282645275089166, 20.091571013913981 ], [ -98.2830153801157, 20.091777568172937 ], [ -98.283458422411698, 20.091864802335294 ], [ -98.283829770644843, 20.091797954654009 ], [ -98.284008381769141, 20.091568671471002 ], [ -98.284039525021967, 20.09126290279179 ], [ -98.284262768000914, 20.089071048807007 ], [ -98.285138119481516, 20.087800353500189 ], [ -98.285814184282103, 20.087292153789168 ], [ -98.28604996305117, 20.087883103007499 ], [ -98.286420185000381, 20.088765599332092 ], [ -98.28674615329281, 20.089123833159949 ], [ -98.287336759410138, 20.089913824737732 ], [ -98.288147455886417, 20.090257870883722 ], [ -98.288914769108771, 20.090218359350203 ], [ -98.289550340747681, 20.089368972880241 ], [ -98.28973983019597, 20.088446364022772 ], [ -98.289822799653464, 20.08836364782541 ], [ -98.290663787681595, 20.087854234307702 ], [ -98.291028499071913, 20.088106444973615 ], [ -98.291037400213781, 20.088120034122202 ], [ -98.291737285752944, 20.089213927792542 ], [ -98.292491311990446, 20.090343515737171 ], [ -98.293006522402464, 20.090987315883925 ], [ -98.29371629544427, 20.091570774122715 ], [ -98.294040129649858, 20.091656210746212 ], [ -98.294449959072878, 20.091471938006446 ], [ -98.294957971932661, 20.091507043918917 ], [ -98.296854265756082, 20.091822941566772 ], [ -98.297134699779591, 20.092036412997189 ], [ -98.297353363335915, 20.092253677091474 ], [ -98.297639541534537, 20.092461955059367 ], [ -98.297931864863259, 20.092456510126592 ], [ -98.298181694141462, 20.092592182860354 ], [ -98.298318028990963, 20.092738571361515 ], [ -98.298488733110773, 20.09285926682794 ], [ -98.298808260184444, 20.093081684067744 ], [ -98.299077641451447, 20.093163641688374 ], [ -98.299286328686676, 20.093173270171956 ], [ -98.299497710298809, 20.092992971021719 ], [ -98.299718497438349, 20.093158763081643 ], [ -98.299756911948265, 20.093155832485163 ], [ -98.299905561657923, 20.093079197357991 ], [ -98.299962182207921, 20.092997371145145 ], [ -98.300129805231407, 20.093175122135985 ], [ -98.300656492779325, 20.093690578570047 ], [ -98.301255399594666, 20.09431726798265 ], [ -98.301653411938204, 20.094650618658285 ], [ -98.302211487376155, 20.094924278145214 ], [ -98.302881756444492, 20.095122975949582 ], [ -98.303360007360709, 20.095381237133466 ], [ -98.303554857535431, 20.095561038891436 ], [ -98.304705114985282, 20.096273071679015 ], [ -98.305397039450455, 20.096731357680426 ], [ -98.305984112486229, 20.096079351228649 ], [ -98.30746234020468, 20.097047557259788 ], [ -98.307544836675035, 20.097096085805752 ], [ -98.307555630007954, 20.097112609537451 ], [ -98.307619022393979, 20.096270158840106 ], [ -98.307967180914133, 20.095681883176411 ], [ -98.308050631523145, 20.095508768031888 ], [ -98.308061431946896, 20.095317987374372 ], [ -98.308056978907885, 20.094869686820513 ], [ -98.307993629871305, 20.094333963083496 ], [ -98.30822716811501, 20.094141392293256 ], [ -98.308280738396334, 20.093819629735364 ], [ -98.308559461397735, 20.093608562629981 ], [ -98.308864353759304, 20.093507596909753 ], [ -98.308979814970215, 20.093405889349164 ], [ -98.30917690649504, 20.093202342412418 ], [ -98.309319624696641, 20.093056045712448 ], [ -98.309454540090584, 20.093145962638459 ], [ -98.309568573037467, 20.093369884436846 ], [ -98.309736869085455, 20.093562091812149 ], [ -98.309905835973311, 20.093601061934759 ], [ -98.310183947937858, 20.093436139393614 ], [ -98.31027086511456, 20.093102682513592 ], [ -98.31046598690007, 20.092881981609512 ], [ -98.310626675539865, 20.092646393517153 ], [ -98.310802810805271, 20.092230926765435 ], [ -98.311059494989763, 20.091758146925784 ], [ -98.311406822272602, 20.091333387364038 ], [ -98.311681357342053, 20.091132896980376 ], [ -98.311965468030422, 20.091099691480132 ], [ -98.312306197212692, 20.091328522325004 ], [ -98.312386759285985, 20.091490853844693 ], [ -98.31245138122371, 20.091719654344899 ], [ -98.312443768731825, 20.092035198913454 ], [ -98.312578042899361, 20.092566400964945 ], [ -98.313073734585544, 20.09338974844427 ], [ -98.313341180890916, 20.093449713277302 ], [ -98.313515700363681, 20.093540849709438 ], [ -98.313762661262786, 20.093573565701469 ], [ -98.314027384752222, 20.093733688819146 ], [ -98.314265253025397, 20.093839721754911 ], [ -98.314521063469158, 20.094001947487644 ], [ -98.314785376273676, 20.094213080897887 ], [ -98.315219792909744, 20.094228180664786 ], [ -98.315408737508463, 20.094285298264342 ], [ -98.315711449239245, 20.094414230213143 ], [ -98.316434966203701, 20.094401454548581 ], [ -98.317668614229049, 20.094315956207868 ], [ -98.317865896257516, 20.095314209098785 ], [ -98.317921517958936, 20.095332329238268 ], [ -98.317704256611606, 20.095821537633999 ], [ -98.318162519726684, 20.095939546281222 ], [ -98.318876172571521, 20.096000212337955 ], [ -98.319046387939949, 20.095348837444366 ], [ -98.319086948811645, 20.095354749321984 ], [ -98.319395976943525, 20.094196211682537 ], [ -98.319437066305852, 20.094364761621168 ], [ -98.320101780185297, 20.094748629864558 ], [ -98.321243596918151, 20.095323089492958 ], [ -98.32164367496577, 20.095493994600179 ], [ -98.322408522573568, 20.095736456330656 ], [ -98.32350579965545, 20.09607305534179 ], [ -98.323609357126884, 20.096165474060282 ], [ -98.323537716802022, 20.095967058427309 ], [ -98.32359485949921, 20.095434601679983 ], [ -98.325194871187492, 20.094089542792268 ], [ -98.326226940023304, 20.093162960776844 ], [ -98.325847041496374, 20.090614704715072 ], [ -98.325404649678632, 20.087714517794595 ], [ -98.32571069830324, 20.087625077911685 ], [ -98.328038160484454, 20.087251909669288 ], [ -98.328547709393135, 20.086656240561751 ], [ -98.327902326979299, 20.085864389942262 ], [ -98.328434204270465, 20.085688032370644 ], [ -98.32730136069442, 20.084557847775525 ], [ -98.327449553375644, 20.084062161311792 ], [ -98.327892774406507, 20.083383824486194 ], [ -98.327893697150543, 20.083697184231511 ], [ -98.329425271466192, 20.08466859586289 ], [ -98.32942278506475, 20.084522994703743 ], [ -98.32981474604145, 20.083702270047564 ], [ -98.330807231602819, 20.083517125248594 ], [ -98.330807455145958, 20.083448976402476 ], [ -98.330739663826293, 20.083045377102859 ], [ -98.330449400917274, 20.081718009082131 ], [ -98.330432032246463, 20.081621765222874 ], [ -98.330187793692502, 20.080480755949754 ], [ -98.33037112082053, 20.079832760050056 ], [ -98.33043605410559, 20.079307354047248 ], [ -98.330453119093377, 20.079146890606328 ], [ -98.330568259624158, 20.078064172188991 ], [ -98.330576329496054, 20.078046695355244 ], [ -98.330875768250309, 20.077398184899188 ], [ -98.33094566005613, 20.077108858114883 ], [ -98.331858661781595, 20.075704713785569 ], [ -98.332027166533834, 20.075340239415709 ], [ -98.331207098114987, 20.075064869713586 ], [ -98.331047268821706, 20.074098093508766 ], [ -98.331547115554173, 20.073733921720699 ], [ -98.331668451920422, 20.073280465836913 ], [ -98.332243170980021, 20.072433771881688 ], [ -98.332512159932548, 20.071928037536214 ], [ -98.332868879086135, 20.071621111259329 ], [ -98.332915926823645, 20.071542867243558 ], [ -98.332998951328989, 20.071451348551701 ], [ -98.333084267824489, 20.071435364597281 ], [ -98.333291119093829, 20.071381905700115 ], [ -98.333581945921594, 20.071192679354802 ], [ -98.333784015614384, 20.071068106822075 ], [ -98.333897160652981, 20.07098510017893 ], [ -98.333989499322399, 20.070960798615268 ], [ -98.334079994400923, 20.070961140052432 ], [ -98.334189714786575, 20.070941832644483 ], [ -98.334319036301721, 20.070814132729005 ], [ -98.334502635465626, 20.070575406269096 ], [ -98.334578802224229, 20.070380543414135 ], [ -98.334587237111464, 20.070260987653477 ], [ -98.334624929542045, 20.070163066138111 ], [ -98.33471065312601, 20.070040178794702 ], [ -98.334721048680819, 20.06994549764908 ], [ -98.334748054213037, 20.069801029977079 ], [ -98.334869846186166, 20.069711756342183 ], [ -98.335097877213443, 20.069579743372465 ], [ -98.335262046184695, 20.069354941368331 ], [ -98.335403850234584, 20.069200707140787 ], [ -98.335622077204718, 20.069140344615914 ], [ -98.335660817399017, 20.069121818051517 ], [ -98.335834902083135, 20.068940865825532 ], [ -98.336121200909574, 20.068654118012994 ], [ -98.336328904009662, 20.068398936785048 ], [ -98.336426380589558, 20.068213865495061 ], [ -98.336486398113919, 20.068030545274258 ], [ -98.33660383256759, 20.067824242857959 ], [ -98.336726412020781, 20.067646238204993 ], [ -98.336875775524362, 20.067475899389603 ], [ -98.337173646334094, 20.067338892971492 ], [ -98.337507357708816, 20.067115529489925 ], [ -98.337824024598632, 20.066913229284776 ], [ -98.338114371549622, 20.066712112597699 ], [ -98.338215531254193, 20.066554200201228 ], [ -98.338249495489023, 20.066505020866249 ], [ -98.338268969836932, 20.066476822040137 ], [ -98.338542195199281, 20.066379733041941 ], [ -98.338630223666044, 20.066267512142804 ], [ -98.338707939799079, 20.066158280015976 ], [ -98.338795082089788, 20.06610384669694 ], [ -98.338892392284777, 20.066071935572491 ], [ -98.338984115911927, 20.066076841897633 ], [ -98.339119333970942, 20.066072783514795 ], [ -98.339267192390452, 20.066073134536268 ], [ -98.339402543994126, 20.066037134706477 ], [ -98.339516424249041, 20.065968761303196 ], [ -98.339599572453281, 20.065861569718042 ], [ -98.339715887756626, 20.06575932804267 ], [ -98.339823166686259, 20.065675018898645 ], [ -98.339927257517758, 20.065609238613135 ], [ -98.340035034516376, 20.065536114271147 ], [ -98.340131491212958, 20.065458599550599 ], [ -98.340206503376606, 20.065392413435511 ], [ -98.340351727554847, 20.06524714360603 ], [ -98.340455095745767, 20.065159271806106 ], [ -98.340583586671897, 20.065086628505188 ], [ -98.340677264280316, 20.065016891088405 ], [ -98.340778037512905, 20.064949533909076 ], [ -98.340867654758071, 20.064883786750073 ], [ -98.340945737147976, 20.064790463959309 ], [ -98.340997927907537, 20.06472373811993 ], [ -98.341062943491366, 20.064635253182267 ], [ -98.341148175303999, 20.064558091203335 ], [ -98.341234376452675, 20.064482775408067 ], [ -98.341477494795896, 20.064214508896832 ], [ -98.341572649131805, 20.06409864401963 ], [ -98.341647855457282, 20.063977723840299 ], [ -98.341678435078265, 20.063922233776474 ], [ -98.341718018356332, 20.063879149382231 ], [ -98.341767664558915, 20.063842439964866 ], [ -98.341817717255381, 20.063820107302956 ], [ -98.341897312267548, 20.063781906992208 ], [ -98.341927825860694, 20.063754664959042 ], [ -98.341991909619139, 20.063697454077648 ], [ -98.342058387890447, 20.063599115344736 ], [ -98.342133280783273, 20.063526963663303 ], [ -98.342575899662052, 20.063155105641972 ], [ -98.342237344049892, 20.062730813398744 ], [ -98.342228678751354, 20.062720166223777 ], [ -98.342199924191362, 20.062684822658696 ], [ -98.342255957120969, 20.062637837846232 ], [ -98.342282491595711, 20.062568131774242 ], [ -98.342383192020435, 20.062466399045711 ], [ -98.342395460125033, 20.062410995376084 ], [ -98.342395431273445, 20.062305975016695 ], [ -98.342385101882584, 20.062157663591869 ], [ -98.342403719233587, 20.062068078131741 ], [ -98.342487989425067, 20.061985634318191 ], [ -98.342590488442653, 20.061906705983994 ], [ -98.342656241976499, 20.061889708581294 ], [ -98.343108520306671, 20.061979928599129 ], [ -98.343382293438324, 20.062138246629804 ], [ -98.343642321293018, 20.06235603329057 ], [ -98.344222964827665, 20.06326815027176 ], [ -98.34469766921174, 20.063750898344807 ], [ -98.344948963184081, 20.064104138027346 ], [ -98.345017647501095, 20.06439351078123 ], [ -98.345016686965451, 20.064624868262126 ], [ -98.344977454199352, 20.065620503105652 ], [ -98.345023586829384, 20.066127803493476 ], [ -98.345143475682121, 20.066299189829156 ], [ -98.345375432109449, 20.066397224801015 ], [ -98.345766766533004, 20.066425740598497 ], [ -98.346148420381425, 20.066485796193685 ], [ -98.346606452146474, 20.066445305050774 ], [ -98.347080480160315, 20.066231213893321 ], [ -98.347532183900256, 20.066122715802763 ], [ -98.348086181815702, 20.065833391632353 ], [ -98.349213934246379, 20.06510564480627 ], [ -98.349468733397273, 20.064964123524682 ], [ -98.349731001935723, 20.06476136687467 ], [ -98.3498395505963, 20.06470169445355 ], [ -98.349959614873995, 20.064704359283006 ], [ -98.349958881721406, 20.064582156277389 ], [ -98.351075914434858, 20.064601055594473 ], [ -98.35219294942695, 20.064619944924733 ], [ -98.35330998276325, 20.064638827801161 ], [ -98.354427018329133, 20.064657702503347 ], [ -98.355544054206035, 20.064676568985199 ], [ -98.356185170190159, 20.065879058443489 ], [ -98.356826297552175, 20.067081546536674 ], [ -98.357674906961819, 20.06762909295032 ], [ -98.358523525196205, 20.068176633131312 ], [ -98.35879047905118, 20.067803468077088 ], [ -98.358803503352775, 20.067764049651366 ], [ -98.358608133241631, 20.06769977721294 ], [ -98.358254233821469, 20.067531125984303 ], [ -98.358065792542618, 20.067411423036809 ], [ -98.358032187069341, 20.067366539792275 ], [ -98.358014841335546, 20.067115397030229 ], [ -98.358040565557417, 20.067001365187618 ], [ -98.358091377670689, 20.066930009746013 ], [ -98.358095900792264, 20.066705183902641 ], [ -98.358082102986316, 20.066548426775281 ], [ -98.358106540785016, 20.0664772473521 ], [ -98.358207021482841, 20.066423621949678 ], [ -98.35831833586208, 20.066399077453202 ], [ -98.358613407004327, 20.066326233829006 ], [ -98.358931893146362, 20.066307595839575 ], [ -98.359217401093119, 20.066263369792356 ], [ -98.359396549290864, 20.066172179411907 ], [ -98.359580760344613, 20.065981642566857 ], [ -98.359702722296191, 20.065870711852078 ], [ -98.359818785524283, 20.065841716731509 ], [ -98.360046516072686, 20.065828522725393 ], [ -98.360314097408065, 20.065827533240927 ], [ -98.360478015076794, 20.065826924715477 ], [ -98.360650220739927, 20.065811908408445 ], [ -98.360774130623867, 20.065818942844555 ], [ -98.361049971573806, 20.065745921809604 ], [ -98.361220270975238, 20.065734905691667 ], [ -98.361336901234125, 20.065700432710965 ], [ -98.361632632329901, 20.065644993306012 ], [ -98.361710369129327, 20.065630420610624 ], [ -98.362207314494995, 20.065531550335123 ], [ -98.362292898243254, 20.066050902620361 ], [ -98.362450203291758, 20.06604792970365 ], [ -98.362950540659682, 20.066038474125861 ], [ -98.363452992385206, 20.066028122589213 ], [ -98.363701837107953, 20.066063887805186 ], [ -98.364003531826043, 20.065982992431184 ], [ -98.364100284347117, 20.06596446845483 ], [ -98.36413197503262, 20.065965886141164 ], [ -98.364175624569612, 20.066012945697022 ], [ -98.364158881025503, 20.065908689376116 ], [ -98.363942324482821, 20.065189102475046 ], [ -98.363891525126192, 20.065020297687891 ], [ -98.363760572313723, 20.064585150845623 ], [ -98.363676630428699, 20.064534495748106 ], [ -98.363536812096285, 20.064518744516334 ], [ -98.363429408059233, 20.064470073592446 ], [ -98.363225080993629, 20.064441383840457 ], [ -98.363070926087715, 20.064419393821638 ], [ -98.362935387746887, 20.063872304557869 ], [ -98.362919341775807, 20.063807536381969 ], [ -98.362916672980077, 20.063796762072624 ], [ -98.362838645530999, 20.063353848895371 ], [ -98.362692983047424, 20.063410402599182 ], [ -98.362544320400119, 20.063075919644131 ], [ -98.362362867258, 20.062735495857222 ], [ -98.362148930282927, 20.062472374354005 ], [ -98.362044821935314, 20.0623508678032 ], [ -98.36197473342061, 20.062108265832741 ], [ -98.361908390561979, 20.061869294162918 ], [ -98.361841392002802, 20.06163280435571 ], [ -98.361694779263303, 20.061120343042077 ], [ -98.361672964404377, 20.06103619426284 ], [ -98.361638648732807, 20.060916770813051 ], [ -98.361604928611882, 20.06079418573362 ], [ -98.361625217910927, 20.060783102155508 ], [ -98.361544127047082, 20.060564566422958 ], [ -98.361540675507655, 20.060553711681695 ], [ -98.361466469681346, 20.060320326640738 ], [ -98.361413750199986, 20.060154515509115 ], [ -98.361336797866059, 20.059884898060204 ], [ -98.361366217609941, 20.059767833636283 ], [ -98.36135852758737, 20.059743694791084 ], [ -98.361342935224556, 20.059694746356499 ], [ -98.361318190278183, 20.059495503580958 ], [ -98.361309490520981, 20.059256158640615 ], [ -98.361265543786018, 20.059065899788283 ], [ -98.361229749906201, 20.058951018948683 ], [ -98.361220972371328, 20.058922849235664 ], [ -98.361113171906368, 20.058726323455243 ], [ -98.361004783669145, 20.058507383504864 ], [ -98.360954303148034, 20.058353308628909 ], [ -98.360903518415469, 20.058274670093624 ], [ -98.360842896061669, 20.058259364521991 ], [ -98.360762924726288, 20.058289251032107 ], [ -98.360689294938965, 20.058331227806363 ], [ -98.360594322341555, 20.058313897594694 ], [ -98.360571204273199, 20.058309679328008 ], [ -98.36048523753081, 20.05824298390533 ], [ -98.360458576214626, 20.058187670256011 ], [ -98.360412388013643, 20.058091845725535 ], [ -98.360391961975068, 20.057989055737842 ], [ -98.360340221017921, 20.057728663773968 ], [ -98.360317762065534, 20.05767347449687 ], [ -98.360296162891629, 20.057486314467372 ], [ -98.360245465609665, 20.057349927557738 ], [ -98.360198180006307, 20.057195865717159 ], [ -98.360173375485999, 20.057011710449526 ], [ -98.360183811280265, 20.056867244092622 ], [ -98.360186988428552, 20.056823283906706 ], [ -98.360211083996546, 20.056689855503823 ], [ -98.360219661673369, 20.056642351991133 ], [ -98.360239436751684, 20.056491551126182 ], [ -98.360246818169628, 20.056264071781765 ], [ -98.360263449300732, 20.056101188442952 ], [ -98.360267815700723, 20.055811526361161 ], [ -98.360220843109616, 20.055520074283422 ], [ -98.360269241117052, 20.055399549856666 ], [ -98.360296875939042, 20.055294483069424 ], [ -98.360257187397195, 20.055221475766992 ], [ -98.360094351955397, 20.055090962015409 ], [ -98.36005903677875, 20.055062654537007 ], [ -98.359811824580021, 20.05459103377877 ], [ -98.359806125666381, 20.054420929528163 ], [ -98.359809278898851, 20.054183817886376 ], [ -98.359815314639619, 20.053729958600169 ], [ -98.360392716101316, 20.053634011324988 ], [ -98.360616014536234, 20.053596905211347 ], [ -98.361125691164887, 20.055274336536293 ], [ -98.36121086499486, 20.055517159563813 ], [ -98.362098858833377, 20.055381074573816 ], [ -98.362116823058685, 20.055470570020788 ], [ -98.362113384351559, 20.055565760866376 ], [ -98.362075964078002, 20.05575602883653 ], [ -98.36201714072692, 20.055951990400327 ], [ -98.36201659241442, 20.056087579601733 ], [ -98.362055944752768, 20.056264516108271 ], [ -98.362113380337163, 20.056411853863416 ], [ -98.362183034056557, 20.056620575713922 ], [ -98.362252628939572, 20.056782381336895 ], [ -98.362359338820909, 20.056959690180015 ], [ -98.362526611938321, 20.057136272417733 ], [ -98.362624829147251, 20.057258658070751 ], [ -98.362834862468489, 20.057435394366127 ], [ -98.36298110595564, 20.057525354525673 ], [ -98.363140276445222, 20.057536896082794 ], [ -98.363541640725529, 20.057483782353746 ], [ -98.36368925461494, 20.057475780579232 ], [ -98.363767492591549, 20.057493130444321 ], [ -98.363884769103507, 20.057539070188781 ], [ -98.36400508116381, 20.057579329316351 ], [ -98.364110288402046, 20.05763091432955 ], [ -98.364267283624102, 20.057694343363941 ], [ -98.36439358537551, 20.057743159748728 ], [ -98.364495816667016, 20.057786199286273 ], [ -98.364582930189513, 20.057843408458616 ], [ -98.364684941804839, 20.05794049824873 ], [ -98.36484520219993, 20.058052737156562 ], [ -98.364977322441447, 20.058152778960551 ], [ -98.365025443576755, 20.058170019782857 ], [ -98.365291296474865, 20.058174071729969 ], [ -98.365426655232895, 20.058217229410563 ], [ -98.365541026775873, 20.058237553226299 ], [ -98.365667580138592, 20.058223783349082 ], [ -98.365818296335391, 20.058193031174739 ], [ -98.365990880173712, 20.058148138251916 ], [ -98.366087269926524, 20.058145640093677 ], [ -98.366153485241881, 20.058157255887796 ], [ -98.366261740089143, 20.058200316955329 ], [ -98.366424651000102, 20.058292368778964 ], [ -98.366547942716238, 20.058341172958386 ], [ -98.366650263296691, 20.058361454052832 ], [ -98.366806880914666, 20.05836201537846 ], [ -98.366997591505196, 20.058380211824549 ], [ -98.367093764470695, 20.05843176347668 ], [ -98.367343154295682, 20.058580586009061 ], [ -98.367397360546136, 20.058666559288657 ], [ -98.36744787807136, 20.058837428245354 ], [ -98.367473921899389, 20.058982253335316 ], [ -98.367513205704014, 20.059117151224893 ], [ -98.367548857092103, 20.059277425635731 ], [ -98.367593488174919, 20.059414134714295 ], [ -98.367692673495512, 20.05946569645306 ], [ -98.367858706251084, 20.059532105926046 ], [ -98.36797299654873, 20.05957234111418 ], [ -98.368068989095462, 20.059669407967721 ], [ -98.368161799785469, 20.059809134595238 ], [ -98.368251870639909, 20.059880578003146 ], [ -98.368411158379772, 20.059966492130506 ], [ -98.368505048592084, 20.060032875697519 ], [ -98.368613316638701, 20.060073091437616 ], [ -98.36872470985044, 20.06008486764572 ], [ -98.368875291866516, 20.060088249682931 ], [ -98.368993465839154, 20.060143749201639 ], [ -98.369086255797853, 20.06026896828482 ], [ -98.369167142988644, 20.06037735915038 ], [ -98.369250997818668, 20.060497140711327 ], [ -98.369332104140568, 20.060632034088268 ], [ -98.369403889787208, 20.060757461472591 ], [ -98.369442760170969, 20.060828722134431 ], [ -98.369554064490046, 20.060863254766293 ], [ -98.369647272588949, 20.06090341600606 ], [ -98.36971022742739, 20.060977605246556 ], [ -98.36977588638095, 20.061128614224675 ], [ -98.369793793197829, 20.06129182474761 ], [ -98.369904880930321, 20.061356023395497 ], [ -98.370011634553521, 20.061407753821456 ], [ -98.370146248292443, 20.061507624194629 ], [ -98.370194250539313, 20.061555379029205 ], [ -98.370283468764342, 20.061614737517861 ], [ -98.3704048589248, 20.061626561149357 ], [ -98.370553805765695, 20.061609718746283 ], [ -98.37061386082739, 20.061623006269127 ], [ -98.370730271358113, 20.06166064381754 ], [ -98.370852037909557, 20.061677480281894 ], [ -98.371140695118413, 20.061640415802085 ], [ -98.371363839780869, 20.061644179290507 ], [ -98.371525251707027, 20.061662821125584 ], [ -98.371660283975444, 20.061692995185297 ], [ -98.371776378304219, 20.061743886646184 ], [ -98.371945748708839, 20.061833567772346 ], [ -98.372091302750519, 20.061903074294346 ], [ -98.372248066847618, 20.062001618681478 ], [ -98.37238097116412, 20.062051926668513 ], [ -98.372565416354234, 20.062056288625676 ], [ -98.372745953211421, 20.062056929398683 ], [ -98.372879302617591, 20.062079649267627 ], [ -98.373088353211017, 20.062147436751285 ], [ -98.37331579472027, 20.062196444772201 ], [ -98.373539632688704, 20.062163868227902 ], [ -98.373781179575829, 20.062090356964898 ], [ -98.374067767997744, 20.062069124270053 ], [ -98.374252346086038, 20.062040115814053 ], [ -98.374421489522945, 20.061944312716623 ], [ -98.374666915871799, 20.061740845566089 ], [ -98.374847686296945, 20.061682161068354 ], [ -98.375075258409311, 20.061697796219793 ], [ -98.375275357191086, 20.061713335248999 ], [ -98.375455759113478, 20.061747342919627 ], [ -98.375592858923341, 20.061814567342207 ], [ -98.375649934657815, 20.061686305976238 ], [ -98.375695923146282, 20.061703858854962 ], [ -98.375825486999076, 20.061547835020605 ], [ -98.375909381086188, 20.061296025439962 ], [ -98.375882160621259, 20.06119160791954 ], [ -98.376604781734216, 20.060133576600606 ], [ -98.376696746600757, 20.060168674189857 ], [ -98.37691495459751, 20.060016494777919 ], [ -98.377336248888014, 20.058370238833408 ], [ -98.377889723577738, 20.056347799320264 ], [ -98.378781976144651, 20.057077280361213 ], [ -98.379548765586748, 20.057797619875807 ], [ -98.381040433073011, 20.059078428464733 ], [ -98.38173894110767, 20.059722775876331 ], [ -98.382084849668288, 20.060052581728662 ], [ -98.382442032922256, 20.060215747678502 ], [ -98.382727823542609, 20.060378259349605 ], [ -98.382981329031011, 20.060548819474707 ], [ -98.383154599683806, 20.060625485442333 ], [ -98.38329665521357, 20.060760557716772 ], [ -98.383377130830411, 20.06079009027474 ], [ -98.383500841878956, 20.06086073556483 ], [ -98.383506492966035, 20.0610011794138 ], [ -98.383704665947562, 20.061303675151642 ], [ -98.383837392145594, 20.061350352097545 ], [ -98.384019069314633, 20.061403805349112 ], [ -98.38413780192775, 20.061450431529213 ], [ -98.384228507269327, 20.061510170789969 ], [ -98.384256046971416, 20.061622504125737 ], [ -98.384171844145627, 20.061688231038573 ], [ -98.384080908031322, 20.061687914255607 ], [ -98.384038730067147, 20.061740582165882 ], [ -98.384031017714804, 20.061925416988284 ], [ -98.384100347899476, 20.062084113925373 ], [ -98.384190770211305, 20.062216475125688 ], [ -98.384351228458428, 20.062329267614292 ], [ -98.384581937473087, 20.062363082735299 ], [ -98.385582624372717, 20.06244014381743 ], [ -98.387294679348585, 20.062647232825803 ], [ -98.387957345424354, 20.062746375359854 ], [ -98.388625662697081, 20.062897686416889 ], [ -98.388854338888038, 20.062958076346732 ], [ -98.389004226146298, 20.062980946991846 ], [ -98.389146225083977, 20.063003783958447 ], [ -98.38928017580804, 20.063063847285271 ], [ -98.389437813418326, 20.063123991610468 ], [ -98.389674445813057, 20.06316950627248 ], [ -98.390154579823616, 20.063312887193831 ], [ -98.390635614225516, 20.06343374652106 ], [ -98.390895657034719, 20.063546392181941 ], [ -98.39118714357032, 20.063696392416269 ], [ -98.39185443786765, 20.063959430974343 ], [ -98.392382435730937, 20.064184746177542 ], [ -98.392634669661206, 20.064275009974704 ], [ -98.392918834368501, 20.064275986065002 ], [ -98.393912649209938, 20.064212346910409 ], [ -98.395095835814217, 20.064059957896813 ], [ -98.395680052921051, 20.064032152873917 ], [ -98.39610615399755, 20.064070857736343 ], [ -98.396649385775888, 20.064124863139696 ], [ -98.396971678539884, 20.064156058326795 ], [ -98.397595322406247, 20.06414328768134 ], [ -98.39797413796181, 20.064159475042409 ], [ -98.398269990830954, 20.06415523191345 ], [ -98.398592160183753, 20.064198737998353 ], [ -98.398743072371062, 20.064219116681713 ], [ -98.399284416764701, 20.064503746094186 ], [ -98.399499658874447, 20.064650687752952 ], [ -98.399696430032265, 20.064733250220311 ], [ -98.399954054571722, 20.064721048519296 ], [ -98.400159668539843, 20.064835867583479 ], [ -98.400223826662369, 20.064894641024125 ], [ -98.400282910218053, 20.06494876509322 ], [ -98.400291270014307, 20.064941245822656 ], [ -98.400836987085938, 20.064450394739207 ], [ -98.402228180510292, 20.063261010813378 ], [ -98.402305549131313, 20.063318910283055 ], [ -98.40300755951921, 20.063844257797928 ], [ -98.403057723316067, 20.063911335397407 ], [ -98.403087907606547, 20.0639516978936 ], [ -98.403117999222474, 20.063991936666152 ], [ -98.403125812722408, 20.064002384136611 ], [ -98.403494932206044, 20.064540831435306 ], [ -98.403514483934188, 20.064569351921588 ], [ -98.403535476189049, 20.064599973329869 ], [ -98.403653368832721, 20.064771947952192 ], [ -98.403678308424233, 20.064808329091687 ], [ -98.403701300261645, 20.064841868151511 ], [ -98.404082050980747, 20.065397278428044 ], [ -98.404666617646811, 20.066249990314017 ], [ -98.405256092793536, 20.067109846884513 ], [ -98.405399746433758, 20.067166432958611 ], [ -98.406108170578364, 20.068339184391451 ], [ -98.405838024336674, 20.06947521348587 ], [ -98.405814691466986, 20.069573331864529 ], [ -98.404723252807827, 20.069692807021969 ], [ -98.403860564215606, 20.069787236484881 ], [ -98.401685761776676, 20.070247891439749 ], [ -98.401692007178298, 20.070282660844533 ], [ -98.401920554157527, 20.0715550796663 ], [ -98.402205120265663, 20.074325592945435 ], [ -98.402426493625541, 20.074308926751772 ], [ -98.40285163593613, 20.074311482576331 ], [ -98.402923579321978, 20.074610838302998 ], [ -98.402925763809094, 20.074633726490461 ], [ -98.40299387562132, 20.07534735446318 ], [ -98.403186061883119, 20.076061270832287 ], [ -98.403378165176434, 20.076798202341678 ], [ -98.403569224503627, 20.077811227404254 ], [ -98.403736356770864, 20.07870913092443 ], [ -98.403769500599083, 20.078978110232629 ], [ -98.403964719447259, 20.078823721192578 ], [ -98.403973408113643, 20.078830560088551 ], [ -98.403991403228545, 20.07884472228799 ], [ -98.403998329064052, 20.079018106769418 ], [ -98.404021598170289, 20.079600617624038 ], [ -98.404017364346643, 20.079887413433234 ], [ -98.403996624783517, 20.080149096272091 ], [ -98.403979954160619, 20.080379351906153 ], [ -98.403974504394171, 20.080521378609966 ], [ -98.403909333482659, 20.080805259810781 ], [ -98.403961008924597, 20.080803999338702 ], [ -98.403964295353447, 20.080803610157062 ], [ -98.40545583777299, 20.08062713027882 ], [ -98.406573823871, 20.080533602903696 ], [ -98.407587153446869, 20.080434227343599 ], [ -98.40837299243455, 20.080362413616072 ], [ -98.408373222399888, 20.080362392758339 ], [ -98.408409990725261, 20.080134763590305 ], [ -98.408433667919894, 20.080103236177578 ], [ -98.408922605993837, 20.079452189469144 ], [ -98.408925053911901, 20.079276988396099 ], [ -98.408934340774138, 20.078868625492969 ], [ -98.408989121062305, 20.078857315868927 ], [ -98.408940734212663, 20.078373185175288 ], [ -98.408877406840759, 20.077739559086357 ], [ -98.408852107970432, 20.077344522267918 ], [ -98.408784484689505, 20.076334437033989 ], [ -98.408762711709784, 20.075676052366148 ], [ -98.408719716664109, 20.07437596587404 ], [ -98.408691867602172, 20.073670980488881 ], [ -98.40868484729657, 20.072959908071631 ], [ -98.408579556543486, 20.072918525403097 ], [ -98.408549614377094, 20.072144738423702 ], [ -98.40853858471749, 20.071764750949541 ], [ -98.408498148398266, 20.070371605071799 ], [ -98.408485514980015, 20.06992076880525 ], [ -98.408461840687465, 20.069100092140818 ], [ -98.408898332070862, 20.068974252929241 ], [ -98.409658154908414, 20.068755195067791 ], [ -98.410872737101798, 20.068405018383551 ], [ -98.411521644248381, 20.068285056975075 ], [ -98.411976085755029, 20.068201043714669 ], [ -98.413290137434174, 20.067958106333357 ], [ -98.41338601862131, 20.067945869554144 ], [ -98.414062654631849, 20.067859512541986 ], [ -98.414288999746375, 20.067830624186591 ], [ -98.415476732771339, 20.067679024594568 ], [ -98.416593583403483, 20.067532607159993 ], [ -98.416905653394778, 20.067491693344746 ], [ -98.41721848407542, 20.067450678958327 ], [ -98.417938272148817, 20.06736063864113 ], [ -98.41951436035032, 20.067163467309811 ], [ -98.420335399916667, 20.067060746741234 ], [ -98.421002846420663, 20.066977240210743 ], [ -98.422151999703004, 20.066833459407324 ], [ -98.422666567211706, 20.066769073074251 ], [ -98.423455490927523, 20.066670354337411 ], [ -98.423499194112978, 20.066664887432498 ], [ -98.424388636582933, 20.066553585640307 ], [ -98.424707502758878, 20.066513683038298 ], [ -98.426098788534802, 20.066339573850353 ], [ -98.426401071734915, 20.066292929024069 ], [ -98.426954969853895, 20.066207457183051 ], [ -98.427582968657831, 20.066132589778796 ], [ -98.429054998174806, 20.065957093350576 ], [ -98.430624270649545, 20.065769989343803 ], [ -98.43099517055866, 20.065725765556188 ], [ -98.432546996365048, 20.065562782525635 ], [ -98.43416454074017, 20.065207787569115 ], [ -98.435182346793496, 20.064830610016671 ], [ -98.435724396918815, 20.064622252931628 ], [ -98.436005302594495, 20.064462926406755 ], [ -98.438580840779693, 20.063394783519232 ], [ -98.440133457794317, 20.062842631681832 ], [ -98.4406699573493, 20.062638901264105 ], [ -98.442087837941358, 20.062037578706576 ], [ -98.442353608942952, 20.061924772543659 ], [ -98.442622681340865, 20.061810565126187 ], [ -98.442655322604423, 20.06182203323047 ], [ -98.442851788423994, 20.061891059340361 ], [ -98.443180138745205, 20.062052013778597 ], [ -98.443468617453689, 20.062212841990696 ], [ -98.443757553428256, 20.062241969664992 ], [ -98.444083311014339, 20.062204515426959 ], [ -98.444264959100749, 20.062183629647794 ], [ -98.445243559109144, 20.062027314789606 ], [ -98.447210750461167, 20.061106738938921 ], [ -98.44788684210117, 20.060543927561003 ], [ -98.448039549835784, 20.060328951450344 ], [ -98.448066125187793, 20.060172762744834 ], [ -98.448134566396462, 20.060058294266096 ], [ -98.448190943185665, 20.060010475919739 ], [ -98.448580763156968, 20.059797109592392 ], [ -98.448590842622906, 20.059691936263093 ], [ -98.449006724659483, 20.059378844541531 ], [ -98.449350392587164, 20.059327551472528 ], [ -98.449418480962592, 20.059086219469794 ], [ -98.449504856184632, 20.058932768458671 ], [ -98.449706177082376, 20.058713987883955 ], [ -98.449998814265584, 20.058545928029869 ], [ -98.450590814510448, 20.058346003537583 ], [ -98.451221052472292, 20.058000444603096 ], [ -98.451896368674383, 20.057763595251778 ], [ -98.452424332207855, 20.057525989798226 ], [ -98.455035487728196, 20.056170321717534 ], [ -98.456310175945973, 20.054929285208981 ], [ -98.459195276139354, 20.05267816487115 ], [ -98.459232172090964, 20.052657007175146 ], [ -98.459918816764045, 20.052263247413617 ], [ -98.460024604315251, 20.052173746801031 ], [ -98.463479228874093, 20.055669002924894 ], [ -98.463181291630264, 20.055841151249229 ], [ -98.462838897624664, 20.056038984454396 ], [ -98.462257438533683, 20.056368875937249 ], [ -98.462232507484558, 20.056383020387806 ], [ -98.462736818603034, 20.056404955647551 ], [ -98.4647576826939, 20.056468554540636 ], [ -98.465906286055201, 20.056529748546787 ], [ -98.467403457404203, 20.056564660482007 ], [ -98.469000185064985, 20.056614381742669 ], [ -98.469704628966667, 20.056637051087918 ], [ -98.47094186777548, 20.056703475621543 ], [ -98.472174315587381, 20.056763307277276 ], [ -98.475271147018631, 20.056860875983329 ], [ -98.476735447555356, 20.056920099504278 ], [ -98.47909053511701, 20.056962205584405 ], [ -98.480196990692008, 20.056975354068779 ], [ -98.481086116979327, 20.05699599952845 ], [ -98.481580571695019, 20.057007478467675 ], [ -98.482070363551543, 20.057042454254113 ], [ -98.482069784827374, 20.057138967372957 ], [ -98.482056628231618, 20.057783500471622 ], [ -98.481104271581017, 20.05809267839896 ], [ -98.480748762157631, 20.058208090417018 ], [ -98.480560356089455, 20.058292424928933 ], [ -98.481039667017086, 20.060839891460066 ], [ -98.48080379843681, 20.064479992126763 ], [ -98.481959996714409, 20.064489352029462 ], [ -98.481977426125866, 20.064489493095166 ], [ -98.48198807944955, 20.064511893076212 ], [ -98.482083962968503, 20.06451294055293 ], [ -98.496153942793981, 20.064665968471246 ], [ -98.496742330235591, 20.064677483130748 ], [ -98.495756616644059, 20.066374567778674 ], [ -98.495378017619885, 20.066830142028234 ], [ -98.495338018942704, 20.06695908202412 ], [ -98.495263787370789, 20.067049342421843 ], [ -98.496117788882927, 20.067681254320458 ], [ -98.497444914830538, 20.068611269791898 ], [ -98.498696293710339, 20.069505591339396 ], [ -98.499330527847675, 20.069974547162683 ], [ -98.499278079029267, 20.071583922426026 ], [ -98.499476260858359, 20.073292995395217 ], [ -98.49994830065161, 20.075237113542816 ], [ -98.50003714834142, 20.075494896139002 ], [ -98.500376413089768, 20.076399475470918 ], [ -98.501103716513029, 20.077743405339572 ], [ -98.501354867016701, 20.07806037952566 ], [ -98.502156746058716, 20.078541557544952 ], [ -98.50216384537292, 20.079702729154118 ], [ -98.502150840330501, 20.080599536541477 ], [ -98.501920276176818, 20.081940762510865 ], [ -98.500917447984278, 20.081145951537337 ], [ -98.500905202872502, 20.081131420314957 ], [ -98.500211588250451, 20.080505328872629 ], [ -98.499125958272259, 20.080421363210238 ], [ -98.498410960809522, 20.080608091496625 ], [ -98.497895222267417, 20.081038065709368 ], [ -98.497117129359452, 20.081234209313269 ], [ -98.496670144029054, 20.081064130498543 ], [ -98.496409528057541, 20.080952947046455 ], [ -98.495803215491634, 20.081132873066551 ], [ -98.494931466535078, 20.08138789078372 ], [ -98.493987524917713, 20.081161945199788 ], [ -98.493177490423108, 20.080802812572191 ], [ -98.492633580357278, 20.080018054393221 ], [ -98.492198545996246, 20.079386699749747 ], [ -98.491761010689828, 20.078442196900802 ], [ -98.491445808061556, 20.077908969158628 ], [ -98.491490911664002, 20.077912893922239 ], [ -98.491654322298928, 20.076956404557681 ], [ -98.488174306899367, 20.075009335505101 ], [ -98.488148312323659, 20.074989947112915 ], [ -98.488117767202056, 20.074982444148951 ], [ -98.486902527481291, 20.074270822781514 ], [ -98.486685842484249, 20.074138463008847 ], [ -98.485696546572029, 20.073513935466515 ], [ -98.485401385160998, 20.07336765889503 ], [ -98.484394875475161, 20.072757787612108 ], [ -98.484026920107638, 20.072588011716093 ], [ -98.48307624768529, 20.071985057169929 ], [ -98.482748949941126, 20.07178991194807 ], [ -98.481032187573703, 20.074137766667747 ], [ -98.480998782858592, 20.074115698607862 ], [ -98.480205766710625, 20.075840519789814 ], [ -98.48015310945793, 20.075989051541868 ], [ -98.479763584491636, 20.076799342110519 ], [ -98.479754053503001, 20.076819167626169 ], [ -98.478018971718043, 20.076050233698684 ], [ -98.477212461992679, 20.075674911696495 ], [ -98.476512382116212, 20.075393379217225 ], [ -98.476319833813974, 20.07531396328762 ], [ -98.475923675416809, 20.07515056887723 ], [ -98.475075080887834, 20.074782376705706 ], [ -98.474715488793407, 20.075448191330779 ], [ -98.474675516795401, 20.075515786679812 ], [ -98.473773221818618, 20.076621602021309 ], [ -98.47366824352477, 20.076794250762525 ], [ -98.473636405465641, 20.076846610701359 ], [ -98.473188612805743, 20.077104498933771 ], [ -98.472993820505451, 20.077203281361069 ], [ -98.472832546953853, 20.077285065864601 ], [ -98.472219614652076, 20.077803913880768 ], [ -98.471777547576323, 20.078084828377236 ], [ -98.470825274963062, 20.078409141923665 ], [ -98.47037506633319, 20.078582508251412 ], [ -98.469679220964665, 20.079112691826488 ], [ -98.469700577626057, 20.079325758568405 ], [ -98.469555832221104, 20.07957362565659 ], [ -98.469383370160642, 20.080056510920194 ], [ -98.468865305931473, 20.080426548776185 ], [ -98.468655581315957, 20.080588488777099 ], [ -98.468396826499287, 20.08069221913885 ], [ -98.467965643167375, 20.080841880351134 ], [ -98.467645471659679, 20.080910590924724 ], [ -98.467435706956294, 20.081084142010752 ], [ -98.467188934594049, 20.081280804032776 ], [ -98.467016075256254, 20.081454464594312 ], [ -98.466793487995588, 20.081778941554386 ], [ -98.466455620281025, 20.082231443982238 ], [ -98.466220879603043, 20.082509426094116 ], [ -98.465837812589086, 20.082984370776519 ], [ -98.465519131054634, 20.083505884719589 ], [ -98.464995075652027, 20.084083926093943 ], [ -98.464686149797473, 20.084619149805295 ], [ -98.464162382187737, 20.085110246825632 ], [ -98.463577444538686, 20.085528706233941 ], [ -98.463077630991194, 20.085757060715743 ], [ -98.462584361508988, 20.085799876684895 ], [ -98.462090915880253, 20.085898088904397 ], [ -98.461491230495568, 20.086162167026863 ], [ -98.460508786297012, 20.086390770655008 ], [ -98.460299420908612, 20.086451809897671 ], [ -98.460155000413266, 20.086636398538587 ], [ -98.460206906818883, 20.086747575195304 ], [ -98.460337072344814, 20.086908330298282 ], [ -98.460467280112567, 20.087056752561494 ], [ -98.460479561083943, 20.087291160388698 ], [ -98.460229498044853, 20.087784195487778 ], [ -98.459993406958418, 20.088017847591068 ], [ -98.459822671659865, 20.088251696139451 ], [ -98.459704267097777, 20.088473364965544 ], [ -98.459585689924324, 20.088744377426334 ], [ -98.459492453499323, 20.089249838073563 ], [ -98.459399809455405, 20.08958260923373 ], [ -98.459137019637851, 20.08997653346001 ], [ -98.458520243496096, 20.090235940274408 ], [ -98.458322144794522, 20.090353157383745 ], [ -98.458102891816594, 20.090568496382019 ], [ -98.457915055417018, 20.090725019733632 ], [ -98.457810763138426, 20.090793432483057 ], [ -98.457654286919379, 20.09091077858713 ], [ -98.457445542965118, 20.091096695685906 ], [ -98.457146477092451, 20.091322154368161 ], [ -98.457031267505442, 20.091537816646674 ], [ -98.456822756699296, 20.09165499936606 ], [ -98.456509929165634, 20.091850413080778 ], [ -98.456332659153986, 20.09195787527063 ], [ -98.456207363486527, 20.092085133101662 ], [ -98.456081820772823, 20.092281122426996 ], [ -98.455987629814857, 20.092437933017887 ], [ -98.455799756014358, 20.092604276777106 ], [ -98.455455663597277, 20.092809409599852 ], [ -98.454621643949807, 20.093268790589192 ], [ -98.454319209020497, 20.093464230781606 ], [ -98.453975011130439, 20.093698817739611 ], [ -98.453744974461941, 20.0940221251258 ], [ -98.45360877880735, 20.094286811886054 ], [ -98.453429401616518, 20.095003424228569 ], [ -98.45333544431162, 20.09509150158198 ], [ -98.453314227089351, 20.095209260094659 ], [ -98.45336580921726, 20.095337063176263 ], [ -98.453594668212332, 20.095357412560897 ], [ -98.453646691264851, 20.095357572435191 ], [ -98.453782069841083, 20.095328535051831 ], [ -98.453917131791314, 20.095387867542797 ], [ -98.454010442886016, 20.095486342154778 ], [ -98.454062058126141, 20.095604327688225 ], [ -98.4540096252463, 20.095721990100252 ], [ -98.453884247582323, 20.09586888450395 ], [ -98.453675694963493, 20.095995882528182 ], [ -98.453583021853518, 20.096408537227248 ], [ -98.453478698152949, 20.096486770327711 ], [ -98.453280851246447, 20.09652543196994 ], [ -98.453072638967541, 20.096554239802021 ], [ -98.452822493164831, 20.09667129012087 ], [ -98.452697386645369, 20.096739634274776 ], [ -98.452499208280102, 20.096876486448387 ], [ -98.452332347474155, 20.096983975759617 ], [ -98.452238116424681, 20.097150602060179 ], [ -98.452091643117768, 20.097375980619912 ], [ -98.451818875787794, 20.098013740877438 ], [ -98.451589169548441, 20.098238860316144 ], [ -98.45147402393215, 20.098434878074098 ], [ -98.451171507667723, 20.098649953104282 ], [ -98.450911912281185, 20.098796587788108 ], [ -98.450641158517968, 20.098854654145015 ], [ -98.450308106840325, 20.098873258445551 ], [ -98.450089559562414, 20.098882394781615 ], [ -98.449964313132654, 20.098990011620124 ], [ -98.44977601335961, 20.099274167909009 ], [ -98.449598397284845, 20.099479812970543 ], [ -98.44946243055027, 20.099675765115549 ], [ -98.449263763434331, 20.099950070741819 ], [ -98.448776356107317, 20.100233842017907 ], [ -98.448616827126585, 20.100362691830117 ], [ -98.448595264504874, 20.100532616531414 ], [ -98.448579355882799, 20.100616729775115 ], [ -98.448554901699666, 20.100716785992805 ], [ -98.448493565485421, 20.100885161628479 ], [ -98.448419775809299, 20.101028048420037 ], [ -98.448221301389694, 20.101243443220479 ], [ -98.448014761172203, 20.101402566015647 ], [ -98.447961509404379, 20.101593563973672 ], [ -98.447856599454681, 20.101778294343223 ], [ -98.447772296698275, 20.101967145443631 ], [ -98.447656564572029, 20.102046818563114 ], [ -98.447522823665381, 20.102141001437161 ], [ -98.447395304404878, 20.1022322245738 ], [ -98.4473215219937, 20.10231143730223 ], [ -98.447259676828054, 20.10241150348871 ], [ -98.447198524110547, 20.102545413495573 ], [ -98.447115854025498, 20.102693633271368 ], [ -98.447081648151396, 20.102864773146717 ], [ -98.447050535083562, 20.103032559140338 ], [ -98.446938265824258, 20.103357729305166 ], [ -98.446877710125634, 20.103644893502551 ], [ -98.446692546463552, 20.103853140133303 ], [ -98.446502378542661, 20.103987095228788 ], [ -98.446338120633172, 20.104065036603437 ], [ -98.446069188271494, 20.104136991954064 ], [ -98.445783840100901, 20.104321955053567 ], [ -98.445654977660965, 20.104408337105937 ], [ -98.44558970623018, 20.10450615511477 ], [ -98.44560654140939, 20.104642850474612 ], [ -98.445659282108736, 20.104833783599151 ], [ -98.445562007053681, 20.104996178727074 ], [ -98.445410588019882, 20.105163204460126 ], [ -98.445123894133289, 20.105549309376013 ], [ -98.445056587547171, 20.105757412458182 ], [ -98.44494215087667, 20.105860187842016 ], [ -98.444805551615346, 20.105925010458044 ], [ -98.444670054909665, 20.105951480158783 ], [ -98.443683813668798, 20.106916866173087 ], [ -98.443679450858966, 20.107322106130923 ], [ -98.44390121348188, 20.107251088323327 ], [ -98.444046194593625, 20.107533002669065 ], [ -98.444029169459156, 20.107546102308554 ], [ -98.44191817648084, 20.109170282466401 ], [ -98.440348032630624, 20.110259137490058 ], [ -98.436818311057124, 20.112802140985849 ], [ -98.43671901839906, 20.112873674134331 ], [ -98.436390786135732, 20.113033269857798 ], [ -98.435592532353112, 20.113611102312319 ], [ -98.435474156132869, 20.113685225712498 ], [ -98.435462222395913, 20.113691335633266 ], [ -98.435506241429934, 20.113754683603883 ], [ -98.435095146604766, 20.114095608301923 ], [ -98.433590994070627, 20.115143323665162 ], [ -98.432452348630719, 20.115852695302689 ], [ -98.431728014891235, 20.116200911361343 ], [ -98.430883036475365, 20.116539349739615 ], [ -98.429993767543152, 20.11692305670476 ], [ -98.42859084190853, 20.117530342449196 ], [ -98.428324565221899, 20.117660101538675 ], [ -98.427601339622143, 20.118008107373402 ], [ -98.426785501561838, 20.118516037163712 ], [ -98.426317745391586, 20.118873928400195 ], [ -98.42606459399687, 20.11907416511303 ], [ -98.425606427047967, 20.119456462416739 ], [ -98.425572168705543, 20.119499679697149 ], [ -98.421323981543296, 20.120038207629651 ], [ -98.421547818292396, 20.12042241581991 ], [ -98.422429243346855, 20.122022152813575 ], [ -98.421817091192111, 20.122525105662632 ], [ -98.421643886623087, 20.122638326913314 ], [ -98.421568950273411, 20.122687312212843 ], [ -98.421512373241313, 20.122738233935728 ], [ -98.421283051033043, 20.122917523977488 ], [ -98.420757783710542, 20.12332818626928 ], [ -98.420349297913347, 20.123675536380997 ], [ -98.420333136830649, 20.123706311933475 ], [ -98.420299079633722, 20.123771166877372 ], [ -98.419251496591002, 20.124570098043531 ], [ -98.419224412580348, 20.124590753921616 ], [ -98.418659766603867, 20.125021369467095 ], [ -98.417594008039572, 20.125861043709584 ], [ -98.417332439295507, 20.126057098577942 ], [ -98.417350960903221, 20.125991209990374 ], [ -98.417289198446184, 20.126028962694676 ], [ -98.417207198846398, 20.126070119444531 ], [ -98.415834918181005, 20.127142544341439 ], [ -98.414981350651331, 20.127816311469729 ], [ -98.414084846129015, 20.128538914377817 ], [ -98.412990855859661, 20.129401638843643 ], [ -98.411642037332015, 20.13047984344 ], [ -98.408447250922961, 20.133043911034697 ], [ -98.40840954120813, 20.133077237722805 ], [ -98.40565037648949, 20.135230975450124 ], [ -98.404690548335722, 20.136037083873664 ], [ -98.404389067121443, 20.13629827189428 ], [ -98.404320356496754, 20.136292362028797 ], [ -98.403049313510664, 20.135168647888381 ], [ -98.401815644208213, 20.133552374344941 ], [ -98.401229951477319, 20.132786646499582 ], [ -98.4011524428672, 20.132761515364095 ], [ -98.400847713111062, 20.132845411675444 ], [ -98.400448891909832, 20.132585661987605 ], [ -98.400261975045879, 20.132463923938534 ], [ -98.399235401695776, 20.131759130554887 ], [ -98.399210460276507, 20.13174200732368 ], [ -98.399176613621606, 20.131632351965809 ], [ -98.399153882205781, 20.131590184339981 ], [ -98.398214427606518, 20.130854667512725 ], [ -98.397482905988952, 20.130281935523133 ], [ -98.397085487317867, 20.130520316201306 ], [ -98.396898616799916, 20.130396800323766 ], [ -98.396025959478294, 20.129923742511892 ], [ -98.395929260639392, 20.130051946211164 ], [ -98.395318807680781, 20.130736702343647 ], [ -98.394942809306315, 20.13078957311582 ], [ -98.394256107210751, 20.130461477768186 ], [ -98.394033661198236, 20.130527989431403 ], [ -98.393803971283234, 20.130749551255786 ], [ -98.393635985226709, 20.130823439723947 ], [ -98.393454775128873, 20.130742903197977 ], [ -98.393370515796107, 20.13062845200368 ], [ -98.393176809029683, 20.130650619297828 ], [ -98.39305452326407, 20.130981262551941 ], [ -98.392751026472055, 20.13123137203079 ], [ -98.392229269454504, 20.131594889491666 ], [ -98.390752947675153, 20.131589791762117 ], [ -98.389661472670369, 20.131552067518196 ], [ -98.389651888603225, 20.131551736210426 ], [ -98.389229550323364, 20.131242037301941 ], [ -98.389020114740617, 20.131046903394807 ], [ -98.388614623383091, 20.130669098784377 ], [ -98.388252408444586, 20.130354883396929 ], [ -98.388081564427779, 20.130206677220958 ], [ -98.387006428155004, 20.128946986550019 ], [ -98.386986847327677, 20.128928405366324 ], [ -98.386724840387316, 20.128679777760738 ], [ -98.386699366363501, 20.128447820643213 ], [ -98.386405254399747, 20.128132339878992 ], [ -98.386452881679787, 20.127968088011059 ], [ -98.386617886510606, 20.127783758801396 ], [ -98.386644078822115, 20.127760462646016 ], [ -98.386657729343497, 20.127731671227579 ], [ -98.386073003680082, 20.127161871210347 ], [ -98.385195298557448, 20.126274385910008 ], [ -98.38522600824885, 20.126805457373155 ], [ -98.385405912937628, 20.128925472289509 ], [ -98.385433142931163, 20.129202729639893 ], [ -98.385552298008037, 20.130495624173019 ], [ -98.38555432938476, 20.130517662198582 ], [ -98.385663067191587, 20.130907120737202 ], [ -98.385821116407683, 20.131258435560785 ], [ -98.386067547467121, 20.131500088300257 ], [ -98.386204720275089, 20.131662561538896 ], [ -98.38617782452917, 20.131723847233353 ], [ -98.386175763350025, 20.131728543283511 ], [ -98.385510287550446, 20.132513675179307 ], [ -98.385943177152043, 20.132933180119441 ], [ -98.386046063942032, 20.133267738723028 ], [ -98.385868801063793, 20.133344175170848 ], [ -98.38563702032917, 20.133433262297078 ], [ -98.385609451200864, 20.133523066190538 ], [ -98.38565882487778, 20.133866365703277 ], [ -98.385134226140778, 20.134137939334575 ], [ -98.384590088774672, 20.134621114713784 ], [ -98.384214758220736, 20.134972584726917 ], [ -98.384019077439504, 20.135051695012734 ], [ -98.383841625607332, 20.135006977056449 ], [ -98.383691868978687, 20.13505055112071 ], [ -98.383607144638901, 20.135200186722773 ], [ -98.383587685748438, 20.13539414843666 ], [ -98.383503054947283, 20.135517327071014 ], [ -98.383305832733981, 20.135745944039108 ], [ -98.383024436195271, 20.135983085113409 ], [ -98.382846142961299, 20.136150028662236 ], [ -98.382677177117074, 20.136325830203305 ], [ -98.382508305139936, 20.136475165542166 ], [ -98.382255747055609, 20.136509562893551 ], [ -98.382173791157015, 20.136624419079808 ], [ -98.382098141072859, 20.13684464025501 ], [ -98.381956894120563, 20.137099911641226 ], [ -98.381656761317529, 20.13734580597248 ], [ -98.381244427556211, 20.13759130555442 ], [ -98.38100983642309, 20.137810966676778 ], [ -98.380729622271417, 20.138110196509551 ], [ -98.380401155119273, 20.138426546914989 ], [ -98.38020465442878, 20.138469952040207 ], [ -98.380092499456154, 20.138460737096825 ], [ -98.380055485703167, 20.138363593021818 ], [ -98.380037413631399, 20.138204776516051 ], [ -98.379944442891727, 20.138072158935575 ], [ -98.379832542271473, 20.138001210355458 ], [ -98.379608127021072, 20.138009236582448 ], [ -98.379476890210739, 20.138096974071772 ], [ -98.379392161373758, 20.13824660234328 ], [ -98.37916680642472, 20.138492755371832 ], [ -98.378904680663013, 20.138580026362089 ], [ -98.378670851117889, 20.138605662726793 ], [ -98.378520566496931, 20.138781521275359 ], [ -98.378127817092761, 20.139168468803526 ], [ -98.377809525052953, 20.139273179199922 ], [ -98.377425409211583, 20.139474671515469 ], [ -98.377134539292598, 20.139738226653218 ], [ -98.376918880866739, 20.139896216969081 ], [ -98.376880575279401, 20.140125386757408 ], [ -98.376898609593766, 20.14029302408488 ], [ -98.376944547330368, 20.140496036254447 ], [ -98.376981104187578, 20.140707830598799 ], [ -98.376783200202382, 20.141104008726899 ], [ -98.376595618046395, 20.141253276478398 ], [ -98.376446689865077, 20.141508866879857 ], [ -98.375931195348997, 20.141833360954532 ], [ -98.375513600936969, 20.141831881611747 ], [ -98.375280607957066, 20.141645847030137 ], [ -98.37520640793943, 20.141495651290473 ], [ -98.375057731068509, 20.141265819318154 ], [ -98.374787797945984, 20.140964996381218 ], [ -98.374461243131634, 20.140796269552578 ], [ -98.374162241347364, 20.140751111716735 ], [ -98.373890906739661, 20.14080306458991 ], [ -98.373451142502205, 20.140889695329193 ], [ -98.373002349358202, 20.140896919656338 ], [ -98.372535141071623, 20.140833517417065 ], [ -98.372293010737678, 20.140594529881884 ], [ -98.372200468841925, 20.140356072674386 ], [ -98.37197865197696, 20.140356549592799 ], [ -98.371220665800067, 20.140587322043256 ], [ -98.370492227430404, 20.140708326964457 ], [ -98.369924658181546, 20.140651363829356 ], [ -98.36939976078402, 20.140611210802255 ], [ -98.36959520070701, 20.141494001456447 ], [ -98.369702092358509, 20.142055560607492 ], [ -98.369702061208841, 20.142155879624671 ], [ -98.369776666512323, 20.142435471942711 ], [ -98.369901550147191, 20.142595883004709 ], [ -98.370593773897212, 20.143147497600555 ], [ -98.37081968377791, 20.143366421581636 ], [ -98.37104484400254, 20.143815031315931 ], [ -98.37123929476401, 20.144415490942958 ], [ -98.371454075860015, 20.144837039175343 ], [ -98.371793519063061, 20.145436671905887 ], [ -98.372009525257894, 20.145812545682482 ], [ -98.372234853077984, 20.146261363430522 ], [ -98.372332192712193, 20.147062879953324 ], [ -98.372539208874528, 20.148573120982494 ], [ -98.372637388536532, 20.148872674500275 ], [ -98.372915227084761, 20.14936510532516 ], [ -98.373879825268858, 20.151436224839816 ], [ -98.374546851710946, 20.152897590547322 ], [ -98.374672921859997, 20.153205738322708 ], [ -98.375508396810716, 20.154932003681836 ], [ -98.376338823849466, 20.156609819555459 ], [ -98.376563428879223, 20.157021531518168 ], [ -98.377752811815327, 20.159567965649295 ], [ -98.378404781530676, 20.160903131544416 ], [ -98.378920577437285, 20.161855582879017 ], [ -98.379278839655555, 20.162582332954962 ], [ -98.379128651155725, 20.163564200986929 ], [ -98.378745946933719, 20.166145019297264 ], [ -98.378357362117754, 20.169467047597717 ], [ -98.37805874562423, 20.171588246493897 ], [ -98.377956876089314, 20.172249365071469 ], [ -98.377558931515935, 20.172896817082222 ], [ -98.37680530732105, 20.174323720652719 ], [ -98.376504965010952, 20.174834649005597 ], [ -98.374713290936256, 20.176619346084006 ], [ -98.374524950646801, 20.176945019392953 ], [ -98.37453268960401, 20.177350776461314 ], [ -98.374707523597323, 20.178065828586419 ], [ -98.374910805810813, 20.178683963410798 ], [ -98.374835041974691, 20.178922401435553 ], [ -98.374740848481139, 20.179089647736102 ], [ -98.374497345917803, 20.179176985329644 ], [ -98.373982937263008, 20.179183977179818 ], [ -98.372963828529549, 20.179109784034363 ], [ -98.372053953937268, 20.179124179102295 ], [ -98.371810555410775, 20.179185052817751 ], [ -98.371332951396738, 20.179342106270163 ], [ -98.370920682760428, 20.179534678819746 ], [ -98.370685957598994, 20.179763163420567 ], [ -98.370403936095357, 20.180123776690312 ], [ -98.368949680874024, 20.181274779479832 ], [ -98.368789916612428, 20.181468253940398 ], [ -98.368685752714356, 20.181785400882095 ], [ -98.368646997114084, 20.18212042852608 ], [ -98.368645967303877, 20.182376209898155 ], [ -98.36886011441058, 20.182615125626448 ], [ -98.369447016153856, 20.183446251264368 ], [ -98.36976526609638, 20.183983052561882 ], [ -98.370097531196876, 20.184657255797159 ], [ -98.370159089763689, 20.184840717611316 ], [ -98.369985648068678, 20.186777505334685 ], [ -98.369945208378709, 20.187744977704885 ], [ -98.370565556536476, 20.188886339257422 ], [ -98.370728027487942, 20.189067864899418 ], [ -98.371195836354758, 20.189465121691008 ], [ -98.371491260081214, 20.189694855284522 ], [ -98.372317215854522, 20.190422447116106 ], [ -98.372463921990857, 20.190821753049985 ], [ -98.372111391073773, 20.191374252248416 ], [ -98.37061857369163, 20.192569700918508 ], [ -98.370314260601916, 20.193003118303114 ], [ -98.36988205526103, 20.194417204287113 ], [ -98.369294500813069, 20.19597153042012 ], [ -98.368975161355877, 20.195894066675262 ], [ -98.368505870946507, 20.196062273960511 ], [ -98.368416277954694, 20.196347941579187 ], [ -98.368671498591809, 20.196720214624953 ], [ -98.369101432806232, 20.196397761697135 ], [ -98.369291235770376, 20.196611731728861 ], [ -98.368855937762987, 20.197000189780614 ], [ -98.368365723487301, 20.197038159819275 ], [ -98.368340556839172, 20.197474826752401 ], [ -98.368051256544746, 20.197247165865484 ], [ -98.367656167586148, 20.197458076196355 ], [ -98.367741696373599, 20.198556734460048 ], [ -98.367892182807495, 20.200972546295112 ], [ -98.367391298844751, 20.204763128549548 ], [ -98.372381416614104, 20.20506548383603 ], [ -98.375191122630255, 20.205232160588331 ], [ -98.375144066018152, 20.208947872135795 ], [ -98.373048840704129, 20.209041787232838 ], [ -98.369179682235753, 20.208685784206303 ], [ -98.368437635092036, 20.20842168732143 ], [ -98.367130066452546, 20.208332898932095 ], [ -98.366787492775799, 20.208513846742644 ], [ -98.365340219224635, 20.208785976815733 ], [ -98.36445147011429, 20.209009321653742 ], [ -98.361789746285766, 20.207279411647363 ], [ -98.361769929652283, 20.207265481549666 ], [ -98.361671789616153, 20.207196490332823 ], [ -98.36174794211928, 20.20697235384565 ], [ -98.36118234471131, 20.207092786168744 ], [ -98.360629245205004, 20.206179785004217 ], [ -98.361199962138301, 20.206176515711068 ], [ -98.361233814278762, 20.205874006015389 ], [ -98.361252305312078, 20.205752991952636 ], [ -98.3602686514363, 20.205888564344505 ], [ -98.360127357805553, 20.20590803773031 ], [ -98.35991726877738, 20.204951391623997 ], [ -98.359906610368611, 20.204902856340372 ], [ -98.359450657591395, 20.204906694591102 ], [ -98.359429071372332, 20.204790860645002 ], [ -98.359352640838523, 20.204304706533819 ], [ -98.358140065037915, 20.204233842509375 ], [ -98.357643199840808, 20.204641303574967 ], [ -98.357631941922364, 20.20465053538646 ], [ -98.357532496178933, 20.204489715034505 ], [ -98.357456578741989, 20.20444355097807 ], [ -98.357134335571828, 20.203624033963962 ], [ -98.357097867551929, 20.20353129070503 ], [ -98.355619231038318, 20.203808137510343 ], [ -98.355593908454424, 20.201892038202939 ], [ -98.354679540256384, 20.202067514099035 ], [ -98.354609355315219, 20.202225480316304 ], [ -98.354535182987021, 20.202173355989284 ], [ -98.352410194397152, 20.200680001018341 ], [ -98.345314976018727, 20.195724548984931 ], [ -98.340554964995974, 20.192361409233278 ], [ -98.335790968578564, 20.188979344442668 ], [ -98.3337428671434, 20.188183199854127 ], [ -98.333741109954872, 20.188196258981172 ], [ -98.333618350725146, 20.189108772426096 ], [ -98.333439315039413, 20.190211243499508 ], [ -98.332373043365024, 20.195810132679494 ], [ -98.331680732134558, 20.199339223920827 ], [ -98.330971163500351, 20.202833747353434 ], [ -98.33082143862471, 20.203574375747483 ], [ -98.330516659383633, 20.205054354828757 ], [ -98.330206097933655, 20.206506027578396 ], [ -98.330198524669271, 20.206700138984072 ], [ -98.330189135320964, 20.206940823278206 ], [ -98.329443210068661, 20.206512540108498 ], [ -98.328313874172267, 20.20575820122875 ], [ -98.326457512046915, 20.204633744733862 ], [ -98.325152728115796, 20.203774655434788 ], [ -98.324424002914299, 20.203330156829395 ], [ -98.324181969471894, 20.203184210233104 ], [ -98.322659032377103, 20.202265858665069 ], [ -98.321278177809617, 20.201354508866736 ], [ -98.320187829460536, 20.200605551220836 ], [ -98.319616338781984, 20.200212989650844 ], [ -98.319407527148115, 20.20007640275157 ], [ -98.318247030581674, 20.199301152629189 ], [ -98.316789966813133, 20.198356930442291 ], [ -98.314597507167818, 20.196936099410408 ], [ -98.314227697487155, 20.196577777877 ], [ -98.314140697294121, 20.196493479200726 ], [ -98.314056561435081, 20.196411956495339 ], [ -98.310942286558884, 20.193373423058418 ], [ -98.301822837813518, 20.205294009617198 ], [ -98.301578889830836, 20.205591083341137 ], [ -98.301507780388306, 20.205165574792453 ], [ -98.301370280324775, 20.204902058680194 ], [ -98.301198388897021, 20.204636843329208 ], [ -98.300948665137909, 20.204427603432272 ], [ -98.300704531958232, 20.204302809845629 ], [ -98.300490039160252, 20.204223159715948 ], [ -98.300162430209397, 20.204081146807052 ], [ -98.300029208545268, 20.204017030103305 ], [ -98.300054291305727, 20.203880692972735 ], [ -98.299974536644456, 20.203673326143523 ], [ -98.29991229544278, 20.20345027558173 ], [ -98.299827524642467, 20.203113894578514 ], [ -98.299372110065917, 20.202919564626928 ], [ -98.299206337768865, 20.202643091645854 ], [ -98.299039868721763, 20.202523694288178 ], [ -98.298589635184726, 20.202782434000166 ], [ -98.297675445756127, 20.203565237646195 ], [ -98.297645335950222, 20.203593375755318 ], [ -98.295980232804069, 20.205279222524513 ], [ -98.289367147846846, 20.212298495153128 ] ] ] } }
]
}
